#pragma once
#include <pgmspace.h>
#define ICON_W 56
#define ICON_H 56
#define ICON_TRANSP 0xF81F

// 56x56 RGB565
const uint16_t icon_chrome[3136] PROGMEM = {
  0xF81F, 0xF81F, 0xF81F, 0xF81F, 0xF81F, 0xF81F, 0xF81F, 0xF81F,
  0xF81F, 0xF81F, 0xF81F, 0xF81F, 0xF81F, 0xF81F, 0xF81F, 0xF81F,
  0xF81F, 0xF81F, 0xF81F, 0xF81F, 0xF81F, 0xF81F, 0xF81F, 0xF81F,
  0xF81F, 0xF81F, 0xF81F, 0xF81F, 0xF81F, 0xF81F, 0xF81F, 0xF81F,
  0xF81F, 0xF81F, 0xF81F, 0xF81F, 0xF81F, 0xF81F, 0xF81F, 0xF81F,
  0xF81F, 0xF81F, 0xF81F, 0xF81F, 0xF81F, 0xF81F, 0xF81F, 0xF81F,
  0xF81F, 0xF81F, 0xF81F, 0xF81F, 0xF81F, 0xF81F, 0xF81F, 0xF81F,
  0xF81F, 0xF81F, 0xF81F, 0xF81F, 0xF81F, 0xF81F, 0xF81F, 0xF81F,
  0xF81F, 0xF81F, 0xF81F, 0xF81F, 0xF81F, 0xF81F, 0xF81F, 0xF81F,
  0xF81F, 0xF81F, 0xF81F, 0xF81F, 0xF81F, 0xF81F, 0xF81F, 0xF81F,
  0xF81F, 0xF81F, 0xF81F, 0xF81F, 0xF81F, 0xF81F, 0xF81F, 0xF81F,
  0xF81F, 0xF81F, 0xF81F, 0xF81F, 0xF81F, 0xF81F, 0xF81F, 0xF81F,
  0xF81F, 0xF81F, 0xF81F, 0xF81F, 0xF81F, 0xF81F, 0xF81F, 0xF81F,
  0xF81F, 0xF81F, 0xF81F, 0xF81F, 0xF81F, 0xF81F, 0xF81F, 0xF81F,
  0xF81F, 0xF81F, 0xF81F, 0xF81F, 0xF81F, 0xF81F, 0xF81F, 0xF81F,
  0xF81F, 0xF81F, 0xF81F, 0xF81F, 0xF81F, 0xF81F, 0xF81F, 0xF81F,
  0xF81F, 0xF81F, 0xF81F, 0xF81F, 0xF81F, 0xF81F, 0xF81F, 0xE1A5,
  0xE1C5, 0xE1C5, 0xE1C5, 0xE1C5, 0xE1C5, 0xE1C5, 0xE1C5, 0xE1C5,
  0xE1C6, 0xF81F, 0xF81F, 0xF81F, 0xF81F, 0xF81F, 0xF81F, 0xF81F,
  0xF81F, 0xF81F, 0xF81F, 0xF81F, 0xF81F, 0xF81F, 0xF81F, 0xF81F,
  0xF81F, 0xF81F, 0xF81F, 0xF81F, 0xF81F, 0xF81F, 0xF81F, 0xF81F,
  0xF81F, 0xF81F, 0xF81F, 0xF81F, 0xF81F, 0xF81F, 0xF81F, 0xF81F,
  0xF81F, 0xF81F, 0xF81F, 0xF81F, 0xF81F, 0xF81F, 0xF81F, 0xF81F,
  0xF81F, 0xF81F, 0xF81F, 0xD9A5, 0xE1A5, 0xD9A5, 0xE9C5, 0xF1C5,
  0xE9C5, 0xE1C5, 0xE1C5, 0xE1C5, 0xE1C5, 0xE1C5, 0xE1C5, 0xE9E6,
  0xF1E6, 0xF1E6, 0xE1E5, 0xE1E6, 0xE1E6, 0xF81F, 0xF81F, 0xF81F,
  0xF81F, 0xF81F, 0xF81F, 0xF81F, 0xF81F, 0xF81F, 0xF81F, 0xF81F,
  0xF81F, 0xF81F, 0xF81F, 0xF81F, 0xF81F, 0xF81F, 0xF81F, 0xF81F,
  0xF81F, 0xF81F, 0xF81F, 0xF81F, 0xF81F, 0xF81F, 0xF81F, 0xF81F,
  0xF81F, 0xF81F, 0xF81F, 0xF81F, 0xF81F, 0xF81F, 0xF81F, 0xF81F,
  0xF81F, 0xD9A5, 0xD9A5, 0xE9C5, 0xE9C5, 0xD9A5, 0xD9A5, 0xE1A5,
  0xE1C5, 0xE1C5, 0xE1C5, 0xE1C5, 0xE1C5, 0xE1C5, 0xE1C5, 0xE1C5,
  0xE1C5, 0xE1E5, 0xE1E5, 0xE9E6, 0xF206, 0xE1E6, 0xE1E6, 0xF81F,
  0xF81F, 0xF81F, 0xF81F, 0xF81F, 0xF81F, 0xF81F, 0xF81F, 0xF81F,
  0xF81F, 0xF81F, 0xF81F, 0xF81F, 0xF81F, 0xF81F, 0xF81F, 0xF81F,
  0xF81F, 0xF81F, 0xF81F, 0xF81F, 0xF81F, 0xF81F, 0xF81F, 0xF81F,
  0xF81F, 0xF81F, 0xF81F, 0xF81F, 0xF81F, 0xF81F, 0xF81F, 0xD985,
  0xD9A5, 0xE9A5, 0xD9A5, 0xD9A5, 0xD9A5, 0xD9A5, 0xD9A5, 0xE1A5,
  0xE1C5, 0xE1C5, 0xE1C5, 0xE1C5, 0xE1C5, 0xE1C5, 0xE1C5, 0xE1C5,
  0xE1C5, 0xE1E5, 0xE1C5, 0xE1E5, 0xE1E6, 0xE1E6, 0xF206, 0xE1E6,
  0xE1E6, 0xF81F, 0xF81F, 0xF81F, 0xF81F, 0xF81F, 0xF81F, 0xF81F,
  0xF81F, 0xF81F, 0xF81F, 0xF81F, 0xF81F, 0xF81F, 0xF81F, 0xF81F,
  0xF81F, 0xF81F, 0xF81F, 0xF81F, 0xF81F, 0xF81F, 0xF81F, 0xF81F,
  0xF81F, 0xF81F, 0xF81F, 0xF81F, 0xF81F, 0xD985, 0xD9A5, 0xE1A5,
  0xD9A5, 0xD9A5, 0xD9A5, 0xD9A5, 0xD9A5, 0xD9A5, 0xD9A5, 0xE1A5,
  0xE1C5, 0xE1C5, 0xE1C5, 0xE1C5, 0xE1C5, 0xE1C5, 0xE1C5, 0xE1C5,
  0xE1C5, 0xE1E5, 0xE1E5, 0xE1E6, 0xE1E6, 0xE1E6, 0xE1E6, 0xE1E6,
  0xEA06, 0xEA06, 0xE9E6, 0xF81F, 0xF81F, 0xF81F, 0xF81F, 0xF81F,
  0xF81F, 0xF81F, 0xF81F, 0xF81F, 0xF81F, 0xF81F, 0xF81F, 0xF81F,
  0xF81F, 0xF81F, 0xF81F, 0xF81F, 0xF81F, 0xF81F, 0xF81F, 0xF81F,
  0xF81F, 0xF81F, 0xF81F, 0xF81F, 0xD984, 0xE1A5, 0xD9A5, 0xD9A5,
  0xD9A5, 0xD9A5, 0xD9A5, 0xD9A5, 0xD9A5, 0xD9A5, 0xD9A5, 0xE1A5,
  0xE1C5, 0xE1C5, 0xE1C5, 0xE1C5, 0xE1C5, 0xE1C5, 0xE1C5, 0xE1C5,
  0xE1C5, 0xE1E5, 0xE1E5, 0xE1E6, 0xE1E6, 0xE1E6, 0xE1E6, 0xE1E6,
  0xE1E6, 0xE9E6, 0xEA06, 0xEA06, 0xF81F, 0xF81F, 0xF81F, 0xF81F,
  0xF81F, 0xF81F, 0xF81F, 0xF81F, 0xF81F, 0xF81F, 0xF81F, 0xF81F,
  0xF81F, 0xF81F, 0xF81F, 0xF81F, 0xF81F, 0xF81F, 0xF81F, 0xF81F,
  0xF81F, 0xF81F, 0xF81F, 0xD984, 0xE1A5, 0xD984, 0xD9A5, 0xD9A5,
  0xD9A5, 0xD9A5, 0xD9A5, 0xD9A5, 0xD9A5, 0xD9A5, 0xD9A5, 0xE1A5,
  0xE1C5, 0xE1C5, 0xE1C5, 0xE1C5, 0xE1C5, 0xE1C5, 0xE1C5, 0xE1C5,
  0xE1C5, 0xE1E5, 0xE1E5, 0xE1E6, 0xE1E6, 0xE1E6, 0xE1E6, 0xE1E6,
  0xE1E6, 0xE1E6, 0xE1E6, 0xF206, 0xEA06, 0xF81F, 0xF81F, 0xF81F,
  0xF81F, 0xF81F, 0xF81F, 0xF81F, 0xF81F, 0xF81F, 0xF81F, 0xF81F,
  0xF81F, 0xF81F, 0xF81F, 0xF81F, 0xF81F, 0xF81F, 0xF81F, 0xF81F,
  0xF81F, 0xF81F, 0xD984, 0xE1A5, 0xD984, 0xD985, 0xD9A5, 0xD9A5,
  0xD9A5, 0xD9A5, 0xD9A5, 0xD9A5, 0xD9A5, 0xD9A5, 0xD9A5, 0xE1A5,
  0xE1C5, 0xE1C5, 0xE1C5, 0xE1C5, 0xE1C5, 0xE1C5, 0xE1C5, 0xE1C5,
  0xE1C5, 0xE1E5, 0xE1E5, 0xE1E6, 0xE1E6, 0xE1E6, 0xE1E6, 0xE1E6,
  0xE1E6, 0xE1E6, 0xE206, 0xE1E6, 0xEA06, 0xEA06, 0xF81F, 0xF81F,
  0xF81F, 0xF81F, 0xF81F, 0xF81F, 0xF81F, 0xF81F, 0xF81F, 0xF81F,
  0xF81F, 0xF81F, 0xF81F, 0xF81F, 0xF81F, 0xF81F, 0xF81F, 0xF81F,
  0xF81F, 0xE1A4, 0xD985, 0xD984, 0xD985, 0xD985, 0xD9A5, 0xD9A5,
  0xD9A5, 0xD9A5, 0xD9A5, 0xD9A5, 0xD9A5, 0xD9A5, 0xD9A5, 0xE1A5,
  0xE1C5, 0xE1C5, 0xE1C5, 0xE1C5, 0xE1C5, 0xE1C5, 0xE1C5, 0xE1C5,
  0xE1C5, 0xE1E5, 0xE1E5, 0xE1E6, 0xE1E6, 0xE1E6, 0xE1E6, 0xE1E6,
  0xE1E6, 0xE1E6, 0xE1E6, 0xEA06, 0xE206, 0xEA06, 0xF206, 0xF81F,
  0xF81F, 0xF81F, 0xF81F, 0xF81F, 0xF81F, 0xF81F, 0xF81F, 0xF81F,
  0xF81F, 0xF81F, 0xF81F, 0xF81F, 0xF81F, 0xF81F, 0xF81F, 0xF81F,
  0xE184, 0xE1A4, 0xD984, 0xD984, 0xD985, 0xD985, 0xD9A5, 0xD9A5,
  0xD9A5, 0xD9A5, 0xD9A5, 0xD9A5, 0xD9A5, 0xD9A5, 0xD9A5, 0xE1A5,
  0xE1C5, 0xE1C5, 0xE1C5, 0xE1C5, 0xE1C5, 0xE1C5, 0xE1C5, 0xE1C5,
  0xE1C5, 0xE1E5, 0xE1E5, 0xE1E6, 0xE1E6, 0xE1E6, 0xE1E6, 0xE1E6,
  0xE1E6, 0xE1E6, 0xE206, 0xE206, 0xEA06, 0xE206, 0xF206, 0xF226,
  0xF81F, 0xF81F, 0xF81F, 0xF81F, 0xF81F, 0xF81F, 0xF81F, 0xF81F,
  0xF81F, 0xF81F, 0xF81F, 0xF81F, 0xF81F, 0xF81F, 0xF81F, 0xD984,
  0xE184, 0xD984, 0xD984, 0xD984, 0xD985, 0xD985, 0xD9A5, 0xD9A5,
  0xD9A5, 0xD9A5, 0xD9A5, 0xD9A5, 0xD9A5, 0xD9A5, 0xD9A5, 0xE1A5,
  0xE1C5, 0xE1C5, 0xE1C5, 0xE1C5, 0xE1C5, 0xE1C5, 0xE1C5, 0xE1C5,
  0xE1E5, 0xE1E5, 0xE1E5, 0xE1E6, 0xE1E6, 0xE1E6, 0xE1E6, 0xE1E6,
  0xE1E6, 0xE1E6, 0xE206, 0xE206, 0xEA06, 0xEA06, 0xE206, 0xF226,
  0xEA06, 0xF81F, 0xF81F, 0xF81F, 0xF81F, 0xF81F, 0xF81F, 0xF81F,
  0xF81F, 0xF81F, 0xF81F, 0xF81F, 0xF81F, 0xF81F, 0xD184, 0xE184,
  0xD984, 0xD984, 0xD984, 0xD984, 0xD985, 0xD985, 0xD9A5, 0xD9A5,
  0xD9A5, 0xD9A5, 0xD9A5, 0xD9A5, 0xD9A5, 0xD9A5, 0xD9C5, 0xE1C5,
  0xE1C5, 0xE1A5, 0xE1A5, 0xE1A5, 0xE1A5, 0xE1A5, 0xE1A5, 0xE1C6,
  0xE1C6, 0xE1C6, 0xE1C6, 0xE1C6, 0xE1C6, 0xE1C6, 0xE1C6, 0xE1C6,
  0xE1E6, 0xE1E6, 0xE1E6, 0xE1E6, 0xE9E6, 0xE9E6, 0xE9E6, 0xE9E6,
  0xF206, 0xE9E7, 0xF81F, 0xF81F, 0xF81F, 0xF81F, 0xF81F, 0xF81F,
  0xF81F, 0xF81F, 0xF81F, 0xF81F, 0xF81F, 0xF81F, 0xD964, 0xD984,
  0xD984, 0xD984, 0xD984, 0xD984, 0xD985, 0xD985, 0xD9A5, 0xD9A5,
  0xD9A5, 0xD9A5, 0xD9A5, 0xD9A5, 0xD9A5, 0xE1C5, 0xD985, 0xD964,
  0xD964, 0xD984, 0xE1E6, 0xE227, 0xE227, 0xE226, 0xE204, 0xE203,
  0xE204, 0xE205, 0xE226, 0xE225, 0xE225, 0xE225, 0xE225, 0xE225,
  0xE245, 0xE245, 0xEA45, 0xEA46, 0xEA46, 0xEA46, 0xEA45, 0xEA46,
  0xEA46, 0xEA46, 0xF81F, 0xF81F, 0xF81F, 0xF81F, 0xF81F, 0xF81F,
  0xF81F, 0xF81F, 0xF81F, 0xF81F, 0xF81F, 0x7BA8, 0xD9A5, 0xD964,
  0xD984, 0xD984, 0xD984, 0xD984, 0xD985, 0xD985, 0xD9A5, 0xD9A5,
  0xD9A5, 0xD9A5, 0xD9A5, 0xD9C5, 0xD9A5, 0xD943, 0xD9A5, 0xE30B,
  0xECB1, 0xF5F7, 0xF6DB, 0xF73D, 0xFF5C, 0xF71B, 0xF6D6, 0xF670,
  0xFDE8, 0xFD81, 0xFD60, 0xFD81, 0xFD82, 0xFD81, 0xFD81, 0xFD81,
  0xFD81, 0xFD81, 0xFD81, 0xFD81, 0xFD81, 0xFD81, 0xFD81, 0xFD81,
  0xFD81, 0xFDA1, 0xFD61, 0xF81F, 0xF81F, 0xF81F, 0xF81F, 0xF81F,
  0xF81F, 0xF81F, 0xF81F, 0xF81F, 0xF81F, 0x25AB, 0xA2C6, 0xE124,
  0xD984, 0xD984, 0xD984, 0xD984, 0xD985, 0xD985, 0xD9A5, 0xD9A5,
  0xD9A5, 0xD9A5, 0xD9C5, 0xD984, 0xD943, 0xE34C, 0xF5F7, 0xFFFF,
  0xFFFF, 0xFFFF, 0xFFFF, 0xFFFF, 0xFFFF, 0xFFFF, 0xFFFF, 0xFFFF,
  0xFFFF, 0xFF76, 0xFE89, 0xFDE0, 0xFE00, 0xFE21, 0xFE01, 0xFE01,
  0xFE01, 0xFE01, 0xFE00, 0xFE00, 0xFE00, 0xFE00, 0xFE00, 0xFE00,
  0xFDE0, 0xFE00, 0xFE00, 0xF81F, 0xF81F, 0xF81F, 0xF81F, 0xF81F,
  0xF81F, 0xF81F, 0xF81F, 0xF81F, 0x3D2A, 0x35AB, 0x44C9, 0xD1A4,
  0xD964, 0xD984, 0xD984, 0xD984, 0xD985, 0xD985, 0xD9A5, 0xD9A5,
  0xD984, 0xD9C5, 0xD964, 0xD9C5, 0xF554, 0xFFDF, 0xFFFF, 0xFFFF,
  0xE77F, 0xB69E, 0x95FE, 0x859E, 0x859E, 0x95FE, 0xB69E, 0xE77F,
  0xFFFF, 0xFFFF, 0xFFDF, 0xFF12, 0xFDE2, 0xFDC0, 0xFDE2, 0xFDE1,
  0xFDE1, 0xFDE1, 0xFDE1, 0xFDC1, 0xFDC1, 0xFDC1, 0xFDC0, 0xFDC0,
  0xFDC0, 0xFDC0, 0xFE20, 0xFDE0, 0xF81F, 0xF81F, 0xF81F, 0xF81F,
  0xF81F, 0xF81F, 0xF81F, 0xF81F, 0x352A, 0x352A, 0x258A, 0x8367,
  0xE924, 0xD1A4, 0xD984, 0xD984, 0xD985, 0xD985, 0xD9A5, 0xD984,
  0xD9C5, 0xD964, 0xE206, 0xF638, 0xFFFF, 0xFFFF, 0xE77F, 0x7D7E,
  0x3C3D, 0x1B9D, 0x0B5C, 0x0B5C, 0x0B5C, 0x0B5C, 0x1B9D, 0x3C3D,
  0x7D9E, 0xE77E, 0xFFFF, 0xFFFF, 0xFF76, 0xFE03, 0xFDE0, 0xFE02,
  0xFDE1, 0xFDE1, 0xFDE1, 0xFDE1, 0xFDE1, 0xFDE1, 0xFDE0, 0xFDE1,
  0xFDE0, 0xFDE0, 0xFDE0, 0xFDC0, 0xF81F, 0xF81F, 0xF81F, 0xF81F,
  0xF81F, 0xF81F, 0xF81F, 0x354A, 0x358A, 0x352A, 0x352A, 0x350A,
  0xC205, 0xE164, 0xD9A5, 0xD984, 0xD985, 0xD985, 0xD9A4, 0xD9A5,
  0xD964, 0xD9C5, 0xF618, 0xFFFF, 0xFFFF, 0xB67E, 0x2BFD, 0x0B5C,
  0x0B7C, 0x139C, 0x1BBD, 0x1BBD, 0x1BBD, 0x1BBD, 0x139C, 0x0B7C,
  0x0B5C, 0x2BFD, 0xB67E, 0xFFFF, 0xFFFF, 0xFF76, 0xFDE2, 0xFDE1,
  0xFDE2, 0xFDE1, 0xFDE1, 0xFDE1, 0xFDE1, 0xFDE1, 0xFDE1, 0xFDE1,
  0xFDE1, 0xFDE0, 0xFDC0, 0xFE40, 0xFDE0, 0xF81F, 0xF81F, 0xF81F,
  0xF81F, 0xF81F, 0xF81F, 0x352A, 0x356A, 0x352A, 0x352A, 0x256A,
  0x6BE8, 0xE144, 0xD984, 0xD984, 0xD985, 0xD985, 0xD9A5, 0xD9A5,
  0xD943, 0xED54, 0xFFFF, 0xFFFF, 0x9E1E, 0x137C, 0x0B7C, 0x1BBD,
  0x1BBD, 0x1BBD, 0x1BBD, 0x1B9D, 0x1B9D, 0x1BBD, 0x1BBD, 0x1BBD,
  0x1BBD, 0x0B7C, 0x137C, 0x9E1E, 0xFFFF, 0xFFFF, 0xFF12, 0xFDC0,
  0xFDE1, 0xFDE1, 0xFDE1, 0xFDE1, 0xFDE1, 0xFDE1, 0xFDE1, 0xFDE1,
  0xFDE1, 0xFDE1, 0xFDE1, 0xFE20, 0xFDE0, 0xF81F, 0xF81F, 0xF81F,
  0xF81F, 0xF81F, 0xF81F, 0x352A, 0x352A, 0x352A, 0x352A, 0x352A,
  0x2D2A, 0xAA86, 0xE944, 0xD1A5, 0xD985, 0xD985, 0xD9A5, 0xD923,
  0xE34C, 0xFFDF, 0xFFFF, 0xB67E, 0x137C, 0x139D, 0x1BBD, 0x1B9D,
  0x1B9D, 0x1B9D, 0x1B9D, 0x1B9D, 0x1B9D, 0x1B9D, 0x1B9D, 0x1B9D,
  0x1B9D, 0x1BBD, 0x139D, 0x137C, 0xB67E, 0xFFFF, 0xFFFF, 0xFE69,
  0xFDC0, 0xFE02, 0xFDE1, 0xFDE1, 0xFDE1, 0xFDE1, 0xFDE1, 0xFDE1,
  0xFDE1, 0xFDE1, 0xFDE1, 0xFDE1, 0xFDE0, 0xF81F, 0xF81F, 0xF81F,
  0xF81F, 0xF81F, 0xF81F, 0x356A, 0x352A, 0x352A, 0x352A, 0x3509,
  0x256A, 0x5468, 0xD985, 0xD984, 0xD9A5, 0xD9A5, 0xD984, 0xD984,
  0xF617, 0xFFFF, 0xE77F, 0x2BFD, 0x0B7C, 0x1BBD, 0x1B9D, 0x1B9D,
  0x1B9D, 0x1B9D, 0x1B9D, 0x1B9D, 0x1B9D, 0x1B9D, 0x1B9D, 0x1B9D,
  0x1B9D, 0x1B9D, 0x1BBD, 0x0B7C, 0x2BFD, 0xE77E, 0xFFFF, 0xFF56,
  0xFDE1, 0xFDE1, 0xFDE2, 0xFDE1, 0xFDE1, 0xFDE1, 0xFDE1, 0xFDE1,
  0xFDE1, 0xFDE1, 0xFDE1, 0xFDE1, 0xFE41, 0xF81F, 0xF81F, 0xF81F,
  0xF81F, 0xF81F, 0x352A, 0x358A, 0x352A, 0x352A, 0x352A, 0x3509,
  0x3509, 0x254A, 0x9307, 0xE944, 0xD9A5, 0xD9A5, 0xD943, 0xE2EA,
  0xFFBF, 0xFFFF, 0x7D7E, 0x0B5C, 0x1BBD, 0x1BBD, 0x1B9D, 0x1B9D,
  0x1B9D, 0x1B9D, 0x1B9D, 0x1B9D, 0x1B9D, 0x1B9D, 0x1B9D, 0x1B9D,
  0x1B9D, 0x1B9D, 0x1BBD, 0x1BBD, 0x0B5C, 0x7D9E, 0xFFFF, 0xFFDE,
  0xFE67, 0xFDC0, 0xFE02, 0xFDE1, 0xFDE1, 0xFDE1, 0xFDE1, 0xFDE1,
  0xFDE1, 0xFDE1, 0xFDE1, 0xFDE1, 0xFE41, 0xFDE1, 0xF81F, 0xF81F,
  0xF81F, 0xF81F, 0x352A, 0x354A, 0x3509, 0x352A, 0x352A, 0x3529,
  0x3509, 0x254A, 0x44A9, 0xC9E5, 0xE164, 0xD9A5, 0xD943, 0xEC91,
  0xFFFF, 0xE77F, 0x3C3D, 0x0B7C, 0x1BBD, 0x1B9D, 0x1B9D, 0x1B9D,
  0x1B9D, 0x1B9D, 0x1B9D, 0x1B9D, 0x1B9D, 0x1B9D, 0x1B9D, 0x1B9D,
  0x1B9D, 0x1B9D, 0x1B9D, 0x1BBD, 0x0B7C, 0x3C3D, 0xEF7F, 0xFFFF,
  0xFECF, 0xFDC0, 0xFDE2, 0xFDE2, 0xFDE1, 0xFDE1, 0xFDE1, 0xFDE1,
  0xFDE1, 0xFDE1, 0xFDE1, 0xFDE1, 0xFE21, 0xFDE1, 0xF81F, 0xF81F,
  0xF81F, 0xF81F, 0x352A, 0x352A, 0x2D29, 0x3529, 0x3509, 0x3509,
  0x2D09, 0x34E9, 0x256A, 0x7B67, 0xE164, 0xD984, 0xD964, 0xF5F7,
  0xFFFF, 0xB69E, 0x1B9D, 0x139D, 0x1BBD, 0x1B9D, 0x1B9D, 0x1B9D,
  0x1B9D, 0x1B9D, 0x1B9D, 0x1B9D, 0x1B9D, 0x1B9D, 0x1B9D, 0x1B9D,
  0x1B9D, 0x1B9D, 0x1B9D, 0x1BBD, 0x139D, 0x1B9D, 0xB69E, 0xFFFF,
  0xFF56, 0xFDE1, 0xFDE1, 0xFDE2, 0xFDE2, 0xFDE1, 0xFDE1, 0xFDE1,
  0xFDE1, 0xFDE1, 0xFDE1, 0xFDE1, 0xFE01, 0xFDE1, 0xF81F, 0xF81F,
  0xF81F, 0xF81F, 0x2D29, 0x352A, 0x2D09, 0x3509, 0x2D09, 0x2D09,
  0x2D09, 0x3509, 0x2D09, 0x2D09, 0xBA25, 0xE144, 0xD9C5, 0xF6DB,
  0xFFFF, 0x95FE, 0x0B5C, 0x1BBD, 0x1BBD, 0x1B9D, 0x1B9D, 0x1B9D,
  0x1B9D, 0x1B9D, 0x1B9D, 0x1B9D, 0x1B9D, 0x1B9D, 0x1B9D, 0x1B9D,
  0x1B9D, 0x1B9D, 0x1B9D, 0x1BBD, 0x1BBD, 0x0B5C, 0x961E, 0xFFFF,
  0xFF9A, 0xFE02, 0xFDE1, 0xFE02, 0xFDE2, 0xFDE2, 0xFDE1, 0xFDE1,
  0xFDE1, 0xFDE1, 0xFDE1, 0xFDE1, 0xFE01, 0xFDE1, 0xF81F, 0xF81F,
  0xF81F, 0xF81F, 0x3509, 0x352A, 0x2D09, 0x2D09, 0x2D09, 0x2D09,
  0x2D09, 0x2D09, 0x34E9, 0x254A, 0x6408, 0xE144, 0xDA06, 0xF73C,
  0xFFFF, 0x859E, 0x0B5C, 0x1BBD, 0x1B9D, 0x1B9D, 0x1B9D, 0x1B9D,
  0x1B9D, 0x1B9D, 0x1B9D, 0x1B9D, 0x1B9D, 0x1B9D, 0x1B9D, 0x1B9D,
  0x1B9D, 0x1B9D, 0x1B9D, 0x1B9D, 0x1BBD, 0x0B5C, 0x85BE, 0xFFFF,
  0xFFBC, 0xFE04, 0xFDE1, 0xFE02, 0xFE02, 0xFE02, 0xFDE2, 0xFDE2,
  0xFDE1, 0xFDE1, 0xFDE1, 0xFE01, 0xFE01, 0xFDE1, 0xF81F, 0xF81F,
  0xF81F, 0xF81F, 0x3529, 0x352A, 0x2D09, 0x2D09, 0x2D09, 0x2D09,
  0x2D09, 0x2D09, 0x2D09, 0x2CE9, 0x2549, 0xA265, 0xE9C6, 0xF73C,
  0xFFFF, 0x859E, 0x0B5C, 0x1BBD, 0x1B9D, 0x1B9D, 0x1B9D, 0x1B9D,
  0x1B9D, 0x1B9D, 0x1B9D, 0x1B9D, 0x1B9D, 0x1B9D, 0x1B9D, 0x1B9D,
  0x1B9D, 0x1B9D, 0x1B9D, 0x1B9D, 0x1BBD, 0x0B5C, 0x85BE, 0xFFFF,
  0xFFBC, 0xFE04, 0xFDE1, 0xFE02, 0xFE02, 0xFE02, 0xFE02, 0xFDE2,
  0xFDE2, 0xFDE2, 0xFDE1, 0xFDE1, 0xFE01, 0xFDE1, 0xF81F, 0xF81F,
  0xF81F, 0xF81F, 0x2D09, 0x2D29, 0x2D09, 0x2D09, 0x2D09, 0x2D09,
  0x2D09, 0x2D09, 0x2D09, 0x34E9, 0x2529, 0x4C48, 0xD9C5, 0xF6DB,
  0xFFFF, 0x95FE, 0x0B5C, 0x1BBD, 0x1BBD, 0x1B9D, 0x1B9D, 0x1B9D,
  0x1B9D, 0x1B9D, 0x1B9D, 0x1B9D, 0x1B9D, 0x1B9D, 0x1B9D, 0x1B9D,
  0x1B9D, 0x1B9D, 0x1B9D, 0x1BBD, 0x1BBD, 0x0B5C, 0x961E, 0xFFFF,
  0xFF9A, 0xFE03, 0xFE02, 0xFE02, 0xFE02, 0xFE02, 0xFE02, 0xFE02,
  0xFDE2, 0xFDE2, 0xFDE2, 0xFDE1, 0xFE01, 0xFDE1, 0xF81F, 0xF81F,
  0xF81F, 0xF81F, 0x3509, 0x352A, 0x2D09, 0x2D09, 0x2D09, 0x2D09,
  0x2D09, 0x2D09, 0x2D09, 0x2D09, 0x2CE9, 0x1D29, 0x8AE6, 0xFD97,
  0xFFFF, 0xB69E, 0x1B9D, 0x139D, 0x1BBD, 0x1B9D, 0x1B9D, 0x1B9D,
  0x1B9D, 0x1B9D, 0x1B9D, 0x1B9D, 0x1B9D, 0x1B9D, 0x1B9D, 0x1B9D,
  0x1B9D, 0x1B9D, 0x1B9D, 0x1BBD, 0x139D, 0x1B9D, 0xB69E, 0xFFFF,
  0xFF56, 0xFDE2, 0xFE02, 0xFE02, 0xFE02, 0xFE02, 0xFE02, 0xFE02,
  0xFE02, 0xFE02, 0xFDE2, 0xFDE2, 0xFE22, 0xFDE1, 0xF81F, 0xF81F,
  0xF81F, 0xF81F, 0x2D09, 0x2D4A, 0x2CE9, 0x2D09, 0x2D09, 0x2D09,
  0x2D09, 0x2CE9, 0x2CE9, 0x2CE9, 0x2CE9, 0x2509, 0x3447, 0xDCF2,
  0xFFFF, 0xE77F, 0x3C3D, 0x0B7C, 0x1BBD, 0x1B9D, 0x1B9D, 0x1B9D,
  0x1B9D, 0x1B9D, 0x1B9D, 0x1B9D, 0x1B9D, 0x1B9D, 0x1B9D, 0x1B9D,
  0x1B9D, 0x1B9D, 0x1B9D, 0x1BBD, 0x0B7C, 0x3C3D, 0xEF9F, 0xFFFF,
  0xFEF0, 0xFDE1, 0xFE02, 0xFE02, 0xFE02, 0xFE02, 0xFE02, 0xFE02,
  0xFE02, 0xFE02, 0xFE02, 0xFDE2, 0xFE22, 0xFDE2, 0xF81F, 0xF81F,
  0xF81F, 0xF81F, 0x2D09, 0x356A, 0x2CE9, 0x2D09, 0x2CE9, 0x2CE9,
  0x2CE9, 0x2CE9, 0x2CE9, 0x2CE9, 0x2CE9, 0x2CE9, 0x1CC8, 0x74ED,
  0xFF9F, 0xFFFF, 0x7D9E, 0x0B5C, 0x1BBD, 0x1BBD, 0x1B9D, 0x1B9D,
  0x1B9D, 0x1B9D, 0x1B9D, 0x1B9D, 0x1B9D, 0x1B9D, 0x1B9D, 0x1B9D,
  0x1B9D, 0x1B9D, 0x1BBD, 0x1BBD, 0x0B5C, 0x7D9E, 0xFFFF, 0xFFDF,
  0xFE69, 0xFDE1, 0xFE03, 0xFE02, 0xFE02, 0xFE02, 0xFE02, 0xFE02,
  0xFE02, 0xFE02, 0xFE02, 0xFE02, 0xFE62, 0xFDE2, 0xF81F, 0xF81F,
  0xF81F, 0xF81F, 0xF81F, 0x2D4A, 0x2D09, 0x2CE9, 0x2CE9, 0x2CE9,
  0x2CE9, 0x2CE9, 0x2CE9, 0x2CE9, 0x2CE9, 0x2CE9, 0x2CE9, 0x2CC9,
  0xC6D8, 0xFFFF, 0xE77F, 0x2BFD, 0x0B7C, 0x1BBD, 0x1B9D, 0x1B9D,
  0x1B9D, 0x1B9D, 0x1B9D, 0x1B9D, 0x1B9D, 0x1B9D, 0x1B9D, 0x1B9D,
  0x1B9D, 0x1B9D, 0x1BBD, 0x0B7C, 0x2BFD, 0xE77F, 0xFFFF, 0xFF57,
  0xFE02, 0xFE02, 0xFE03, 0xFE03, 0xFE02, 0xFE02, 0xFE02, 0xFE02,
  0xFE02, 0xFE02, 0xFDE2, 0xFDE2, 0xFE42, 0xF81F, 0xF81F, 0xF81F,
  0xF81F, 0xF81F, 0xF81F, 0x2CE9, 0x2CE9, 0x2CE9, 0x2CE9, 0x2CE9,
  0x2CE9, 0x2CE9, 0x2CE9, 0x2CE9, 0x2CE9, 0x2CE9, 0x2CE9, 0x1CA7,
  0x65AF, 0xFFDF, 0xFFFF, 0xAE7E, 0x137C, 0x139D, 0x1BBD, 0x1B9D,
  0x1B9D, 0x1B9D, 0x1B9D, 0x1B9D, 0x1B9D, 0x1B9D, 0x1B9D, 0x1B9D,
  0x1B9D, 0x1BBD, 0x139D, 0x137C, 0xB67E, 0xFFFF, 0xFFFF, 0xFE8A,
  0xFDE1, 0xFE03, 0xFE03, 0xFE03, 0xFE03, 0xFE02, 0xFE02, 0xFE02,
  0xFE02, 0xFE02, 0xFE02, 0xFDE2, 0xFE02, 0xF81F, 0xF81F, 0xF81F,
  0xF81F, 0xF81F, 0xF81F, 0x2CE9, 0x2D29, 0x2CE9, 0x2CE9, 0x2CE9,
  0x2CE9, 0x2CE9, 0x2CE9, 0x2CE9, 0x2CE9, 0x2CE9, 0x2CE9, 0x2CE9,
  0x1CA7, 0xA6B6, 0xFFFF, 0xFFFF, 0x9E1E, 0x137C, 0x0B7C, 0x1BBD,
  0x1BBD, 0x1BBD, 0x1BBD, 0x1B9D, 0x1B9D, 0x1BBD, 0x1BBD, 0x1BBD,
  0x1BBD, 0x0B7C, 0x137C, 0x9E1E, 0xFFFF, 0xFFFF, 0xEF14, 0xFDE1,
  0xFE03, 0xFE03, 0xFE03, 0xFE03, 0xFE03, 0xFE03, 0xFE02, 0xFE02,
  0xFE02, 0xFE02, 0xFE02, 0xFE42, 0xFE02, 0xF81F, 0xF81F, 0xF81F,
  0xF81F, 0xF81F, 0xF81F, 0x2CE9, 0x2D4A, 0x2CE9, 0x2CE9, 0x2CE9,
  0x2CE9, 0x2CE9, 0x2CE9, 0x2CE9, 0x2CE9, 0x2CE9, 0x2CC9, 0x2CE9,
  0x24C8, 0x2CE9, 0xC719, 0xFFFF, 0xFFFF, 0xB67E, 0x2BFD, 0x0B5C,
  0x0B7C, 0x139C, 0x1BBD, 0x1BBD, 0x1BBD, 0x1BBD, 0x139C, 0x0B7C,
  0x0B5C, 0x2BFD, 0xB67E, 0xFFFF, 0xFFFF, 0xD738, 0xDDE4, 0xFE02,
  0xFE03, 0xFE03, 0xFE03, 0xFE03, 0xFE03, 0xFE03, 0xFE03, 0xFE03,
  0xFE02, 0xFE02, 0xFE02, 0xFE62, 0xFE02, 0xF81F, 0xF81F, 0xF81F,
  0xF81F, 0xF81F, 0xF81F, 0xF81F, 0x2CE9, 0x2CE9, 0x2CE9, 0x2CE9,
  0x2CE9, 0x2CE9, 0x2CE9, 0x2CE9, 0x2CE9, 0x2CC9, 0x2CC9, 0x2CC8,
  0x2CE9, 0x1CA8, 0x34EA, 0xC719, 0xFFFF, 0xFFFF, 0xE77F, 0x7D7E,
  0x3C3D, 0x1B9D, 0x0B5C, 0x0B5C, 0x0B5C, 0x0B5C, 0x1B9D, 0x3C3D,
  0x7D7E, 0xE77F, 0xFFFF, 0xFFFF, 0xB6F9, 0x9587, 0xFE02, 0xFE24,
  0xFE03, 0xFE03, 0xFE03, 0xFE03, 0xFE03, 0xFE03, 0xFE03, 0xFE03,
  0xFE03, 0xFE03, 0xFE03, 0xFDE2, 0xF81F, 0xF81F, 0xF81F, 0xF81F,
  0xF81F, 0xF81F, 0xF81F, 0xF81F, 0x2CE9, 0x2D29, 0x2CE9, 0x2CE9,
  0x2CE9, 0x2CE9, 0x2CE9, 0x2CC9, 0x2CC9, 0x2CC9, 0x2CC9, 0x2CC9,
  0x24C8, 0x2CE9, 0x1CA7, 0x2CC9, 0xA696, 0xFFFF, 0xFFFF, 0xFFFF,
  0xE77F, 0xB69E, 0x95FE, 0x859E, 0x859E, 0x95FE, 0xB69E, 0xE77F,
  0xFFFF, 0xFFFF, 0xFFFF, 0x9676, 0x44C8, 0xDDE3, 0xFE24, 0xFE03,
  0xFE03, 0xFE03, 0xFE03, 0xFE03, 0xFE03, 0xFE03, 0xFE03, 0xFE03,
  0xFE03, 0xFE03, 0xFE43, 0xFE03, 0xF81F, 0xF81F, 0xF81F, 0xF81F,
  0xF81F, 0xF81F, 0xF81F, 0xF81F, 0xF81F, 0x2CE9, 0x2CE9, 0x2CC9,
  0x2CC9, 0x2CC9, 0x2CC9, 0x2CC9, 0x2CC9, 0x2CC9, 0x2CC8, 0x2CC8,
  0x2CC8, 0x24C8, 0x2CC9, 0x24A8, 0x1C87, 0x5D8E, 0xBEF8, 0xFFFF,
  0xFFFF, 0xFFFF, 0xFFFF, 0xFFFF, 0xFFFF, 0xFFFF, 0xFFFF, 0xFFFF,
  0xFFFF, 0xB6F8, 0x5D8E, 0x0C47, 0xA565, 0xFE44, 0xF604, 0xFE03,
  0xFE03, 0xFE03, 0xFE03, 0xFE03, 0xFE03, 0xFE03, 0xFE03, 0xFE03,
  0xFE03, 0xFE03, 0xFE23, 0xF81F, 0xF81F, 0xF81F, 0xF81F, 0xF81F,
  0xF81F, 0xF81F, 0xF81F, 0xF81F, 0xF81F, 0x2CC9, 0x2D09, 0x2CC9,
  0x2CC9, 0x2CC9, 0x2CC9, 0x2CC9, 0x2CC9, 0x2CC8, 0x2CC8, 0x24C8,
  0x24C8, 0x24C8, 0x24C8, 0x2CC9, 0x24C8, 0x1C87, 0x24A8, 0x556D,
  0x8E33, 0xB6D8, 0xD75B, 0xE79D, 0xE79D, 0xD75B, 0xB6D8, 0x8633,
  0x4D4D, 0x24A8, 0x0447, 0x54E7, 0xFE44, 0xFE04, 0xFE24, 0xFE24,
  0xFE03, 0xFE03, 0xFE03, 0xFE03, 0xFE03, 0xFE03, 0xFE03, 0xFE03,
  0xFE03, 0xFE43, 0xFE03, 0xF81F, 0xF81F, 0xF81F, 0xF81F, 0xF81F,
  0xF81F, 0xF81F, 0xF81F, 0xF81F, 0xF81F, 0xF81F, 0x2CC9, 0x2CC9,
  0x2CC9, 0x2CC9, 0x2CC9, 0x2CC8, 0x2CC8, 0x24C8, 0x24C8, 0x24C8,
  0x24C8, 0x24C8, 0x24C8, 0x24A8, 0x2CC8, 0x2CC9, 0x24A8, 0x1C87,
  0x1C87, 0x1C87, 0x2CC9, 0x34CA, 0x34C9, 0x2CA9, 0x1C87, 0x1467,
  0x1467, 0x1C88, 0x1C88, 0xCDC5, 0xFE24, 0xFE04, 0xFE24, 0xFE24,
  0xFE24, 0xFE24, 0xFE03, 0xFE03, 0xFE03, 0xFE03, 0xFE03, 0xFE03,
  0xFE23, 0xFE03, 0xF81F, 0xF81F, 0xF81F, 0xF81F, 0xF81F, 0xF81F,
  0xF81F, 0xF81F, 0xF81F, 0xF81F, 0xF81F, 0xF81F, 0x2CC8, 0x2CE9,
  0x24C8, 0x2CC9, 0x2CC8, 0x24C8, 0x24C8, 0x24C8, 0x24C8, 0x24C8,
  0x24C8, 0x24C8, 0x24A8, 0x24A8, 0x24A8, 0x24A8, 0x24A8, 0x24A8,
  0x24A8, 0x24A8, 0x2488, 0x1C87, 0x1C87, 0x1C88, 0x2488, 0x2488,
  0x2CA8, 0x1488, 0x7526, 0xFE44, 0xFE24, 0xFE24, 0xFE24, 0xFE24,
  0xFE24, 0xFE24, 0xFE24, 0xFE24, 0xFE03, 0xFE03, 0xFE03, 0xFE03,
  0xFE43, 0xFE03, 0xF81F, 0xF81F, 0xF81F, 0xF81F, 0xF81F, 0xF81F,
  0xF81F, 0xF81F, 0xF81F, 0xF81F, 0xF81F, 0xF81F, 0xF81F, 0x24C9,
  0x2D09, 0x24A8, 0x24C8, 0x24C8, 0x24C8, 0x24C8, 0x24C8, 0x24C8,
  0x24A8, 0x24A8, 0x24A8, 0x24A8, 0x24A8, 0x24A8, 0x24A8, 0x24A8,
  0x24A8, 0x24A8, 0x24A8, 0x24A8, 0x24A8, 0x24A8, 0x2488, 0x2488,
  0x1C88, 0x2CA8, 0xE5E5, 0xFE24, 0xFE24, 0xFE24, 0xFE24, 0xFE24,
  0xFE24, 0xFE24, 0xFE24, 0xFE24, 0xFE24, 0xFE24, 0xFE03, 0xFE64,
  0xFE03, 0xF81F, 0xF81F, 0xF81F, 0xF81F, 0xF81F, 0xF81F, 0xF81F,
  0xF81F, 0xF81F, 0xF81F, 0xF81F, 0xF81F, 0xF81F, 0xF81F, 0xF81F,
  0x2CE9, 0x2CE9, 0x24A8, 0x24C8, 0x24C8, 0x24C8, 0x24C8, 0x24A8,
  0x24A8, 0x24A8, 0x24A8, 0x24A8, 0x24A8, 0x24A8, 0x24A8, 0x24A8,
  0x24A8, 0x24A8, 0x24A8, 0x24A8, 0x24A8, 0x2488, 0x2488, 0x2CA8,
  0x0C68, 0x9D66, 0xFE44, 0xFE24, 0xFE24, 0xFE24, 0xFE24, 0xFE24,
  0xFE24, 0xFE24, 0xFE24, 0xFE24, 0xFE24, 0xFE04, 0xFE44, 0xFE43,
  0xF81F, 0xF81F, 0xF81F, 0xF81F, 0xF81F, 0xF81F, 0xF81F, 0xF81F,
  0xF81F, 0xF81F, 0xF81F, 0xF81F, 0xF81F, 0xF81F, 0xF81F, 0xF81F,
  0xF81F, 0x24E9, 0x2CC9, 0x24A8, 0x24C8, 0x24A8, 0x24A8, 0x24A8,
  0x24A8, 0x24A8, 0x24A8, 0x24A8, 0x24A8, 0x24A8, 0x24A8, 0x24A8,
  0x24A8, 0x24A8, 0x2488, 0x2488, 0x2488, 0x2488, 0x2CA8, 0x1488,
  0x44C7, 0xF625, 0xFE24, 0xFE24, 0xFE24, 0xFE24, 0xFE24, 0xFE24,
  0xFE24, 0xFE24, 0xFE24, 0xFE24, 0xFE04, 0xFE24, 0xFE44, 0xF81F,
  0xF81F, 0xF81F, 0xF81F, 0xF81F, 0xF81F, 0xF81F, 0xF81F, 0xF81F,
  0xF81F, 0xF81F, 0xF81F, 0xF81F, 0xF81F, 0xF81F, 0xF81F, 0xF81F,
  0xF81F, 0xF81F, 0x24C8, 0x24E8, 0x24A8, 0x24A8, 0x24A8, 0x24A8,
  0x24A8, 0x24A8, 0x24A8, 0x24A8, 0x24A8, 0x24A8, 0x24A8, 0x24A8,
  0x2488, 0x2488, 0x2488, 0x2488, 0x2488, 0x2488, 0x2488, 0x1468,
  0xB5A6, 0xFE44, 0xFE25, 0xFE25, 0xFE25, 0xFE24, 0xFE24, 0xFE24,
  0xFE24, 0xFE24, 0xFE24, 0xFE04, 0xFE44, 0xFE24, 0xF81F, 0xF81F,
  0xF81F, 0xF81F, 0xF81F, 0xF81F, 0xF81F, 0xF81F, 0xF81F, 0xF81F,
  0xF81F, 0xF81F, 0xF81F, 0xF81F, 0xF81F, 0xF81F, 0xF81F, 0xF81F,
  0xF81F, 0xF81F, 0xF81F, 0x24C8, 0x24E9, 0x24A8, 0x24A8, 0x24A8,
  0x24A8, 0x24A8, 0x24A8, 0x24A8, 0x24A8, 0x24A8, 0x24A8, 0x2488,
  0x2488, 0x2488, 0x2488, 0x2488, 0x2488, 0x2488, 0x0C68, 0x6507,
  0xFE25, 0xFE25, 0xFE25, 0xFE25, 0xFE25, 0xFE25, 0xFE24, 0xFE24,
  0xFE24, 0xFE24, 0xFE24, 0xFE64, 0xFE24, 0xF81F, 0xF81F, 0xF81F,
  0xF81F, 0xF81F, 0xF81F, 0xF81F, 0xF81F, 0xF81F, 0xF81F, 0xF81F,
  0xF81F, 0xF81F, 0xF81F, 0xF81F, 0xF81F, 0xF81F, 0xF81F, 0xF81F,
  0xF81F, 0xF81F, 0xF81F, 0xF81F, 0x24C8, 0x24C8, 0x24A8, 0x24A8,
  0x24A8, 0x24A8, 0x24A8, 0x24A8, 0x24A8, 0x2488, 0x2488, 0x2488,
  0x2488, 0x2488, 0x2488, 0x2488, 0x2488, 0x1C88, 0x2487, 0xCDC5,
  0xFE45, 0xFE25, 0xFE25, 0xFE25, 0xFE25, 0xFE25, 0xFE25, 0xFE24,
  0xFE24, 0xFE24, 0xFE44, 0xFE24, 0xF81F, 0xF81F, 0xF81F, 0xF81F,
  0xF81F, 0xF81F, 0xF81F, 0xF81F, 0xF81F, 0xF81F, 0xF81F, 0xF81F,
  0xF81F, 0xF81F, 0xF81F, 0xF81F, 0xF81F, 0xF81F, 0xF81F, 0xF81F,
  0xF81F, 0xF81F, 0xF81F, 0xF81F, 0xF81F, 0x24A8, 0x24A8, 0x24C8,
  0x24A8, 0x24A8, 0x24A8, 0x2488, 0x2488, 0x2488, 0x2488, 0x2488,
  0x2488, 0x2488, 0x2488, 0x2488, 0x2488, 0x1468, 0x7D27, 0xFE45,
  0xFE25, 0xFE25, 0xFE25, 0xFE25, 0xFE25, 0xFE25, 0xFE25, 0xFE25,
  0xFE65, 0xFE45, 0xFE25, 0xF81F, 0xF81F, 0xF81F, 0xF81F, 0xF81F,
  0xF81F, 0xF81F, 0xF81F, 0xF81F, 0xF81F, 0xF81F, 0xF81F, 0xF81F,
  0xF81F, 0xF81F, 0xF81F, 0xF81F, 0xF81F, 0xF81F, 0xF81F, 0xF81F,
  0xF81F, 0xF81F, 0xF81F, 0xF81F, 0xF81F, 0xF81F, 0xF81F, 0x24A8,
  0x24A8, 0x24C8, 0x24A8, 0x2488, 0x2488, 0x2488, 0x2488, 0x2488,
  0x2488, 0x2488, 0x2488, 0x2488, 0x1C68, 0x34A7, 0xE606, 0xFE45,
  0xFE25, 0xFE25, 0xFE25, 0xFE25, 0xFE25, 0xFE25, 0xFE85, 0xFE25,
  0xFE25, 0xF81F, 0xF81F, 0xF81F, 0xF81F, 0xF81F, 0xF81F, 0xF81F,
  0xF81F, 0xF81F, 0xF81F, 0xF81F, 0xF81F, 0xF81F, 0xF81F, 0xF81F,
  0xF81F, 0xF81F, 0xF81F, 0xF81F, 0xF81F, 0xF81F, 0xF81F, 0xF81F,
  0xF81F, 0xF81F, 0xF81F, 0xF81F, 0xF81F, 0xF81F, 0xF81F, 0xF81F,
  0xF81F, 0x2488, 0x2488, 0x24E8, 0x24C8, 0x2488, 0x2488, 0x2488,
  0x2488, 0x1C88, 0x2488, 0x2487, 0x0C68, 0x9D66, 0xFE65, 0xF625,
  0xFE25, 0xFE25, 0xFE25, 0xFE65, 0xFEA5, 0xFE25, 0xFE25, 0xF81F,
  0xF81F, 0xF81F, 0xF81F, 0xF81F, 0xF81F, 0xF81F, 0xF81F, 0xF81F,
  0xF81F, 0xF81F, 0xF81F, 0xF81F, 0xF81F, 0xF81F, 0xF81F, 0xF81F,
  0xF81F, 0xF81F, 0xF81F, 0xF81F, 0xF81F, 0xF81F, 0xF81F, 0xF81F,
  0xF81F, 0xF81F, 0xF81F, 0xF81F, 0xF81F, 0xF81F, 0xF81F, 0xF81F,
  0xF81F, 0xF81F, 0xF81F, 0x2487, 0x2488, 0x2488, 0x24C8, 0x24E8,
  0x24A8, 0x24A8, 0x2488, 0x1468, 0x4CE7, 0xF646, 0xFE66, 0xFE86,
  0xFEA6, 0xFE86, 0xFE25, 0xFE25, 0xFE25, 0xF81F, 0xF81F, 0xF81F,
  0xF81F, 0xF81F, 0xF81F, 0xF81F, 0xF81F, 0xF81F, 0xF81F, 0xF81F,
  0xF81F, 0xF81F, 0xF81F, 0xF81F, 0xF81F, 0xF81F, 0xF81F, 0xF81F,
  0xF81F, 0xF81F, 0xF81F, 0xF81F, 0xF81F, 0xF81F, 0xF81F, 0xF81F,
  0xF81F, 0xF81F, 0xF81F, 0xF81F, 0xF81F, 0xF81F, 0xF81F, 0xF81F,
  0xF81F, 0xF81F, 0xF81F, 0xF81F, 0xF81F, 0xF81F, 0xF81F, 0x1C88,
  0x1C87, 0x1C67, 0x2467, 0x1467, 0xB5A6, 0xFE66, 0xFE26, 0xFE46,
  0xFE25, 0xF81F, 0xF81F, 0xF81F, 0xF81F, 0xF81F, 0xF81F, 0xF81F,
  0xF81F, 0xF81F, 0xF81F, 0xF81F, 0xF81F, 0xF81F, 0xF81F, 0xF81F,
  0xF81F, 0xF81F, 0xF81F, 0xF81F, 0xF81F, 0xF81F, 0xF81F, 0xF81F,
  0xF81F, 0xF81F, 0xF81F, 0xF81F, 0xF81F, 0xF81F, 0xF81F, 0xF81F,
  0xF81F, 0xF81F, 0xF81F, 0xF81F, 0xF81F, 0xF81F, 0xF81F, 0xF81F,
  0xF81F, 0xF81F, 0xF81F, 0xF81F, 0xF81F, 0xF81F, 0xF81F, 0xF81F,
  0xF81F, 0xF81F, 0xF81F, 0xF81F, 0xF81F, 0xF81F, 0xF81F, 0xF81F,
  0xF81F, 0xF81F, 0xF81F, 0xF81F, 0xF81F, 0xF81F, 0xF81F, 0xF81F,
  0xF81F, 0xF81F, 0xF81F, 0xF81F, 0xF81F, 0xF81F, 0xF81F, 0xF81F,
  0xF81F, 0xF81F, 0xF81F, 0xF81F, 0xF81F, 0xF81F, 0xF81F, 0xF81F,
  0xF81F, 0xF81F, 0xF81F, 0xF81F, 0xF81F, 0xF81F, 0xF81F, 0xF81F,
  0xF81F, 0xF81F, 0xF81F, 0xF81F, 0xF81F, 0xF81F, 0xF81F, 0xF81F,
  0xF81F, 0xF81F, 0xF81F, 0xF81F, 0xF81F, 0xF81F, 0xF81F, 0xF81F,
  0xF81F, 0xF81F, 0xF81F, 0xF81F, 0xF81F, 0xF81F, 0xF81F, 0xF81F,
  0xF81F, 0xF81F, 0xF81F, 0xF81F, 0xF81F, 0xF81F, 0xF81F, 0xF81F,
  0xF81F, 0xF81F, 0xF81F, 0xF81F, 0xF81F, 0xF81F, 0xF81F, 0xF81F,
  0xF81F, 0xF81F, 0xF81F, 0xF81F, 0xF81F, 0xF81F, 0xF81F, 0xF81F,
};

// 56x56 RGB565
const uint16_t icon_steam[3136] PROGMEM = {
  0xF81F, 0xF81F, 0xF81F, 0xF81F, 0xF81F, 0xF81F, 0xF81F, 0xF81F,
  0xF81F, 0xF81F, 0xF81F, 0xF81F, 0xF81F, 0xF81F, 0xF81F, 0xF81F,
  0xF81F, 0xF81F, 0xF81F, 0xF81F, 0xF81F, 0xF81F, 0xF81F, 0x10E5,
  0x10E5, 0x10E5, 0x10E5, 0x10E5, 0x10E5, 0x10E5, 0x10E5, 0x10E5,
  0x10E5, 0xF81F, 0xF81F, 0xF81F, 0xF81F, 0xF81F, 0xF81F, 0xF81F,
  0xF81F, 0xF81F, 0xF81F, 0xF81F, 0xF81F, 0xF81F, 0xF81F, 0xF81F,
  0xF81F, 0xF81F, 0xF81F, 0xF81F, 0xF81F, 0xF81F, 0xF81F, 0xF81F,
  0xF81F, 0xF81F, 0xF81F, 0xF81F, 0xF81F, 0xF81F, 0xF81F, 0xF81F,
  0xF81F, 0xF81F, 0xF81F, 0xF81F, 0xF81F, 0xF81F, 0xF81F, 0xF81F,
  0xF81F, 0xF81F, 0xF81F, 0x08E6, 0x08E6, 0x10E6, 0x10E6, 0x10E6,
  0x10E6, 0x10E6, 0x10E6, 0x10E6, 0x10E6, 0x10E6, 0x10E6, 0x10E6,
  0x10E6, 0x10E6, 0x10E6, 0x08E6, 0x08E6, 0xF81F, 0xF81F, 0xF81F,
  0xF81F, 0xF81F, 0xF81F, 0xF81F, 0xF81F, 0xF81F, 0xF81F, 0xF81F,
  0xF81F, 0xF81F, 0xF81F, 0xF81F, 0xF81F, 0xF81F, 0xF81F, 0xF81F,
  0xF81F, 0xF81F, 0xF81F, 0xF81F, 0xF81F, 0xF81F, 0xF81F, 0xF81F,
  0xF81F, 0xF81F, 0xF81F, 0xF81F, 0xF81F, 0xF81F, 0xF81F, 0xF81F,
  0x08E6, 0x08E6, 0x10E6, 0x10E6, 0x08E6, 0x08E6, 0x08E6, 0x08E6,
  0x08E6, 0x08E6, 0x08E6, 0x08E6, 0x08E6, 0x08E6, 0x08E6, 0x08E6,
  0x08E6, 0x08E6, 0x08E6, 0x08E6, 0x10E6, 0x10E6, 0x08E6, 0x08E6,
  0xF81F, 0xF81F, 0xF81F, 0xF81F, 0xF81F, 0xF81F, 0xF81F, 0xF81F,
  0xF81F, 0xF81F, 0xF81F, 0xF81F, 0xF81F, 0xF81F, 0xF81F, 0xF81F,
  0xF81F, 0xF81F, 0xF81F, 0xF81F, 0xF81F, 0xF81F, 0xF81F, 0xF81F,
  0xF81F, 0xF81F, 0xF81F, 0xF81F, 0xF81F, 0xF81F, 0x08E6, 0x08E6,
  0x08E6, 0x08E6, 0x08C6, 0x08C6, 0x08E6, 0x08E6, 0x08E6, 0x08E6,
  0x08E6, 0x08E6, 0x08E6, 0x08E6, 0x08E6, 0x08E6, 0x08E6, 0x08E6,
  0x08E6, 0x08E6, 0x08E6, 0x08E6, 0x08C6, 0x08C6, 0x08E6, 0x08E6,
  0x08E6, 0x08E6, 0xF81F, 0xF81F, 0xF81F, 0xF81F, 0xF81F, 0xF81F,
  0xF81F, 0xF81F, 0xF81F, 0xF81F, 0xF81F, 0xF81F, 0xF81F, 0xF81F,
  0xF81F, 0xF81F, 0xF81F, 0xF81F, 0xF81F, 0xF81F, 0xF81F, 0xF81F,
  0xF81F, 0xF81F, 0xF81F, 0xF81F, 0xF81F, 0x08C6, 0x08E6, 0x08C6,
  0x08C6, 0x08C6, 0x08C6, 0x08C6, 0x08C6, 0x08C6, 0x08C6, 0x08C6,
  0x08C6, 0x08C6, 0x08C6, 0x08C6, 0x08C6, 0x08C6, 0x08C6, 0x08C6,
  0x08C6, 0x08C6, 0x08C6, 0x08C6, 0x08C6, 0x08C6, 0x08C6, 0x08C6,
  0x08C6, 0x08E6, 0x08C6, 0xF81F, 0xF81F, 0xF81F, 0xF81F, 0xF81F,
  0xF81F, 0xF81F, 0xF81F, 0xF81F, 0xF81F, 0xF81F, 0xF81F, 0xF81F,
  0xF81F, 0xF81F, 0xF81F, 0xF81F, 0xF81F, 0xF81F, 0xF81F, 0xF81F,
  0xF81F, 0xF81F, 0xF81F, 0x08C6, 0x08E6, 0x08E6, 0x08C6, 0x08C6,
  0x08C6, 0x08C6, 0x08C6, 0x08C6, 0x08C6, 0x08C6, 0x08C6, 0x08C6,
  0x08C6, 0x08C6, 0x08C6, 0x08C6, 0x08C6, 0x08C6, 0x08C6, 0x08C6,
  0x08C6, 0x08C6, 0x08C6, 0x08C6, 0x08C6, 0x08C6, 0x08C6, 0x08C6,
  0x08C6, 0x08C6, 0x08E6, 0x08E6, 0x08C6, 0xF81F, 0xF81F, 0xF81F,
  0xF81F, 0xF81F, 0xF81F, 0xF81F, 0xF81F, 0xF81F, 0xF81F, 0xF81F,
  0xF81F, 0xF81F, 0xF81F, 0xF81F, 0xF81F, 0xF81F, 0xF81F, 0xF81F,
  0xF81F, 0xF81F, 0x08C6, 0x08E7, 0x08C6, 0x08C6, 0x08C6, 0x08C6,
  0x08C6, 0x08C6, 0x08C6, 0x08C6, 0x08C6, 0x08C6, 0x08C6, 0x08C6,
  0x08C6, 0x08C6, 0x08C6, 0x08C6, 0x08C6, 0x08C6, 0x08C6, 0x08C6,
  0x08C6, 0x08C6, 0x08C6, 0x08C6, 0x08C6, 0x08C6, 0x08C6, 0x08C6,
  0x08C6, 0x08C6, 0x08C6, 0x08C6, 0x08E7, 0x08C6, 0xF81F, 0xF81F,
  0xF81F, 0xF81F, 0xF81F, 0xF81F, 0xF81F, 0xF81F, 0xF81F, 0xF81F,
  0xF81F, 0xF81F, 0xF81F, 0xF81F, 0xF81F, 0xF81F, 0xF81F, 0xF81F,
  0xF81F, 0x08C6, 0x08E7, 0x08C6, 0x08C6, 0x08C6, 0x08C6, 0x08C6,
  0x08C6, 0x08C6, 0x08C6, 0x08C6, 0x08C6, 0x08C6, 0x08C6, 0x08C6,
  0x08C6, 0x08C6, 0x08C6, 0x08C6, 0x08C6, 0x08C6, 0x08C6, 0x08C6,
  0x08C6, 0x08C6, 0x08C6, 0x08C6, 0x08C6, 0x08C6, 0x08C6, 0x08C6,
  0x08C6, 0x08C6, 0x08C6, 0x08C6, 0x08C6, 0x08E7, 0x08C6, 0xF81F,
  0xF81F, 0xF81F, 0xF81F, 0xF81F, 0xF81F, 0xF81F, 0xF81F, 0xF81F,
  0xF81F, 0xF81F, 0xF81F, 0xF81F, 0xF81F, 0xF81F, 0xF81F, 0xF81F,
  0x08C6, 0x08C7, 0x08C6, 0x08C6, 0x08C6, 0x08C6, 0x08C6, 0x08C6,
  0x08C6, 0x08C6, 0x08C6, 0x08C6, 0x08C6, 0x08C6, 0x08C6, 0x08C6,
  0x08C6, 0x08C6, 0x08C6, 0x08C6, 0x08C6, 0x08C6, 0x08C6, 0x08C6,
  0x08C6, 0x08C6, 0x08E7, 0x08E7, 0x08E7, 0x08E7, 0x08E7, 0x08E7,
  0x08C7, 0x08C6, 0x08C6, 0x08C6, 0x08C6, 0x08C6, 0x08C7, 0x08C6,
  0xF81F, 0xF81F, 0xF81F, 0xF81F, 0xF81F, 0xF81F, 0xF81F, 0xF81F,
  0xF81F, 0xF81F, 0xF81F, 0xF81F, 0xF81F, 0xF81F, 0xF81F, 0x00C7,
  0x08C7, 0x00C6, 0x00C6, 0x00C6, 0x00C6, 0x00C6, 0x00C6, 0x00C6,
  0x00C6, 0x00C6, 0x00C6, 0x00C6, 0x00C6, 0x00C6, 0x00C6, 0x00C6,
  0x00C6, 0x00C6, 0x00C6, 0x00C6, 0x00C6, 0x00C6, 0x00C6, 0x08C7,
  0x08E7, 0x00A6, 0x0045, 0x0045, 0x0045, 0x0065, 0x0045, 0x0045,
  0x0086, 0x08C7, 0x08E7, 0x00C6, 0x00C6, 0x00C6, 0x00C6, 0x08C7,
  0x00C6, 0xF81F, 0xF81F, 0xF81F, 0xF81F, 0xF81F, 0xF81F, 0xF81F,
  0xF81F, 0xF81F, 0xF81F, 0xF81F, 0xF81F, 0xF81F, 0x00C7, 0x00C7,
  0x00C6, 0x00C7, 0x00C7, 0x00C7, 0x00C7, 0x00C7, 0x00C7, 0x00C7,
  0x00C7, 0x00C7, 0x00C7, 0x00C7, 0x00C7, 0x00C7, 0x00C7, 0x00C7,
  0x00C7, 0x00C7, 0x00C7, 0x00C7, 0x00C7, 0x00C7, 0x08E7, 0x00A6,
  0x0045, 0x1948, 0x530E, 0x8C94, 0xA556, 0xAD77, 0x94F5, 0x6BB1,
  0x29EB, 0x0086, 0x0065, 0x08E7, 0x00C7, 0x00C7, 0x00C7, 0x00C6,
  0x00C7, 0x00C7, 0xF81F, 0xF81F, 0xF81F, 0xF81F, 0xF81F, 0xF81F,
  0xF81F, 0xF81F, 0xF81F, 0xF81F, 0xF81F, 0x00C6, 0x00C7, 0x00C6,
  0x00C7, 0x00C7, 0x00C7, 0x00C7, 0x00C7, 0x00C7, 0x00C7, 0x00C7,
  0x00C7, 0x00C7, 0x00C7, 0x00C7, 0x00C7, 0x00C7, 0x00C7, 0x00C7,
  0x00C7, 0x00C7, 0x00C7, 0x00C7, 0x00C7, 0x08C7, 0x0045, 0x1949,
  0x8CB4, 0xEF5D, 0xFFFF, 0xFFFF, 0xFFFF, 0xFFFF, 0xFFFF, 0xFFFF,
  0xFFDF, 0xBDF9, 0x428D, 0x0045, 0x00A7, 0x00C7, 0x00C7, 0x00C7,
  0x00C6, 0x00C7, 0x00C7, 0xF81F, 0xF81F, 0xF81F, 0xF81F, 0xF81F,
  0xF81F, 0xF81F, 0xF81F, 0xF81F, 0xF81F, 0x00C7, 0x00C7, 0x00C7,
  0x00C7, 0x00C7, 0x00C7, 0x00C7, 0x00C7, 0x00C7, 0x00C7, 0x00C7,
  0x00C7, 0x00C7, 0x00C7, 0x00C7, 0x00C7, 0x00C7, 0x00C7, 0x00C7,
  0x00C7, 0x00C7, 0x00C7, 0x00C7, 0x08C7, 0x0045, 0x52EE, 0xE73D,
  0xFFFF, 0xFFFF, 0xFFDF, 0xFFFF, 0xFFFF, 0xFFFF, 0xFFFF, 0xFFDF,
  0xFFFF, 0xFFFF, 0xFFFF, 0x94D5, 0x00A6, 0x00A7, 0x00C7, 0x00C7,
  0x00C7, 0x00C7, 0x00C7, 0xF81F, 0xF81F, 0xF81F, 0xF81F, 0xF81F,
  0xF81F, 0xF81F, 0xF81F, 0xF81F, 0x00C7, 0x00C7, 0x00C7, 0x00C7,
  0x00C7, 0x00C7, 0x00C7, 0x00C7, 0x00C7, 0x00C7, 0x00C7, 0x00C7,
  0x00C7, 0x00C7, 0x00C7, 0x00C7, 0x00C7, 0x00C7, 0x00C7, 0x00C7,
  0x00C7, 0x00C7, 0x00C7, 0x08E7, 0x0045, 0x6370, 0xFFFF, 0xFFFF,
  0xFFDF, 0xFFFF, 0xFFFF, 0xFFFF, 0xE73D, 0xDF1C, 0xF79E, 0xFFFF,
  0xFFFF, 0xFFDF, 0xFFFF, 0xFFFF, 0xB5D8, 0x00A7, 0x00A7, 0x00C7,
  0x00C7, 0x00C7, 0x00C7, 0x00C7, 0xF81F, 0xF81F, 0xF81F, 0xF81F,
  0xF81F, 0xF81F, 0xF81F, 0x00C7, 0x00C8, 0x00C7, 0x00C7, 0x00C7,
  0x00C7, 0x00C7, 0x00C7, 0x00C7, 0x00C7, 0x00C7, 0x00C7, 0x00C7,
  0x00C7, 0x00C7, 0x00C7, 0x00C7, 0x00C7, 0x00C7, 0x00C7, 0x00C7,
  0x00C7, 0x00C7, 0x08E7, 0x0066, 0x428D, 0xFFFF, 0xFFFF, 0xFFDF,
  0xFFFF, 0xE71C, 0x73F2, 0x218A, 0x0086, 0x0066, 0x1108, 0x4ACE,
  0xB5F8, 0xFFFF, 0xFFFF, 0xFFDF, 0xFFFF, 0x9D36, 0x0066, 0x08E7,
  0x00C7, 0x00C7, 0x00C7, 0x00C8, 0x00C7, 0xF81F, 0xF81F, 0xF81F,
  0xF81F, 0xF81F, 0xF81F, 0x00C7, 0x00C7, 0x00C7, 0x00C7, 0x00C7,
  0x00C7, 0x00C7, 0x00C7, 0x00C7, 0x00C7, 0x00C7, 0x00C7, 0x00C7,
  0x00C7, 0x00C7, 0x00C7, 0x00C7, 0x00C7, 0x00C7, 0x00C7, 0x00C7,
  0x00C7, 0x08C7, 0x00A7, 0x1108, 0xDF1C, 0xFFFF, 0xFFDF, 0xFFFF,
  0xADB8, 0x10E8, 0x0004, 0x1969, 0x52EF, 0x5B2F, 0x322C, 0x0046,
  0x0005, 0x6BB1, 0xFFDF, 0xFFFF, 0xFFDF, 0xFFFF, 0x52EF, 0x0066,
  0x08E8, 0x00C7, 0x00C7, 0x00C7, 0x00C7, 0xF81F, 0xF81F, 0xF81F,
  0xF81F, 0xF81F, 0x00C7, 0x00C8, 0x00C7, 0x00C7, 0x00C7, 0x00C7,
  0x00C7, 0x00C7, 0x00C7, 0x00C7, 0x00C7, 0x00C7, 0x00C7, 0x00C7,
  0x00C7, 0x00C7, 0x00C7, 0x00C7, 0x00C7, 0x00C7, 0x00C7, 0x00C7,
  0x00C7, 0x08E8, 0x0046, 0x7412, 0xFFFF, 0xFFDF, 0xFFFF, 0xB5F9,
  0x0066, 0x08C8, 0x9D36, 0xF7BE, 0xFFFF, 0xFFFF, 0xFFFF, 0xCE9B,
  0x428D, 0x0004, 0x6370, 0xFFFF, 0xFFDF, 0xFFFF, 0xD6BB, 0x00A7,
  0x00C8, 0x00C8, 0x00C7, 0x00C7, 0x00C8, 0x00C7, 0xF81F, 0xF81F,
  0xF81F, 0xF81F, 0x00C8, 0x00C8, 0x08C8, 0x08C8, 0x08C8, 0x08C8,
  0x08C8, 0x08C8, 0x08C8, 0x08C8, 0x08C8, 0x08C8, 0x08C8, 0x08C8,
  0x08C8, 0x08C8, 0x08C8, 0x08C8, 0x08C8, 0x08C8, 0x08C8, 0x08C8,
  0x08C8, 0x00C8, 0x08C8, 0xD6BB, 0xFFFF, 0xFFFF, 0xEF7E, 0x196A,
  0x08A7, 0xC65A, 0xFFFF, 0xFFFF, 0xFFFF, 0xFFFF, 0xFFFF, 0xFFFF,
  0xFFDF, 0x4AAE, 0x0005, 0xAD97, 0xFFFF, 0xFFDF, 0xFFFF, 0x428E,
  0x0066, 0x08E8, 0x08C8, 0x08C8, 0x00C8, 0x00C8, 0xF81F, 0xF81F,
  0xF81F, 0xF81F, 0x08E8, 0x08C8, 0x08C8, 0x08C8, 0x08C8, 0x08C8,
  0x08C8, 0x08C8, 0x08C8, 0x08C8, 0x08C8, 0x08C8, 0x08C8, 0x08C8,
  0x08C8, 0x08C8, 0x08C8, 0x08C8, 0x08C8, 0x08C8, 0x08C8, 0x08C8,
  0x08E8, 0x0087, 0x320C, 0xFFFF, 0xFFFF, 0xFFFF, 0x94F5, 0x0005,
  0x8474, 0xFFFF, 0xFFDF, 0xFFFF, 0xFFFF, 0xFFFF, 0xFFFF, 0xFFDF,
  0xFFFF, 0xE73D, 0x08A7, 0x322C, 0xFFFF, 0xFFDF, 0xFFFF, 0x8CB4,
  0x0046, 0x08E8, 0x08C8, 0x08C8, 0x08C8, 0x08E8, 0xF81F, 0xF81F,
  0xF81F, 0x08C8, 0x08E9, 0x08C8, 0x08C8, 0x08C8, 0x08C8, 0x08C8,
  0x08C8, 0x08C8, 0x08C8, 0x08C8, 0x08C8, 0x08C8, 0x08C8, 0x08C8,
  0x08C8, 0x08C8, 0x08C8, 0x08C8, 0x08C8, 0x08C8, 0x08C8, 0x08C8,
  0x08E8, 0x0067, 0x5B50, 0xFFFF, 0xFFDF, 0xFFFF, 0x4AAE, 0x0087,
  0xE71D, 0xFFFF, 0xFFFF, 0xFFFF, 0xFFFF, 0xFFFF, 0xFFFF, 0xFFFF,
  0xFFFF, 0xFFFF, 0x530F, 0x0067, 0xDEFC, 0xFFFF, 0xFFFF, 0xBDF9,
  0x0087, 0x08E8, 0x08C8, 0x08C8, 0x08C8, 0x08E9, 0x08C8, 0xF81F,
  0xF81F, 0x08C8, 0x08C8, 0x08C8, 0x08C8, 0x08C8, 0x08C8, 0x08C8,
  0x08C8, 0x08C8, 0x08C8, 0x08C8, 0x08C8, 0x08C8, 0x08C8, 0x08C8,
  0x08C8, 0x08C8, 0x08C8, 0x08C8, 0x08C8, 0x08C8, 0x08C8, 0x08C8,
  0x08E9, 0x0047, 0x6BB1, 0xFFFF, 0xFFFF, 0xFFFF, 0x29AB, 0x218B,
  0xFFDF, 0xFFFF, 0xFFFF, 0xFFFF, 0xFFFF, 0xFFFF, 0xFFFF, 0xFFFF,
  0xFFDF, 0xFFFF, 0x8474, 0x0006, 0xBE19, 0xFFFF, 0xFFFF, 0xCE7B,
  0x00A8, 0x08C8, 0x08C8, 0x08C8, 0x08C8, 0x08C8, 0x08C8, 0xF81F,
  0xF81F, 0x08C8, 0x08C8, 0x08C8, 0x08C8, 0x08C8, 0x08C8, 0x08C8,
  0x08C8, 0x08C8, 0x08C8, 0x08C8, 0x08C8, 0x08C8, 0x08C8, 0x08C8,
  0x08C8, 0x08C8, 0x08C8, 0x08C8, 0x08C8, 0x08C8, 0x08C8, 0x08C8,
  0x08E9, 0x0087, 0xB5D8, 0xFFFF, 0xFFFF, 0xFFFF, 0x29CB, 0x218B,
  0xFFDF, 0xFFFF, 0xFFFF, 0xFFFF, 0xFFFF, 0xFFFF, 0xFFFF, 0xFFFF,
  0xFFDF, 0xFFFF, 0x8474, 0x0006, 0xBE39, 0xFFFF, 0xFFFF, 0xCE7B,
  0x00A8, 0x08C8, 0x08C8, 0x08C8, 0x08C8, 0x08C8, 0x08C8, 0xF81F,
  0xF81F, 0x08E9, 0x08C8, 0x08C9, 0x08C9, 0x08C9, 0x08C9, 0x08C9,
  0x08C9, 0x08C9, 0x08C9, 0x08C9, 0x08C9, 0x08C9, 0x08C9, 0x08C9,
  0x08C9, 0x08C9, 0x08C9, 0x08C9, 0x08C9, 0x08C9, 0x08C8, 0x08E9,
  0x0047, 0x6BB1, 0xFFFF, 0xFFFF, 0xFFFF, 0xFFFF, 0x4ACF, 0x0088,
  0xDF1C, 0xFFFF, 0xFFFF, 0xFFFF, 0xFFFF, 0xFFFF, 0xFFFF, 0xFFFF,
  0xFFFF, 0xFFFF, 0x530F, 0x0087, 0xDF1C, 0xFFFF, 0xFFFF, 0xBDF9,
  0x0087, 0x08E9, 0x08C9, 0x08C9, 0x08C9, 0x08C8, 0x08E9, 0xF81F,
  0x08E9, 0x08E9, 0x08E9, 0x08E9, 0x08E9, 0x08E9, 0x08E9, 0x08E9,
  0x08E9, 0x08E9, 0x08E9, 0x08E9, 0x08E9, 0x08E9, 0x08E9, 0x08E9,
  0x08E9, 0x08E9, 0x08E9, 0x08E9, 0x08E9, 0x08E9, 0x08E9, 0x00A8,
  0x29CC, 0xF79E, 0xFFFF, 0xFFFF, 0xFFFF, 0xFFFF, 0x9D16, 0x0006,
  0x8454, 0xFFFF, 0xFFDF, 0xFFFF, 0xFFFF, 0xFFFF, 0xFFFF, 0xFFDF,
  0xFFFF, 0xDF1C, 0x08A8, 0x3A4D, 0xFFFF, 0xFFDF, 0xFFFF, 0x8C95,
  0x0067, 0x0909, 0x08E9, 0x08E9, 0x08E9, 0x08E9, 0x08E9, 0x08E9,
  0x0909, 0x090A, 0x08E9, 0x08E9, 0x08E9, 0x08E9, 0x08E9, 0x08E9,
  0x08E9, 0x08E9, 0x08E9, 0x08E9, 0x08E9, 0x08E9, 0x08E9, 0x08E9,
  0x08E9, 0x08E9, 0x08E9, 0x08E9, 0x08E9, 0x08E9, 0x08E9, 0x00A8,
  0xC63A, 0xFFFF, 0xFFFF, 0xFFFF, 0xFFFF, 0xFFFF, 0xEF9E, 0x21AB,
  0x08A8, 0xBE19, 0xFFFF, 0xFFFF, 0xFFFF, 0xFFFF, 0xFFFF, 0xFFFF,
  0xF7BF, 0x428E, 0x0027, 0xADB8, 0xFFFF, 0xFFDF, 0xFFFF, 0x42AE,
  0x0088, 0x0909, 0x08E9, 0x08E9, 0x08E9, 0x08E9, 0x08E9, 0x08E9,
  0x0088, 0x00A8, 0x0909, 0x112A, 0x090A, 0x0909, 0x0909, 0x0909,
  0x0909, 0x0909, 0x0909, 0x0909, 0x0909, 0x0909, 0x0909, 0x0909,
  0x0909, 0x0909, 0x0909, 0x0909, 0x0909, 0x112A, 0x0088, 0x7C33,
  0xFFFF, 0xFFFF, 0xFFFF, 0xFFFF, 0xFFFF, 0xFFFF, 0xFFFF, 0xBE19,
  0x00A8, 0x08E9, 0x94F6, 0xEF9E, 0xFFFF, 0xFFFF, 0xFFFF, 0xC65A,
  0x3A6E, 0x0006, 0x6BD2, 0xFFFF, 0xFFDF, 0xFFFF, 0xCE9B, 0x08E9,
  0x0909, 0x0909, 0x0909, 0x0909, 0x0909, 0x0909, 0x090A, 0x0909,
  0xAD98, 0x52F0, 0x090A, 0x00A8, 0x08E9, 0x112A, 0x112A, 0x090A,
  0x090A, 0x090A, 0x090A, 0x090A, 0x090A, 0x090A, 0x090A, 0x090A,
  0x090A, 0x090A, 0x090A, 0x090A, 0x112A, 0x00C9, 0x324E, 0xF7DF,
  0xFFFF, 0xFFFF, 0xFFFF, 0xFFFF, 0xFFFF, 0xFFFF, 0xFFFF, 0xFFFF,
  0xB5D9, 0x196B, 0x0027, 0x196B, 0x4ACF, 0x5310, 0x320D, 0x0088,
  0x0068, 0x73F3, 0xFFFF, 0xFFFF, 0xFFDF, 0xFFFF, 0x5310, 0x00A9,
  0x112A, 0x090A, 0x090A, 0x090A, 0x090A, 0x090A, 0x090A, 0x090A,
  0xFFFF, 0xFFFF, 0xD6BB, 0x7413, 0x21AC, 0x00A9, 0x00C9, 0x112A,
  0x112A, 0x092A, 0x092A, 0x092A, 0x092A, 0x092A, 0x092A, 0x092A,
  0x092A, 0x092A, 0x092A, 0x092A, 0x092A, 0x090A, 0xCE9B, 0xFFFF,
  0xFFFF, 0xFFFF, 0xFFFF, 0xFFFF, 0xFFFF, 0xFFFF, 0xFFFF, 0xFFFF,
  0xFFFF, 0xE75D, 0x7C54, 0x2A0D, 0x090A, 0x00EA, 0x198B, 0x5B31,
  0xBE3A, 0xFFFF, 0xFFFF, 0xFFDF, 0xFFFF, 0x9D37, 0x00C9, 0x112A,
  0x092A, 0x092A, 0x092A, 0x092A, 0x092A, 0x092A, 0x092A, 0x092A,
  0xFFDF, 0xFFFF, 0xFFFF, 0xFFFF, 0xEF7E, 0x9D57, 0x42AF, 0x090A,
  0x00C9, 0x090A, 0x114B, 0x114B, 0x092A, 0x092A, 0x092A, 0x092A,
  0x092A, 0x092A, 0x112A, 0x114B, 0x00A9, 0x8CB5, 0xFFFF, 0xFFFF,
  0xFFFF, 0xFFFF, 0xFFFF, 0xFFFF, 0xFFFF, 0xFFFF, 0xFFFF, 0xFFFF,
  0xFFFF, 0xFFFF, 0xFFFF, 0xFFFF, 0xEF5D, 0xE73D, 0xF7BF, 0xFFFF,
  0xFFFF, 0xFFDF, 0xFFFF, 0xFFFF, 0xB5D9, 0x090A, 0x092A, 0x112A,
  0x092A, 0x092A, 0x092A, 0x092A, 0x092A, 0x092A, 0x092A, 0x092A,
  0xFFFF, 0xFFFF, 0xFFFF, 0xFFFF, 0xFFFF, 0xFFFF, 0xFFFF, 0xC65A,
  0x6BB2, 0x198C, 0x00C9, 0x090A, 0x114B, 0x114B, 0x114B, 0x114B,
  0x114B, 0x114B, 0x114B, 0x00CA, 0x42CF, 0xFFFF, 0xFFFF, 0xFFFF,
  0xFFFF, 0xFFFF, 0xFFFF, 0xFFFF, 0xFFFF, 0xFFFF, 0xFFFF, 0xFFFF,
  0xFFFF, 0xFFFF, 0xFFFF, 0xFFFF, 0xFFFF, 0xFFFF, 0xFFFF, 0xFFDF,
  0xFFFF, 0xFFFF, 0xFFFF, 0x94F6, 0x092A, 0x092B, 0x114B, 0x114B,
  0x114B, 0x114B, 0x114B, 0x114B, 0x114B, 0x114B, 0x114B, 0x114B,
  0xFFFF, 0xFFFF, 0xFFFF, 0xFFFF, 0xFFFF, 0xFFFF, 0xFFFF, 0xFFFF,
  0xFFFF, 0xE75D, 0x94F6, 0x3A6F, 0x010A, 0x00EA, 0x114B, 0x114B,
  0x00EA, 0x010A, 0x094B, 0x19AC, 0xDEFC, 0xFFFF, 0xFFFF, 0xFFFF,
  0xFFFF, 0xFFFF, 0xFFFF, 0xFFFF, 0xFFFF, 0xFFFF, 0xFFFF, 0xFFFF,
  0xFFFF, 0xFFFF, 0xFFFF, 0xFFFF, 0xFFFF, 0xFFFF, 0xFFFF, 0xFFFF,
  0xFFDF, 0xBDF9, 0x42D0, 0x00EA, 0x114B, 0x114B, 0x114B, 0x114B,
  0x114B, 0x114B, 0x114B, 0x114B, 0x114B, 0x114B, 0x114B, 0x114B,
  0xFFFF, 0xFFFF, 0xFFFF, 0xFFFF, 0xFFFF, 0xFFFF, 0xFFFF, 0xFFFF,
  0xFFFF, 0xFFFF, 0xFFFF, 0xFFFF, 0xBE1A, 0x5B72, 0x116C, 0x116C,
  0x63D3, 0xB5F9, 0xDF1D, 0xF7BF, 0xFFFF, 0xFFFF, 0xFFFF, 0xFFFF,
  0xFFFF, 0xFFFF, 0xFFFF, 0xFFFF, 0xFFFF, 0xFFFF, 0xFFFF, 0xFFFF,
  0xFFFF, 0xFFFF, 0xFFFF, 0xFFFF, 0xE73D, 0xA578, 0x9D17, 0x6BF3,
  0x324E, 0x090B, 0x010B, 0x116C, 0x116C, 0x116B, 0x116B, 0x116B,
  0x116B, 0x116B, 0x116B, 0x116B, 0x116B, 0x116B, 0x116C, 0x114B,
  0xFFFF, 0xFFFF, 0xFFFF, 0xFFFF, 0xFFFF, 0xFFFF, 0xFFFF, 0xFFFF,
  0xFFFF, 0xFFFF, 0xFFFF, 0xFFFF, 0xFFFF, 0xFFFF, 0xD6FC, 0xD6DC,
  0xFFFF, 0xFFFF, 0xDF1D, 0xDEFC, 0xEF7E, 0xFFFF, 0xFFFF, 0xFFFF,
  0xFFFF, 0xFFFF, 0xFFFF, 0xFFFF, 0xFFFF, 0xFFFF, 0xFFFF, 0xFFFF,
  0xFFFF, 0xFFFF, 0xFFFF, 0xADB9, 0x21CD, 0x00EA, 0x010A, 0x010A,
  0x092B, 0x118C, 0x118C, 0x116C, 0x116C, 0x116C, 0x116C, 0x116C,
  0x116C, 0x116C, 0x116C, 0x116C, 0x116C, 0x116C, 0x118C, 0x116C,
  0xFFFF, 0xFFFF, 0xFFFF, 0xFFFF, 0xFFFF, 0xFFFF, 0xFFFF, 0xFFFF,
  0xFFFF, 0xFFFF, 0xFFFF, 0xFFFF, 0xFFFF, 0xFFFF, 0xFFFF, 0xFFFF,
  0xFFFF, 0xD6DC, 0x5351, 0x096C, 0x096C, 0x4B11, 0xBE5A, 0xFFFF,
  0xFFFF, 0xFFFF, 0xFFFF, 0xFFFF, 0xFFFF, 0xFFFF, 0xFFFF, 0xFFFF,
  0xFFFF, 0xF7BF, 0x6C14, 0x012B, 0x096C, 0x19AD, 0x11AC, 0x11AC,
  0x118C, 0x118C, 0x118C, 0x118C, 0x118C, 0x118C, 0x118C, 0x118C,
  0x118C, 0x118C, 0x118C, 0x118C, 0x118C, 0x118C, 0x118D, 0xF81F,
  0xF81F, 0xFFFF, 0xFFDF, 0xFFFF, 0xFFFF, 0xFFFF, 0xFFFF, 0xFFFF,
  0xFFFF, 0xFFFF, 0xFFFF, 0xFFFF, 0xFFFF, 0xFFFF, 0xFFFF, 0xFFFF,
  0xFFFF, 0xFFFF, 0xFFFF, 0xCEBC, 0x7434, 0x118C, 0x010B, 0x8CF7,
  0xFFFF, 0xFFFF, 0xFFFF, 0xFFFF, 0xFFFF, 0xFFFF, 0xFFFF, 0xFFFF,
  0xCE9B, 0x328F, 0x012B, 0x11AD, 0x11AD, 0x11AD, 0x11AD, 0x11AD,
  0x11AD, 0x11AD, 0x11AD, 0x11AD, 0x11AD, 0x11AD, 0x11AD, 0x11AD,
  0x11AD, 0x11AD, 0x11AD, 0x11AD, 0x11AD, 0x11AD, 0x11AD, 0xF81F,
  0xF81F, 0xFFFF, 0xFFFF, 0xFFFF, 0xFFFF, 0xFFFF, 0xFFFF, 0xFFFF,
  0xFFFF, 0xFFFF, 0xFFFF, 0xFFFF, 0xFFFF, 0xFFFF, 0xFFFF, 0xFFFF,
  0xFFFF, 0xFFFF, 0xFFFF, 0xFFFF, 0xFFFF, 0xDF1D, 0x3AD0, 0x010B,
  0xB5F9, 0xFFFF, 0xFFFF, 0xFFFF, 0xFFFF, 0xFFFF, 0xFFFF, 0x8D17,
  0x11AD, 0x098C, 0x11ED, 0x11CD, 0x11CD, 0x11CD, 0x11CD, 0x11CD,
  0x11CD, 0x11CD, 0x11CD, 0x11CD, 0x11CD, 0x11CD, 0x11CD, 0x11CD,
  0x11CD, 0x11CD, 0x11CD, 0x11CD, 0x11CD, 0x11CD, 0x11AD, 0xF81F,
  0xF81F, 0x6C34, 0xB63A, 0xFFFF, 0xFFFF, 0xFFFF, 0xFFFF, 0xFFFF,
  0xFFFF, 0xFFFF, 0xFFFF, 0xFFFF, 0xFFFF, 0xFFFF, 0xFFFF, 0xFFFF,
  0xFFFF, 0xFFFF, 0xFFFF, 0xFFFF, 0xFFDF, 0xFFFF, 0xE73D, 0x11CD,
  0x32B0, 0xFFDF, 0xFFFF, 0xFFFF, 0xFFFF, 0xE73D, 0x5392, 0x016C,
  0x11CD, 0x11EE, 0x11CD, 0x11CD, 0x11CD, 0x11CD, 0x11CD, 0x11CD,
  0x11CD, 0x11CD, 0x11CD, 0x11CD, 0x11CD, 0x11CD, 0x11CD, 0x11CD,
  0x11CD, 0x11CD, 0x11CD, 0x11CD, 0x11CD, 0x11EE, 0x11ED, 0xF81F,
  0xF81F, 0xF81F, 0x09CE, 0x32D0, 0x8D17, 0xE73D, 0xFFFF, 0xFFFF,
  0xFFFF, 0xFFFF, 0xFFFF, 0xFFFF, 0xFFFF, 0xFFFF, 0xFFFF, 0xFFFF,
  0xFFFF, 0xFFFF, 0xFFFF, 0xFFFF, 0xFFFF, 0xFFDF, 0xFFFF, 0x6C34,
  0x016C, 0xCEBC, 0xFFFF, 0xFFFF, 0xADF9, 0x224F, 0x018D, 0x1A0E,
  0x11EE, 0x11EE, 0x11EE, 0x11EE, 0x11EE, 0x11EE, 0x11EE, 0x11EE,
  0x11EE, 0x11EE, 0x11EE, 0x11EE, 0x11EE, 0x11EE, 0x11EE, 0x11EE,
  0x11EE, 0x11EE, 0x11EE, 0x11EE, 0x11EE, 0x120F, 0xF81F, 0xF81F,
  0xF81F, 0xF81F, 0x122E, 0x09EE, 0x01AD, 0x1A4F, 0x6414, 0xC67B,
  0xFFFF, 0xFFFF, 0xFFFF, 0xFFFF, 0xFFFF, 0xFFFF, 0xFFFF, 0xFFFF,
  0xFFFF, 0xFFFF, 0xFFFF, 0xFFFF, 0xFFFF, 0xFFFF, 0xFFFF, 0x9D78,
  0x014C, 0xADD9, 0xFFFF, 0x7CB6, 0x01AD, 0x11EE, 0x1A2E, 0x120E,
  0x120E, 0x120E, 0x120E, 0x120E, 0x120E, 0x120E, 0x120E, 0x120E,
  0x120E, 0x120E, 0x120E, 0x120E, 0x120E, 0x120E, 0x120E, 0x120E,
  0x120E, 0x120E, 0x120E, 0x120E, 0x120F, 0x120E, 0xF81F, 0xF81F,
  0xF81F, 0xF81F, 0x122F, 0x1270, 0x1A4F, 0x122E, 0x01CE, 0x09EE,
  0x4352, 0x9D98, 0xEF9E, 0xFFFF, 0xFFFF, 0xFFFF, 0xFFFF, 0xFFFF,
  0xFFFF, 0xFFFF, 0xFFFF, 0xFFFF, 0xFFFF, 0xFFFF, 0xFFFF, 0x8D37,
  0x016C, 0xB61A, 0xFFFF, 0x2AB0, 0x09EE, 0x1A4F, 0x122F, 0x122F,
  0x122F, 0x122F, 0x122F, 0x122F, 0x122F, 0x122F, 0x122F, 0x122F,
  0x122F, 0x122F, 0x122F, 0x122F, 0x122F, 0x122F, 0x122F, 0x122F,
  0x122F, 0x122F, 0x122F, 0x122E, 0x1250, 0x122E, 0xF81F, 0xF81F,
  0xF81F, 0xF81F, 0xF81F, 0x124F, 0x124F, 0x124F, 0x124F, 0x124F,
  0x0A0E, 0x01EE, 0x2290, 0x8517, 0xFFFF, 0xFFFF, 0xFFFF, 0xFFFF,
  0xFFFF, 0xFFFF, 0xFFFF, 0xFFFF, 0xFFFF, 0xFFFF, 0xFFFF, 0x4B93,
  0x09EE, 0xE73D, 0xF7BF, 0x2290, 0x122F, 0x124F, 0x124F, 0x124F,
  0x124F, 0x124F, 0x124F, 0x124F, 0x124F, 0x124F, 0x124F, 0x124F,
  0x124F, 0x124F, 0x124F, 0x124F, 0x124F, 0x124F, 0x124F, 0x124F,
  0x124F, 0x124F, 0x124F, 0x124F, 0x124F, 0xF81F, 0xF81F, 0xF81F,
  0xF81F, 0xF81F, 0xF81F, 0x124F, 0x1291, 0x124F, 0x126F, 0x126F,
  0x1270, 0x1A70, 0x0A2F, 0x0A2F, 0xE75D, 0xFFFF, 0xBE5B, 0xF7BE,
  0xFFFF, 0xFFFF, 0xFFFF, 0xFFFF, 0xFFFF, 0xFFFF, 0xADF9, 0x01CE,
  0x53D4, 0xFFFF, 0xB63A, 0x020F, 0x1270, 0x126F, 0x126F, 0x126F,
  0x126F, 0x126F, 0x126F, 0x126F, 0x126F, 0x126F, 0x126F, 0x126F,
  0x126F, 0x126F, 0x126F, 0x126F, 0x126F, 0x126F, 0x126F, 0x126F,
  0x126F, 0x126F, 0x124F, 0x1291, 0x124F, 0xF81F, 0xF81F, 0xF81F,
  0xF81F, 0xF81F, 0xF81F, 0xF81F, 0x1270, 0x1290, 0x1270, 0x1270,
  0x1270, 0x1270, 0x1A90, 0x022F, 0x7CF7, 0xFFFF, 0x9DB9, 0x22D1,
  0x8517, 0xDF3D, 0xFFFF, 0xFFFF, 0xEF9E, 0x9578, 0x0A2F, 0x1A90,
  0xD6FC, 0xFFFF, 0x4BD3, 0x0A2F, 0x1290, 0x1270, 0x1270, 0x1270,
  0x1270, 0x1270, 0x1270, 0x1270, 0x1270, 0x1270, 0x1270, 0x1270,
  0x1270, 0x1270, 0x1270, 0x1270, 0x1270, 0x1270, 0x1270, 0x1270,
  0x1270, 0x1270, 0x1290, 0x1270, 0xF81F, 0xF81F, 0xF81F, 0xF81F,
  0xF81F, 0xF81F, 0xF81F, 0xF81F, 0xF81F, 0x12B1, 0x1290, 0x1290,
  0x1290, 0x1290, 0x1290, 0x1290, 0x1290, 0xCEDC, 0xFFFF, 0x9599,
  0x022F, 0x024F, 0x3352, 0x3B93, 0x1AB1, 0x01CE, 0x2B12, 0xC69C,
  0xFFFF, 0x9DB9, 0x0A4F, 0x12B0, 0x1290, 0x1290, 0x1290, 0x1290,
  0x1290, 0x1290, 0x1290, 0x1290, 0x1290, 0x1290, 0x1290, 0x1290,
  0x1290, 0x1290, 0x1290, 0x1290, 0x1290, 0x1290, 0x1290, 0x1290,
  0x1290, 0x1290, 0x12B1, 0xF81F, 0xF81F, 0xF81F, 0xF81F, 0xF81F,
  0xF81F, 0xF81F, 0xF81F, 0xF81F, 0xF81F, 0x12B1, 0x12F2, 0x12B1,
  0x12B1, 0x12B1, 0x12B1, 0x12B1, 0x0A90, 0x2312, 0xD6FC, 0xFFFF,
  0xE75E, 0x7D17, 0x3B93, 0x3352, 0x4BF4, 0x9599, 0xF7DF, 0xFFFF,
  0xAE1A, 0x12B0, 0x12B1, 0x12B1, 0x12B1, 0x12B1, 0x12B1, 0x12B1,
  0x12B1, 0x12B1, 0x12B1, 0x12B1, 0x12B1, 0x12B1, 0x12B1, 0x12B1,
  0x12B1, 0x12B1, 0x12B1, 0x12B1, 0x12B1, 0x12B1, 0x12B1, 0x12B1,
  0x12B1, 0x12F2, 0x1290, 0xF81F, 0xF81F, 0xF81F, 0xF81F, 0xF81F,
  0xF81F, 0xF81F, 0xF81F, 0xF81F, 0xF81F, 0xF81F, 0x12D1, 0x12F2,
  0x12D1, 0x12D1, 0x12D1, 0x12D1, 0x12D1, 0x0AB1, 0x1AF1, 0x95B9,
  0xFFDF, 0xFFFF, 0xFFFF, 0xFFFF, 0xFFFF, 0xFFFF, 0xEF7E, 0x74F7,
  0x0A91, 0x12B1, 0x12D1, 0x12D1, 0x12D1, 0x12D1, 0x12D1, 0x12D1,
  0x12D1, 0x12D1, 0x12D1, 0x12D1, 0x12D1, 0x12D1, 0x12D1, 0x12D1,
  0x12D1, 0x12D1, 0x12D1, 0x12D1, 0x12D1, 0x12D1, 0x12D1, 0x12D1,
  0x12F2, 0x12D1, 0xF81F, 0xF81F, 0xF81F, 0xF81F, 0xF81F, 0xF81F,
  0xF81F, 0xF81F, 0xF81F, 0xF81F, 0xF81F, 0xF81F, 0xF81F, 0x12F2,
  0x1312, 0x12F1, 0x12F1, 0x12F1, 0x12F1, 0x12F2, 0x12D1, 0x0291,
  0x2B73, 0x6CD7, 0x9DD9, 0xA61A, 0x8D99, 0x5C76, 0x1B32, 0x0291,
  0x12F2, 0x12F2, 0x12F1, 0x12F1, 0x12F1, 0x12F1, 0x12F1, 0x12F1,
  0x12F1, 0x12F1, 0x12F1, 0x12F1, 0x12F1, 0x12F1, 0x12F1, 0x12F1,
  0x12F1, 0x12F1, 0x12F1, 0x12F1, 0x12F1, 0x12F1, 0x12F1, 0x1312,
  0x12F2, 0xF81F, 0xF81F, 0xF81F, 0xF81F, 0xF81F, 0xF81F, 0xF81F,
  0xF81F, 0xF81F, 0xF81F, 0xF81F, 0xF81F, 0xF81F, 0xF81F, 0xF81F,
  0x1312, 0x1333, 0x12F2, 0x1312, 0x1312, 0x12F2, 0x1312, 0x1312,
  0x0AD2, 0x02B1, 0x02B1, 0x02B1, 0x02B1, 0x02B1, 0x12F2, 0x1312,
  0x1312, 0x1312, 0x1312, 0x1312, 0x1312, 0x1312, 0x1312, 0x1312,
  0x1312, 0x1312, 0x1312, 0x1312, 0x1312, 0x1312, 0x1312, 0x1312,
  0x1312, 0x1312, 0x1312, 0x1312, 0x1312, 0x12F2, 0x1333, 0x1312,
  0xF81F, 0xF81F, 0xF81F, 0xF81F, 0xF81F, 0xF81F, 0xF81F, 0xF81F,
  0xF81F, 0xF81F, 0xF81F, 0xF81F, 0xF81F, 0xF81F, 0xF81F, 0xF81F,
  0xF81F, 0x1333, 0x1353, 0x1312, 0x1312, 0x1312, 0x1312, 0x1312,
  0x1332, 0x1332, 0x1332, 0x1332, 0x1333, 0x1332, 0x1312, 0x1312,
  0x1312, 0x1312, 0x1312, 0x1312, 0x1312, 0x1312, 0x1312, 0x1312,
  0x1312, 0x1312, 0x1312, 0x1312, 0x1312, 0x1312, 0x1312, 0x1312,
  0x1312, 0x1312, 0x1312, 0x1312, 0x1312, 0x1353, 0x1333, 0xF81F,
  0xF81F, 0xF81F, 0xF81F, 0xF81F, 0xF81F, 0xF81F, 0xF81F, 0xF81F,
  0xF81F, 0xF81F, 0xF81F, 0xF81F, 0xF81F, 0xF81F, 0xF81F, 0xF81F,
  0xF81F, 0xF81F, 0x1353, 0x1374, 0x1333, 0x1333, 0x1333, 0x1333,
  0x1333, 0x1333, 0x1333, 0x1333, 0x1333, 0x1333, 0x1333, 0x1333,
  0x1333, 0x1333, 0x1333, 0x1333, 0x1333, 0x1333, 0x1333, 0x1333,
  0x1333, 0x1333, 0x1333, 0x1333, 0x1333, 0x1333, 0x1333, 0x1333,
  0x1333, 0x1333, 0x1333, 0x1333, 0x1374, 0x1353, 0xF81F, 0xF81F,
  0xF81F, 0xF81F, 0xF81F, 0xF81F, 0xF81F, 0xF81F, 0xF81F, 0xF81F,
  0xF81F, 0xF81F, 0xF81F, 0xF81F, 0xF81F, 0xF81F, 0xF81F, 0xF81F,
  0xF81F, 0xF81F, 0xF81F, 0x1374, 0x1394, 0x1374, 0x1353, 0x1373,
  0x1373, 0x1373, 0x1373, 0x1373, 0x1373, 0x1373, 0x1373, 0x1373,
  0x1373, 0x1373, 0x1373, 0x1373, 0x1373, 0x1373, 0x1373, 0x1373,
  0x1373, 0x1373, 0x1373, 0x1373, 0x1373, 0x1373, 0x1373, 0x1373,
  0x1373, 0x1353, 0x1374, 0x1394, 0x1373, 0xF81F, 0xF81F, 0xF81F,
  0xF81F, 0xF81F, 0xF81F, 0xF81F, 0xF81F, 0xF81F, 0xF81F, 0xF81F,
  0xF81F, 0xF81F, 0xF81F, 0xF81F, 0xF81F, 0xF81F, 0xF81F, 0xF81F,
  0xF81F, 0xF81F, 0xF81F, 0xF81F, 0xF81F, 0x1394, 0x13D5, 0x1394,
  0x1394, 0x1394, 0x1394, 0x1394, 0x1394, 0x1394, 0x1394, 0x1394,
  0x1394, 0x1394, 0x1394, 0x1394, 0x1394, 0x1394, 0x1394, 0x1394,
  0x1394, 0x1394, 0x1394, 0x1394, 0x1394, 0x1394, 0x1394, 0x1394,
  0x1394, 0x13D5, 0x1394, 0xF81F, 0xF81F, 0xF81F, 0xF81F, 0xF81F,
  0xF81F, 0xF81F, 0xF81F, 0xF81F, 0xF81F, 0xF81F, 0xF81F, 0xF81F,
  0xF81F, 0xF81F, 0xF81F, 0xF81F, 0xF81F, 0xF81F, 0xF81F, 0xF81F,
  0xF81F, 0xF81F, 0xF81F, 0xF81F, 0xF81F, 0xF81F, 0x13B5, 0x13D5,
  0x13F6, 0x13D5, 0x13B4, 0x13B4, 0x13B4, 0x13B5, 0x13B5, 0x13B5,
  0x13B5, 0x13B5, 0x13B5, 0x13B5, 0x13B5, 0x13B5, 0x13B5, 0x13B5,
  0x13B5, 0x13B5, 0x13B5, 0x13B4, 0x13B4, 0x13B4, 0x13D5, 0x13F6,
  0x13D5, 0x13B5, 0xF81F, 0xF81F, 0xF81F, 0xF81F, 0xF81F, 0xF81F,
  0xF81F, 0xF81F, 0xF81F, 0xF81F, 0xF81F, 0xF81F, 0xF81F, 0xF81F,
  0xF81F, 0xF81F, 0xF81F, 0xF81F, 0xF81F, 0xF81F, 0xF81F, 0xF81F,
  0xF81F, 0xF81F, 0xF81F, 0xF81F, 0xF81F, 0xF81F, 0xF81F, 0xF81F,
  0x13D5, 0x13F6, 0x1417, 0x1417, 0x13F6, 0x13D5, 0x13D5, 0x13D5,
  0x13D5, 0x13D5, 0x13D5, 0x13D5, 0x13D5, 0x13D5, 0x13D5, 0x13D5,
  0x13D5, 0x13D5, 0x13D5, 0x13F6, 0x1417, 0x1417, 0x13F5, 0x13F5,
  0xF81F, 0xF81F, 0xF81F, 0xF81F, 0xF81F, 0xF81F, 0xF81F, 0xF81F,
  0xF81F, 0xF81F, 0xF81F, 0xF81F, 0xF81F, 0xF81F, 0xF81F, 0xF81F,
  0xF81F, 0xF81F, 0xF81F, 0xF81F, 0xF81F, 0xF81F, 0xF81F, 0xF81F,
  0xF81F, 0xF81F, 0xF81F, 0xF81F, 0xF81F, 0xF81F, 0xF81F, 0xF81F,
  0xF81F, 0xF81F, 0xF81F, 0x1416, 0x1416, 0x1416, 0x1437, 0x1437,
  0x1436, 0x1416, 0x1416, 0x1416, 0x1416, 0x1416, 0x1416, 0x1436,
  0x1437, 0x1437, 0x1416, 0x1416, 0x1416, 0xF81F, 0xF81F, 0xF81F,
  0xF81F, 0xF81F, 0xF81F, 0xF81F, 0xF81F, 0xF81F, 0xF81F, 0xF81F,
  0xF81F, 0xF81F, 0xF81F, 0xF81F, 0xF81F, 0xF81F, 0xF81F, 0xF81F,
  0xF81F, 0xF81F, 0xF81F, 0xF81F, 0xF81F, 0xF81F, 0xF81F, 0xF81F,
  0xF81F, 0xF81F, 0xF81F, 0xF81F, 0xF81F, 0xF81F, 0xF81F, 0xF81F,
  0xF81F, 0xF81F, 0xF81F, 0xF81F, 0xF81F, 0xF81F, 0xF81F, 0x1416,
  0x1416, 0x1436, 0x1436, 0x1436, 0x1436, 0x1436, 0x1436, 0x1416,
  0x1436, 0xF81F, 0xF81F, 0xF81F, 0xF81F, 0xF81F, 0xF81F, 0xF81F,
  0xF81F, 0xF81F, 0xF81F, 0xF81F, 0xF81F, 0xF81F, 0xF81F, 0xF81F,
  0xF81F, 0xF81F, 0xF81F, 0xF81F, 0xF81F, 0xF81F, 0xF81F, 0xF81F,
};

// 56x56 RGB565
const uint16_t icon_fusion360[3136] PROGMEM = {
  0xFFFF, 0xFFFF, 0xFFFF, 0xFFFF, 0xFFFF, 0xFFFF, 0xFFFF, 0xFFFF,
  0xFFBD, 0xFDD0, 0xFB61, 0xFB40, 0xFB40, 0xFB40, 0xFB40, 0xFB40,
  0xFB40, 0xFB40, 0xFB40, 0xFB40, 0xFB40, 0xFB40, 0xFB40, 0xFB40,
  0xFB40, 0xFB40, 0xFB40, 0xFB40, 0xFB40, 0xFB40, 0xFB40, 0xFB40,
  0xFB40, 0xFB40, 0xFB40, 0xFB40, 0xFB40, 0xFB40, 0xFB40, 0xFB40,
  0xFB40, 0xFB40, 0xFB40, 0xFB40, 0xFB40, 0xFB40, 0xFB40, 0xFB40,
  0xFBC4, 0xFE75, 0xFFFF, 0xFFFF, 0xFFFF, 0xFFFF, 0xFFFF, 0xFFFF,
  0xFFFF, 0xFFFF, 0xFFFF, 0xFFFF, 0xFFFF, 0xFFFF, 0xFFFF, 0xFE96,
  0xFCEB, 0xFC67, 0xFB81, 0xFB40, 0xFB40, 0xFB40, 0xFB40, 0xFB40,
  0xFB40, 0xFB40, 0xFB40, 0xFB40, 0xFB40, 0xFB40, 0xFB40, 0xFB40,
  0xFB40, 0xFB40, 0xFB40, 0xFB40, 0xFB40, 0xFB40, 0xFB40, 0xFB40,
  0xFB40, 0xFB40, 0xFB40, 0xFB40, 0xFB40, 0xFB40, 0xFB40, 0xFB40,
  0xFB40, 0xFB40, 0xFB40, 0xFB40, 0xFB40, 0xFB40, 0xFB40, 0xFB40,
  0xFB20, 0xFB40, 0xFF3A, 0xFFFF, 0xFFFF, 0xFFFF, 0xFFFF, 0xFFFF,
  0xFFFF, 0xFFFF, 0xFFFF, 0xFFFF, 0xFFFF, 0xFF3A, 0xFD6D, 0xFC67,
  0xFC88, 0xFCA9, 0xFB61, 0xFB40, 0xFB40, 0xFB40, 0xFB40, 0xFB40,
  0xFB40, 0xFB40, 0xFB40, 0xFB40, 0xFB40, 0xFB40, 0xFB40, 0xFB40,
  0xFB40, 0xFB40, 0xFB40, 0xFB40, 0xFB40, 0xFB40, 0xFB40, 0xFB40,
  0xFB40, 0xFB40, 0xFB40, 0xFB40, 0xFB40, 0xFB40, 0xFB40, 0xFB40,
  0xFB40, 0xFB40, 0xFB40, 0xFB40, 0xFB40, 0xFB40, 0xFB40, 0xFB40,
  0xFB60, 0xFAE0, 0xFDD0, 0xFFFF, 0xFFFF, 0xFFFF, 0xFFFF, 0xFFFF,
  0xFFFF, 0xFFFF, 0xFFFF, 0xFFBD, 0xFDF2, 0xFC88, 0xFC87, 0xFCA9,
  0xFCA9, 0xFCA9, 0xFB61, 0xFB40, 0xFB40, 0xFB40, 0xFB40, 0xFB40,
  0xFB40, 0xFB40, 0xFB40, 0xFB40, 0xFB40, 0xFB40, 0xFB40, 0xFB40,
  0xFB40, 0xFB40, 0xFB40, 0xFB40, 0xFB40, 0xFB40, 0xFB40, 0xFB40,
  0xFB40, 0xFB40, 0xFB40, 0xFB40, 0xFB40, 0xFB40, 0xFB40, 0xFB40,
  0xFB40, 0xFB40, 0xFB40, 0xFB40, 0xFB40, 0xFB40, 0xFB40, 0xFB40,
  0xFB60, 0xFAE0, 0xFDAF, 0xFFFF, 0xFFFF, 0xFFFF, 0xFFFF, 0xFFFF,
  0xFFFF, 0xFFFF, 0xFEB6, 0xFCEA, 0xFC67, 0xFCA9, 0xFCA9, 0xFCA9,
  0xFCA9, 0xFCA9, 0xFB61, 0xFB40, 0xFB40, 0xFB40, 0xFB40, 0xFB40,
  0xFB40, 0xFB40, 0xFB40, 0xFB40, 0xFB40, 0xFB40, 0xFB40, 0xFB40,
  0xFB40, 0xFB40, 0xFB40, 0xFB40, 0xFB40, 0xFB40, 0xFB40, 0xFB40,
  0xFB40, 0xFB40, 0xFB40, 0xFB40, 0xFB40, 0xFB40, 0xFB40, 0xFB40,
  0xFB40, 0xFB40, 0xFB40, 0xFB40, 0xFB40, 0xFB40, 0xFB40, 0xFB40,
  0xFB60, 0xFAE0, 0xFDAF, 0xFFFF, 0xFFFF, 0xFFFF, 0xFFFF, 0xFFFF,
  0xFFFF, 0xFED7, 0xFC46, 0xFC88, 0xFCA9, 0xFCA9, 0xFCA9, 0xFCA9,
  0xFCA9, 0xFCA9, 0xFB61, 0xFB40, 0xFB40, 0xFB40, 0xFB40, 0xFB40,
  0xFB40, 0xFB40, 0xFB40, 0xFB40, 0xFB40, 0xFB40, 0xFB40, 0xFB40,
  0xFB40, 0xFB40, 0xFB40, 0xFB40, 0xFB40, 0xFB40, 0xFB40, 0xFB40,
  0xFB40, 0xFB40, 0xFB40, 0xFB40, 0xFB40, 0xFB40, 0xFB40, 0xFB40,
  0xFB40, 0xFB40, 0xFB40, 0xFB40, 0xFB40, 0xFB40, 0xFB40, 0xFB40,
  0xFB60, 0xFAE0, 0xFDAF, 0xFFFF, 0xFFFF, 0xFFFF, 0xFFFF, 0xFFFF,
  0xFFFF, 0xFEB7, 0xFC67, 0xFCA9, 0xFCA9, 0xFCA9, 0xFCA9, 0xFCA9,
  0xFCA9, 0xFCA9, 0xFB61, 0xFB40, 0xFB40, 0xFB40, 0xFB40, 0xFB40,
  0xFB40, 0xFB40, 0xFB40, 0xFB40, 0xFB40, 0xFB40, 0xFB40, 0xFB60,
  0xFB60, 0xFB60, 0xFB60, 0xFB60, 0xFB60, 0xFB60, 0xFB60, 0xFB60,
  0xFB60, 0xFB60, 0xFB60, 0xFB60, 0xFB60, 0xFB40, 0xFB40, 0xFB40,
  0xFB40, 0xFB40, 0xFB40, 0xFB40, 0xFB40, 0xFB40, 0xFB40, 0xFB40,
  0xFB60, 0xFAE0, 0xFD8F, 0xFFFF, 0xFFDF, 0xFFFF, 0xFFFF, 0xFFFF,
  0xFFFF, 0xFEB7, 0xFC67, 0xFCA9, 0xFCA9, 0xFCA9, 0xFCA9, 0xFCA9,
  0xFCA9, 0xFCA9, 0xFB61, 0xFB40, 0xFB40, 0xFB40, 0xFB40, 0xFB40,
  0xFB40, 0xFB40, 0xFB40, 0xFB40, 0xFB40, 0xFB40, 0xFB20, 0xFB00,
  0xFB00, 0xFB00, 0xFB00, 0xFB00, 0xFB00, 0xFB00, 0xFB00, 0xFB00,
  0xFB00, 0xFB00, 0xFB00, 0xFB00, 0xFB00, 0xFB40, 0xFB40, 0xFB40,
  0xFB40, 0xFB40, 0xFB40, 0xFB40, 0xFB40, 0xFB40, 0xFB40, 0xFB40,
  0xFB60, 0xFAE0, 0xFDD0, 0xFFFF, 0xFFFF, 0xFFFF, 0xFFFF, 0xFFFF,
  0xFFFF, 0xFEB7, 0xFC67, 0xFCA9, 0xFCA9, 0xFCA9, 0xFCA9, 0xFCA9,
  0xFCA9, 0xFCA9, 0xFB61, 0xFB40, 0xFB40, 0xFB40, 0xFB40, 0xFB40,
  0xFB40, 0xFB40, 0xFB40, 0xFB40, 0xFB40, 0xFB20, 0xFC47, 0xFE95,
  0xFE75, 0xFE95, 0xFE95, 0xFE95, 0xFE95, 0xFE95, 0xFE95, 0xFE95,
  0xFE95, 0xFE95, 0xFE95, 0xFE75, 0xFE95, 0xFC05, 0xFB20, 0xFB40,
  0xFB40, 0xFB40, 0xFB40, 0xFB40, 0xFB40, 0xFB40, 0xFB40, 0xFB40,
  0xFB40, 0xFB00, 0xF4CB, 0xE677, 0xE677, 0xE657, 0xF77C, 0xFFFF,
  0xFFFF, 0xFEB7, 0xFC67, 0xFCA9, 0xFCA9, 0xFCA9, 0xFCA9, 0xFCA9,
  0xFCA9, 0xFCA9, 0xFB61, 0xFB40, 0xFB40, 0xFB40, 0xFB40, 0xFB40,
  0xFB40, 0xFB40, 0xFB40, 0xFB40, 0xFB60, 0xFB00, 0xFCEB, 0xFFFF,
  0xFFFF, 0xFFFF, 0xFFFF, 0xFFFF, 0xFFFF, 0xFFFF, 0xFFFF, 0xFFFF,
  0xFFFF, 0xFFFF, 0xFFFF, 0xFFFF, 0xFFFF, 0xFC68, 0xFB00, 0xFB60,
  0xFB40, 0xFB40, 0xFB40, 0xFB40, 0xFB40, 0xFB40, 0xFB40, 0xFB40,
  0xFB40, 0xFB60, 0xCA60, 0x8960, 0x91A0, 0x8920, 0xD593, 0xFFFF,
  0xFFFF, 0xFEB7, 0xFC67, 0xFCA9, 0xFCA9, 0xFCA9, 0xFCA9, 0xFCA9,
  0xFCA9, 0xFCA9, 0xFB61, 0xFB40, 0xFB40, 0xFB40, 0xFB40, 0xFB40,
  0xFB40, 0xFB40, 0xFB40, 0xFB40, 0xFB60, 0xFB00, 0xFCCA, 0xFFFF,
  0xFFDF, 0xFFFF, 0xFFFF, 0xFFFF, 0xFFFF, 0xFFDF, 0xFFDF, 0xFFDF,
  0xFFDF, 0xFFDF, 0xFFDF, 0xFFDE, 0xFFDF, 0xFC67, 0xFB00, 0xFB60,
  0xFB40, 0xFB40, 0xFB40, 0xFB40, 0xFB40, 0xFB40, 0xFB40, 0xFB40,
  0xFB40, 0xFB60, 0xCA80, 0x89C0, 0x9A01, 0x8960, 0xD5B4, 0xFFFF,
  0xFFFF, 0xFEB7, 0xFC67, 0xFCA9, 0xFCA9, 0xFCA9, 0xFCA9, 0xFCA9,
  0xFCA9, 0xFCA9, 0xFB61, 0xFB40, 0xFB40, 0xFB40, 0xFB40, 0xFB40,
  0xFB40, 0xFB40, 0xFB40, 0xFB40, 0xFB60, 0xFB00, 0xFCCA, 0xFFFF,
  0xFFFF, 0xFFFF, 0xFFFF, 0xFFFF, 0xFFFF, 0xFFFF, 0xFFFF, 0xFFFF,
  0xFFFF, 0xFFFF, 0xFFFF, 0xFFFF, 0xFFFF, 0xFC68, 0xFB00, 0xFB60,
  0xFB40, 0xFB40, 0xFB40, 0xFB40, 0xFB40, 0xFB40, 0xFB40, 0xFB40,
  0xFB40, 0xFB60, 0xCA80, 0x89A0, 0x99E1, 0x8960, 0xD5B3, 0xFFFF,
  0xFFFF, 0xFEB7, 0xFC67, 0xFCA9, 0xFCA9, 0xFCA9, 0xFCA9, 0xFCA9,
  0xFCA9, 0xFCA9, 0xFB61, 0xFB40, 0xFB40, 0xFB40, 0xFB40, 0xFB40,
  0xFB40, 0xFB40, 0xFB40, 0xFB40, 0xFB60, 0xFB00, 0xFCCA, 0xFFFF,
  0xFFFF, 0xFFFF, 0xFFFF, 0xFFFF, 0xFE54, 0xFD0D, 0xFD4D, 0xFD2D,
  0xFD2D, 0xFD2D, 0xFD2D, 0xFD2D, 0xFD4D, 0xFBC3, 0xFB20, 0xFB40,
  0xFB40, 0xFB40, 0xFB40, 0xFB40, 0xFB40, 0xFB40, 0xFB40, 0xFB40,
  0xFB40, 0xFB60, 0xCA80, 0x89A0, 0x99E1, 0x8960, 0xD5B3, 0xFFFF,
  0xFFFF, 0xFEB7, 0xFC67, 0xFCA9, 0xFCA9, 0xFCA9, 0xFCA9, 0xFCA9,
  0xFCA9, 0xFCA9, 0xFB61, 0xFB40, 0xFB40, 0xFB40, 0xFB40, 0xFB40,
  0xFB40, 0xFB40, 0xFB40, 0xFB40, 0xFB60, 0xFB00, 0xFCCA, 0xFFFF,
  0xFFFF, 0xFFFF, 0xFFFF, 0xFFFF, 0xFCEA, 0xFAA0, 0xFB00, 0xFB00,
  0xFB00, 0xFB00, 0xFB00, 0xFB00, 0xFB00, 0xFB40, 0xFB40, 0xFB40,
  0xFB40, 0xFB40, 0xFB40, 0xFB40, 0xFB40, 0xFB40, 0xFB40, 0xFB40,
  0xFB40, 0xFB60, 0xCA80, 0x89A0, 0x99E1, 0x8960, 0xD5B3, 0xFFFF,
  0xFFFF, 0xFEB7, 0xFC67, 0xFCA9, 0xFCA9, 0xFCA9, 0xFCA9, 0xFCA9,
  0xFCA9, 0xFCA9, 0xFB61, 0xFB40, 0xFB40, 0xFB40, 0xFB40, 0xFB40,
  0xFB40, 0xFB40, 0xFB40, 0xFB40, 0xFB60, 0xFB00, 0xFCCA, 0xFFFF,
  0xFFFF, 0xFFFF, 0xFFFF, 0xFFFF, 0xFD0C, 0xFB00, 0xFB61, 0xFB60,
  0xFB60, 0xFB60, 0xFB60, 0xFB60, 0xFB60, 0xFB40, 0xFB40, 0xFB40,
  0xFB40, 0xFB40, 0xFB40, 0xFB40, 0xFB40, 0xFB40, 0xFB40, 0xFB40,
  0xFB40, 0xFB60, 0xCA80, 0x89A0, 0x99E1, 0x8960, 0xD5B3, 0xFFFF,
  0xFFFF, 0xFEB7, 0xFC67, 0xFCA9, 0xFCA9, 0xFCA9, 0xFCA9, 0xFCA9,
  0xFCA9, 0xFCA9, 0xFB61, 0xFB40, 0xFB40, 0xFB40, 0xFB40, 0xFB40,
  0xFB40, 0xFB40, 0xFB40, 0xFB40, 0xFB60, 0xFB00, 0xFCCA, 0xFFFF,
  0xFFFF, 0xFFFF, 0xFFFF, 0xFFFF, 0xFD0C, 0xFB00, 0xFB60, 0xFB40,
  0xFB40, 0xFB40, 0xFB40, 0xFB40, 0xFB40, 0xFB40, 0xFB40, 0xFB40,
  0xFB40, 0xFB40, 0xFB40, 0xFB40, 0xFB40, 0xFB40, 0xFB40, 0xFB40,
  0xFB40, 0xFB60, 0xCA80, 0x89A0, 0x99E1, 0x8960, 0xD5B3, 0xFFFF,
  0xFFFF, 0xFEB7, 0xFC67, 0xFCA9, 0xFCA9, 0xFCA9, 0xFCA9, 0xFCA9,
  0xFCA9, 0xFCA9, 0xFB61, 0xFB40, 0xFB40, 0xFB40, 0xFB40, 0xFB40,
  0xFB40, 0xFB40, 0xFB40, 0xFB40, 0xFB60, 0xFB00, 0xFCCA, 0xFFFF,
  0xFFFF, 0xFFFF, 0xFFFF, 0xFFFF, 0xFCEB, 0xFAC0, 0xFB20, 0xFB20,
  0xFB20, 0xFB20, 0xFB20, 0xFB20, 0xFB40, 0xFB40, 0xFB40, 0xFB40,
  0xFB40, 0xFB40, 0xFB40, 0xFB40, 0xFB40, 0xFB40, 0xFB40, 0xFB40,
  0xFB40, 0xFB60, 0xCA80, 0x89A0, 0x99E1, 0x8960, 0xD5B3, 0xFFFF,
  0xFFFF, 0xFEB7, 0xFC67, 0xFCA9, 0xFCA9, 0xFCA9, 0xFCA9, 0xFCA9,
  0xFCA9, 0xFCA9, 0xFB61, 0xFB40, 0xFB40, 0xFB40, 0xFB40, 0xFB40,
  0xFB40, 0xFB40, 0xFB40, 0xFB40, 0xFB60, 0xFB00, 0xFCCA, 0xFFFF,
  0xFFFF, 0xFFFF, 0xFFFF, 0xFFFF, 0xFD8F, 0xFBE5, 0xFC26, 0xFC25,
  0xFC25, 0xFC25, 0xFC25, 0xFC04, 0xFB40, 0xFB40, 0xFB40, 0xFB40,
  0xFB40, 0xFB40, 0xFB40, 0xFB40, 0xFB40, 0xFB40, 0xFB40, 0xFB40,
  0xFB40, 0xFB60, 0xCA80, 0x89A0, 0x99E1, 0x8960, 0xD5B3, 0xFFFF,
  0xFFFF, 0xFEB7, 0xFC67, 0xFCA9, 0xFCA9, 0xFCA9, 0xFCA9, 0xFCA9,
  0xFCA9, 0xFCA9, 0xFB61, 0xFB40, 0xFB40, 0xFB40, 0xFB40, 0xFB40,
  0xFB40, 0xFB40, 0xFB40, 0xFB40, 0xFB60, 0xFB00, 0xFCCA, 0xFFFF,
  0xFFFF, 0xFFFF, 0xFFFF, 0xFFFF, 0xFFFF, 0xFFFF, 0xFFFF, 0xFFFF,
  0xFFFF, 0xFFFF, 0xFFFF, 0xFF3A, 0xFB40, 0xFB40, 0xFB40, 0xFB40,
  0xFB40, 0xFB40, 0xFB40, 0xFB40, 0xFB40, 0xFB40, 0xFB40, 0xFB40,
  0xFB40, 0xFB60, 0xCA80, 0x89A0, 0x99E1, 0x8960, 0xD5B3, 0xFFFF,
  0xFFFF, 0xFEB7, 0xFC67, 0xFCA9, 0xFCA9, 0xFCA9, 0xFCA9, 0xFCA9,
  0xFCA9, 0xFCA9, 0xFB61, 0xFB40, 0xFB40, 0xFB40, 0xFB40, 0xFB40,
  0xFB40, 0xFB40, 0xFB40, 0xFB40, 0xFB60, 0xFB00, 0xFCCA, 0xFFFF,
  0xFFFF, 0xFFFF, 0xFFFF, 0xFFFF, 0xFFFF, 0xFFFF, 0xFFFF, 0xFFFF,
  0xFFFF, 0xFFFF, 0xFFFF, 0xFF3A, 0xFB40, 0xFB40, 0xFB40, 0xFB40,
  0xFB40, 0xFB40, 0xFB40, 0xFB40, 0xFB40, 0xFB40, 0xFB40, 0xFB40,
  0xFB40, 0xFB60, 0xCA80, 0x89A0, 0x99E1, 0x8960, 0xD5B3, 0xFFFF,
  0xFFFF, 0xFEB7, 0xFC67, 0xFCA9, 0xFCA9, 0xFCA9, 0xFCA9, 0xFCA9,
  0xFCA9, 0xFCA9, 0xFB61, 0xFB40, 0xFB40, 0xFB40, 0xFB40, 0xFB40,
  0xFB40, 0xFB40, 0xFB40, 0xFB40, 0xFB60, 0xFB00, 0xFCCA, 0xFFFF,
  0xFFFF, 0xFFFF, 0xFFFF, 0xFFFF, 0xFFFF, 0xFFFF, 0xFFFF, 0xFFFF,
  0xFFFF, 0xFFFF, 0xFFFF, 0xFF5B, 0xFB40, 0xFB40, 0xFB40, 0xFB40,
  0xFB40, 0xFB40, 0xFB40, 0xFB40, 0xFB40, 0xFB40, 0xFB40, 0xFB40,
  0xFB40, 0xFB60, 0xCA80, 0x89A0, 0x99E1, 0x8960, 0xD5B3, 0xFFFF,
  0xFFFF, 0xFEB7, 0xFC67, 0xFCA9, 0xFCA9, 0xFCA9, 0xFCA9, 0xFCA9,
  0xFCA9, 0xFCA9, 0xFB61, 0xFB40, 0xFB40, 0xFB40, 0xFB40, 0xFB40,
  0xFB40, 0xFB40, 0xFB40, 0xFB40, 0xFB60, 0xFB00, 0xFCCA, 0xFFFF,
  0xFFFF, 0xFFFF, 0xFFFF, 0xFFFF, 0xFF9C, 0xFF3B, 0xFF5B, 0xFF5B,
  0xFF5B, 0xFF3A, 0xFF5B, 0xFE96, 0xFB40, 0xFB40, 0xFB40, 0xFB40,
  0xFB40, 0xFB40, 0xFB40, 0xFB40, 0xFB40, 0xFB40, 0xFB40, 0xFB40,
  0xFB40, 0xFB60, 0xCA80, 0x89A0, 0x99E1, 0x8960, 0xD5B3, 0xFFFF,
  0xFFFF, 0xFEB7, 0xFC67, 0xFCA9, 0xFCA9, 0xFCA9, 0xFCA9, 0xFCA9,
  0xFCA9, 0xFCA9, 0xFB61, 0xFB40, 0xFB40, 0xFB40, 0xFB40, 0xFB40,
  0xFB40, 0xFB40, 0xFB40, 0xFB40, 0xFB60, 0xFB00, 0xFCCA, 0xFFFF,
  0xFFFF, 0xFFFF, 0xFFFF, 0xFFFF, 0xFD0B, 0xFB00, 0xFB60, 0xFB40,
  0xFB40, 0xFB40, 0xFB40, 0xFB40, 0xFB40, 0xFB40, 0xFB40, 0xFB40,
  0xFB40, 0xFB40, 0xFB40, 0xFB40, 0xFB40, 0xFB40, 0xFB40, 0xFB40,
  0xFB40, 0xFB60, 0xCA80, 0x89A0, 0x99E1, 0x8960, 0xD5B3, 0xFFFF,
  0xFFFF, 0xFEB7, 0xFC67, 0xFCA9, 0xFCA9, 0xFCA9, 0xFCA9, 0xFCA9,
  0xFCA9, 0xFCA9, 0xFB61, 0xFB40, 0xFB40, 0xFB40, 0xFB40, 0xFB40,
  0xFB40, 0xFB40, 0xFB40, 0xFB40, 0xFB60, 0xFB00, 0xFCCA, 0xFFFF,
  0xFFFF, 0xFFFF, 0xFFFF, 0xFFFF, 0xFD0B, 0xFB00, 0xFB60, 0xFB40,
  0xFB40, 0xFB40, 0xFB40, 0xFB40, 0xFB40, 0xFB40, 0xFB40, 0xFB40,
  0xFB40, 0xFB40, 0xFB40, 0xFB40, 0xFB40, 0xFB40, 0xFB40, 0xFB40,
  0xFB40, 0xFB60, 0xCA80, 0x89A0, 0x99E1, 0x8960, 0xD5B3, 0xFFFF,
  0xFFFF, 0xFEB7, 0xFC67, 0xFCA9, 0xFCA9, 0xFCA9, 0xFCA9, 0xFCA9,
  0xFCA9, 0xFCA9, 0xFB61, 0xFB40, 0xFB40, 0xFB40, 0xFB40, 0xFB40,
  0xFB40, 0xFB40, 0xFB40, 0xFB40, 0xFB60, 0xFB00, 0xFCCA, 0xFFFF,
  0xFFFF, 0xFFFF, 0xFFFF, 0xFFFF, 0xFD0B, 0xFB00, 0xFB60, 0xFB40,
  0xFB40, 0xFB40, 0xFB40, 0xFB40, 0xFB40, 0xFB40, 0xFB40, 0xFB40,
  0xFB40, 0xFB40, 0xFB40, 0xFB40, 0xFB40, 0xFB40, 0xFB40, 0xFB40,
  0xFB40, 0xFB60, 0xCA80, 0x89A0, 0x99E1, 0x8960, 0xD5B3, 0xFFFF,
  0xFFFF, 0xFEB7, 0xFC67, 0xFCA9, 0xFCA9, 0xFCA9, 0xFCA9, 0xFCA9,
  0xFCA9, 0xFCA9, 0xFB61, 0xFB40, 0xFB40, 0xFB40, 0xFB40, 0xFB40,
  0xFB40, 0xFB40, 0xFB40, 0xFB40, 0xFB60, 0xFB00, 0xFCCA, 0xFFFF,
  0xFFFF, 0xFFFF, 0xFFFF, 0xFFFF, 0xFD0B, 0xFB00, 0xFB60, 0xFB40,
  0xFB40, 0xFB40, 0xFB40, 0xFB40, 0xFB40, 0xFB40, 0xFB40, 0xFB40,
  0xFB40, 0xFB40, 0xFB40, 0xFB40, 0xFB40, 0xFB40, 0xFB40, 0xFB40,
  0xFB40, 0xFB60, 0xCA80, 0x89A0, 0x99E1, 0x8960, 0xD5B3, 0xFFFF,
  0xFFFF, 0xFEB7, 0xFC67, 0xFCA9, 0xFCA9, 0xFCA9, 0xFCA9, 0xFCA9,
  0xFCA9, 0xFCA9, 0xFB61, 0xFB40, 0xFB40, 0xFB40, 0xFB40, 0xFB40,
  0xFB40, 0xFB40, 0xFB40, 0xFB40, 0xFB60, 0xFB00, 0xFCCA, 0xFFFF,
  0xFFFF, 0xFFFF, 0xFFFF, 0xFFFF, 0xFD0B, 0xFB00, 0xFB60, 0xFB40,
  0xFB40, 0xFB40, 0xFB40, 0xFB40, 0xFB40, 0xFB40, 0xFB40, 0xFB40,
  0xFB40, 0xFB40, 0xFB40, 0xFB40, 0xFB40, 0xFB40, 0xFB40, 0xFB40,
  0xFB40, 0xFB60, 0xCA80, 0x89A0, 0x99E1, 0x8960, 0xD5B3, 0xFFFF,
  0xFFFF, 0xFEB7, 0xFC67, 0xFCA9, 0xFCA9, 0xFCA9, 0xFCA9, 0xFCA9,
  0xFCA9, 0xFCA9, 0xFB61, 0xFB40, 0xFB40, 0xFB40, 0xFB40, 0xFB40,
  0xFB40, 0xFB40, 0xFB40, 0xFB40, 0xFB60, 0xFB00, 0xFCCA, 0xFFFF,
  0xFFFF, 0xFFFF, 0xFFFF, 0xFFFF, 0xFD0B, 0xFB00, 0xFB60, 0xFB40,
  0xFB40, 0xFB40, 0xFB40, 0xFB40, 0xFB40, 0xFB40, 0xFB40, 0xFB40,
  0xFB40, 0xFB40, 0xFB40, 0xFB40, 0xFB40, 0xFB40, 0xFB40, 0xFB40,
  0xFB40, 0xFB60, 0xCA80, 0x89A0, 0x99E1, 0x8960, 0xD5B3, 0xFFFF,
  0xFFFF, 0xFEB7, 0xFC67, 0xFCA9, 0xFCA9, 0xFCA9, 0xFCA9, 0xFCA9,
  0xFCA9, 0xFCA9, 0xFB61, 0xFB40, 0xFB40, 0xFB40, 0xFB40, 0xFB40,
  0xFB40, 0xFB40, 0xFB40, 0xFB40, 0xFB60, 0xFB00, 0xFCCA, 0xFFFF,
  0xFFFF, 0xFFFF, 0xFFFF, 0xFFFF, 0xFD0B, 0xFB00, 0xFB60, 0xFB40,
  0xFB40, 0xFB40, 0xFB40, 0xFB40, 0xFB40, 0xFB40, 0xFB40, 0xFB40,
  0xFB40, 0xFB40, 0xFB40, 0xFB40, 0xFB40, 0xFB40, 0xFB40, 0xFB40,
  0xFB40, 0xFB60, 0xCA80, 0x89A0, 0x99E1, 0x8960, 0xD5B3, 0xFFFF,
  0xFFFF, 0xFEB7, 0xFC67, 0xFCA9, 0xFCA9, 0xFCA9, 0xFCA9, 0xFCA9,
  0xFCA9, 0xFCA9, 0xFB61, 0xFB40, 0xFB40, 0xFB40, 0xFB40, 0xFB40,
  0xFB40, 0xFB40, 0xFB40, 0xFB40, 0xFB60, 0xFB00, 0xFCCA, 0xFFFF,
  0xFFFF, 0xFFFF, 0xFFFF, 0xFFFF, 0xFD0C, 0xFB00, 0xFB60, 0xFB40,
  0xFB40, 0xFB40, 0xFB40, 0xFB40, 0xFB40, 0xFB40, 0xFB40, 0xFB40,
  0xFB40, 0xFB40, 0xFB40, 0xFB40, 0xFB40, 0xFB40, 0xFB40, 0xFB40,
  0xFB40, 0xFB60, 0xCA80, 0x89A0, 0x99E1, 0x8960, 0xD5B3, 0xFFFF,
  0xFFFF, 0xFEB7, 0xFC67, 0xFCA9, 0xFCA9, 0xFCA9, 0xFCA9, 0xFCA9,
  0xFCA9, 0xFCA9, 0xFB61, 0xFB40, 0xFB40, 0xFB40, 0xFB40, 0xFB40,
  0xFB40, 0xFB40, 0xFB40, 0xFB40, 0xFB60, 0xFB00, 0xFCCA, 0xFFFF,
  0xFFDE, 0xFFFF, 0xFFDE, 0xFFFF, 0xFD0B, 0xFB00, 0xFB60, 0xFB40,
  0xFB40, 0xFB40, 0xFB40, 0xFB40, 0xFB40, 0xFB40, 0xFB40, 0xFB40,
  0xFB40, 0xFB40, 0xFB40, 0xFB40, 0xFB40, 0xFB40, 0xFB40, 0xFB40,
  0xFB40, 0xFB60, 0xCA80, 0x89A0, 0x99E1, 0x8960, 0xD5B3, 0xFFFF,
  0xFFFF, 0xFEB7, 0xFC67, 0xFCA9, 0xFCA9, 0xFCA9, 0xFCA9, 0xFCA9,
  0xFCA9, 0xFCA9, 0xFB61, 0xFB40, 0xFB40, 0xFB40, 0xFB40, 0xFB40,
  0xFB40, 0xFB40, 0xFB40, 0xFB40, 0xFB40, 0xFB40, 0xFB81, 0xFBE4,
  0xFBE4, 0xFBE4, 0xFBE4, 0xFBE4, 0xFB81, 0xFB40, 0xFB40, 0xFB40,
  0xFB40, 0xFB40, 0xFB40, 0xFB40, 0xFB40, 0xFB40, 0xFB40, 0xFB40,
  0xFB40, 0xFB40, 0xFB40, 0xFB40, 0xFB40, 0xFB40, 0xFB40, 0xFB40,
  0xFB40, 0xFB60, 0xCA80, 0x89A0, 0x99E1, 0x8960, 0xD5B3, 0xFFFF,
  0xFFFF, 0xFEB7, 0xFC67, 0xFCA9, 0xFCA9, 0xFCA9, 0xFCA9, 0xFCA9,
  0xFCA9, 0xFCA9, 0xFB61, 0xFB40, 0xFB40, 0xFB40, 0xFB40, 0xFB40,
  0xFB40, 0xFB40, 0xFB40, 0xFB40, 0xFB40, 0xFB40, 0xFB40, 0xFB20,
  0xFB20, 0xFB20, 0xFB20, 0xFB20, 0xFB40, 0xFB40, 0xFB40, 0xFB40,
  0xFB40, 0xFB40, 0xFB40, 0xFB40, 0xFB40, 0xFB40, 0xFB40, 0xFB40,
  0xFB40, 0xFB40, 0xFB40, 0xFB40, 0xFB40, 0xFB40, 0xFB40, 0xFB40,
  0xFB40, 0xFB60, 0xCA80, 0x89A0, 0x99E1, 0x8960, 0xD5B3, 0xFFFF,
  0xFFFF, 0xFEB7, 0xFC67, 0xFCA9, 0xFCA9, 0xFCA9, 0xFCA9, 0xFCA9,
  0xFCA9, 0xFCA9, 0xFB61, 0xFB40, 0xFB40, 0xFB40, 0xFB40, 0xFB40,
  0xFB40, 0xFB40, 0xFB40, 0xFB40, 0xFB40, 0xFB40, 0xFB40, 0xFB40,
  0xFB40, 0xFB40, 0xFB40, 0xFB40, 0xFB40, 0xFB40, 0xFB40, 0xFB40,
  0xFB40, 0xFB40, 0xFB40, 0xFB40, 0xFB40, 0xFB40, 0xFB40, 0xFB40,
  0xFB40, 0xFB40, 0xFB40, 0xFB40, 0xFB40, 0xFB40, 0xFB40, 0xFB40,
  0xFB40, 0xFB60, 0xCA80, 0x89A0, 0x99E1, 0x8960, 0xD5B3, 0xFFFF,
  0xFFFF, 0xFEB7, 0xFC67, 0xFCA9, 0xFCA9, 0xFCA9, 0xFCA9, 0xFCA9,
  0xFCA9, 0xFCA9, 0xFB61, 0xFB40, 0xFB40, 0xFB40, 0xFB40, 0xFB40,
  0xFB40, 0xFB40, 0xFB40, 0xFB40, 0xFB40, 0xFB40, 0xFB40, 0xFB40,
  0xFB40, 0xFB40, 0xFB40, 0xFB40, 0xFB40, 0xFB40, 0xFB40, 0xFB40,
  0xFB40, 0xFB40, 0xFB40, 0xFB40, 0xFB40, 0xFB40, 0xFB40, 0xFB40,
  0xFB40, 0xFB40, 0xFB40, 0xFB40, 0xFB40, 0xFB40, 0xFB40, 0xFB40,
  0xFB40, 0xFB60, 0xCA80, 0x89A0, 0x99E1, 0x8960, 0xD5B3, 0xFFFF,
  0xFFFF, 0xFEB7, 0xFC67, 0xFCA9, 0xFCA9, 0xFCA9, 0xFCA9, 0xFCA9,
  0xFCA9, 0xFCA9, 0xFB61, 0xFB40, 0xFB40, 0xFB40, 0xFB40, 0xFB40,
  0xFB40, 0xFB40, 0xFB40, 0xFB40, 0xFB40, 0xFB40, 0xFB40, 0xFB40,
  0xFB40, 0xFB40, 0xFB40, 0xFB40, 0xFB40, 0xFB40, 0xFB40, 0xFB40,
  0xFB40, 0xFB40, 0xFB40, 0xFB40, 0xFB40, 0xFB40, 0xFB40, 0xFB40,
  0xFB40, 0xFB40, 0xFB40, 0xFB40, 0xFB40, 0xFB40, 0xFB40, 0xFB40,
  0xFB40, 0xFB60, 0xCA80, 0x89A0, 0x99E1, 0x8960, 0xD5B3, 0xFFFF,
  0xFFFF, 0xFEB7, 0xFC67, 0xFCA9, 0xFCA9, 0xFCA9, 0xFCA9, 0xFCA9,
  0xFCA9, 0xFCA9, 0xFB61, 0xFB40, 0xFB40, 0xFB40, 0xFB40, 0xFB40,
  0xFB40, 0xFB40, 0xFB40, 0xFB40, 0xFB40, 0xFB40, 0xFB40, 0xFB40,
  0xFB40, 0xFB40, 0xFB40, 0xFB40, 0xFB40, 0xFB40, 0xFB40, 0xFB40,
  0xFB40, 0xFB40, 0xFB40, 0xFB40, 0xFB40, 0xFB40, 0xFB40, 0xFB40,
  0xFB40, 0xFB40, 0xFB40, 0xFB40, 0xFB40, 0xFB40, 0xFB40, 0xFB40,
  0xFB40, 0xFB60, 0xCA80, 0x89A0, 0x99E1, 0x8960, 0xD5B3, 0xFFFF,
  0xFFFF, 0xFEB7, 0xFC67, 0xFCA9, 0xFCA9, 0xFCA9, 0xFCA9, 0xFCA9,
  0xFCA9, 0xFC88, 0xFB61, 0xFB40, 0xFB40, 0xFB40, 0xFB40, 0xFB40,
  0xFB40, 0xFB40, 0xFB40, 0xFB40, 0xFB40, 0xFB40, 0xFB40, 0xFB40,
  0xFB40, 0xFB40, 0xFB40, 0xFB40, 0xFB40, 0xFB40, 0xFB40, 0xFB40,
  0xFB40, 0xFB40, 0xFB40, 0xFB40, 0xFB40, 0xFB40, 0xFB40, 0xFB40,
  0xFB40, 0xFB40, 0xFB40, 0xFB40, 0xFB40, 0xFB40, 0xFB40, 0xFB40,
  0xFB40, 0xFB60, 0xCA80, 0x89A0, 0x99E1, 0x8960, 0xD5B3, 0xFFFF,
  0xFFFF, 0xFEB7, 0xFC67, 0xFCA9, 0xFCA9, 0xFCA9, 0xFCA9, 0xFCA9,
  0xFCA8, 0xFCC9, 0xFB81, 0xFB60, 0xFB60, 0xFB60, 0xFB60, 0xFB60,
  0xFB60, 0xFB60, 0xFB60, 0xFB60, 0xFB60, 0xFB60, 0xFB60, 0xFB60,
  0xFB60, 0xFB60, 0xFB60, 0xFB60, 0xFB60, 0xFB60, 0xFB60, 0xFB60,
  0xFB60, 0xFB60, 0xFB60, 0xFB60, 0xFB60, 0xFB60, 0xFB60, 0xFB60,
  0xFB60, 0xFB60, 0xFB60, 0xFB60, 0xFB60, 0xFB60, 0xFB60, 0xFB60,
  0xFB60, 0xFB80, 0xCAA0, 0x89A0, 0x99E1, 0x8960, 0xD5B3, 0xFFFF,
  0xFFFF, 0xFEB7, 0xFC67, 0xFCA9, 0xFCA9, 0xFCA9, 0xFCA9, 0xFCA9,
  0xFCC9, 0xE3E6, 0xBA61, 0xBA60, 0xBA60, 0xBA60, 0xBA60, 0xBA60,
  0xBA60, 0xBA60, 0xBA60, 0xBA60, 0xBA60, 0xBA60, 0xBA60, 0xBA60,
  0xBA60, 0xBA60, 0xBA60, 0xBA60, 0xBA60, 0xBA60, 0xBA60, 0xBA60,
  0xBA60, 0xBA60, 0xBA60, 0xBA60, 0xBA60, 0xBA60, 0xBA60, 0xBA60,
  0xBA60, 0xBA60, 0xBA60, 0xBA60, 0xBA60, 0xBA60, 0xBA60, 0xBA60,
  0xBA60, 0xBA60, 0xAA00, 0x91C0, 0x91E1, 0x8960, 0xD5B3, 0xFFFF,
  0xFFFF, 0xFEB7, 0xFC67, 0xFCA9, 0xFCA9, 0xFCA8, 0xFCC9, 0xF468,
  0xBAE3, 0x91A0, 0x89A0, 0x89A0, 0x89A0, 0x89A0, 0x89A0, 0x89A0,
  0x89A0, 0x89A0, 0x89A0, 0x89A0, 0x89A0, 0x89A0, 0x89A0, 0x89A0,
  0x89A0, 0x89A0, 0x89A0, 0x89A0, 0x89A0, 0x89A0, 0x89A0, 0x89A0,
  0x89A0, 0x89A0, 0x89A0, 0x89A0, 0x89A0, 0x89A0, 0x89A0, 0x89A0,
  0x89A0, 0x89A0, 0x89A0, 0x89A0, 0x89A0, 0x89A0, 0x89A0, 0x89A0,
  0x89A0, 0x89A0, 0x91C0, 0x91C0, 0x91E1, 0x8960, 0xD5B3, 0xFFFF,
  0xFFFF, 0xFEB7, 0xFC67, 0xFCC9, 0xFC67, 0xFCC9, 0xDBC7, 0x99E0,
  0x89A0, 0x91C0, 0x91C0, 0x91C0, 0x91C0, 0x91C0, 0x91C0, 0x91C0,
  0x91C0, 0x91C0, 0x91C0, 0x91C0, 0x91C0, 0x99E1, 0x99E1, 0x99E1,
  0x99E1, 0x99E1, 0x91C0, 0x99E1, 0x99E1, 0x91C0, 0x91C0, 0x99E1,
  0x99E1, 0x91C0, 0x91C0, 0x91E0, 0x99E1, 0x99E0, 0x99E1, 0x99E1,
  0x91C0, 0x91C0, 0x91C0, 0x91C0, 0x91C0, 0x91C0, 0x91C0, 0x91C0,
  0x91C0, 0x91C0, 0x91C0, 0x91C0, 0x91E1, 0x8960, 0xD5B3, 0xFFFF,
  0xFFFF, 0xFED7, 0xFC67, 0xFC87, 0xFD6E, 0xFF7B, 0xAB69, 0x8960,
  0x99E1, 0x91C0, 0x91C0, 0x91C0, 0x91C0, 0x91C0, 0x91C0, 0x91C0,
  0x91C0, 0x91C0, 0x91C0, 0x91C0, 0x91A0, 0x8960, 0x8960, 0x8940,
  0x8940, 0x8960, 0x91A0, 0x8960, 0x9180, 0x91C0, 0x91C0, 0x9180,
  0x8960, 0x91A0, 0x91E0, 0x91A0, 0x8960, 0x8960, 0x8960, 0x8960,
  0x91C0, 0x91C0, 0x91C0, 0x91C0, 0x91C0, 0x91C0, 0x91C0, 0x91C0,
  0x91C0, 0x91C0, 0x91C0, 0x91C0, 0x91E1, 0x8960, 0xD5B3, 0xFFFF,
  0xFFFF, 0xFE96, 0xFCA9, 0xFEB7, 0xFFFF, 0xFFFF, 0xB389, 0x9180,
  0x91E1, 0x91C0, 0x91C0, 0x91C0, 0x91C0, 0x91C0, 0x91C0, 0x91C0,
  0x91C0, 0x91C0, 0x91C0, 0x91A0, 0xA2A4, 0xD552, 0xD552, 0xD593,
  0xD593, 0xC4AF, 0xA284, 0xD572, 0xC46E, 0x91A0, 0x91A0, 0xC46D,
  0xD572, 0xA2A4, 0x8960, 0xA284, 0xD532, 0xEEB9, 0xE657, 0xBC2C,
  0x91A0, 0x91C0, 0x91C0, 0x91C0, 0x91C0, 0x91C0, 0x91C0, 0x91C0,
  0x91C0, 0x91C0, 0x91C0, 0x91C0, 0x91E1, 0x8960, 0xD5B3, 0xFFFF,
  0xFFFF, 0xFF7C, 0xFF9D, 0xFFFF, 0xFFFF, 0xFFFF, 0xB389, 0x8960,
  0x91E1, 0x91C0, 0x91C0, 0x91C0, 0x91C0, 0x91C0, 0x91C0, 0x91C0,
  0x91C0, 0x91C0, 0x91E1, 0x9160, 0xB368, 0xFFFF, 0xFFFF, 0xF75C,
  0xF77D, 0xDE16, 0xAB07, 0xFFFF, 0xEED9, 0x91A0, 0x9180, 0xEEB9,
  0xFFFF, 0xAB27, 0x91C1, 0xF73C, 0xFFFF, 0xDE16, 0xEEFA, 0xFFFF,
  0xD552, 0x8960, 0x91E1, 0x91C0, 0x91C0, 0x91C0, 0x91C0, 0x91C0,
  0x91C0, 0x91C0, 0x91C0, 0x91C0, 0x91E1, 0x8960, 0xD5B3, 0xFFFF,
  0xFFFF, 0xFFFF, 0xFFFF, 0xFFFF, 0xFFFF, 0xFFFF, 0xB389, 0x8960,
  0x91E1, 0x91C0, 0x91C0, 0x91C0, 0x91C0, 0x91C0, 0x91C0, 0x91C0,
  0x91C0, 0x91C0, 0x91E1, 0x9180, 0xAB27, 0xFFFF, 0xE636, 0x8900,
  0x8960, 0x8940, 0xAB07, 0xFFFF, 0xE677, 0x91A0, 0x9180, 0xE657,
  0xFFFF, 0xA2C5, 0xAAE5, 0xFFFF, 0xEEB9, 0x8900, 0x8960, 0xD5B4,
  0xD593, 0x91C0, 0x91C0, 0x91C0, 0x91C0, 0x91C0, 0x91C0, 0x91C0,
  0x91C0, 0x91C0, 0x91C0, 0x91C0, 0x91E1, 0x8960, 0xD5B3, 0xFFFF,
  0xFFFF, 0xFFFF, 0xFFFF, 0xFFFF, 0xFFFF, 0xFFFF, 0xB389, 0x8960,
  0x91E1, 0x91C0, 0x91C0, 0x91C0, 0x91C0, 0x91C0, 0x91C0, 0x91C0,
  0x91C0, 0x91C0, 0x91E1, 0x9180, 0xAB27, 0xFFFF, 0xEED9, 0xAB48,
  0xB389, 0x9A22, 0xAB06, 0xFFFF, 0xE678, 0x91A0, 0x9180, 0xE657,
  0xFFFF, 0xAB07, 0x9A02, 0xFFBE, 0xFFFF, 0xEEDA, 0xC48E, 0x9A43,
  0x8920, 0x91C0, 0x91C0, 0x91C0, 0x91C0, 0x91C0, 0x91C0, 0x91C0,
  0x91C0, 0x91C0, 0x91C0, 0x91C0, 0x91E1, 0x8960, 0xD5B3, 0xFFFF,
  0xFFFF, 0xFFFF, 0xFFFF, 0xFFFF, 0xFFFF, 0xFFFF, 0xB389, 0x8960,
  0x91E1, 0x91C0, 0x91C0, 0x91C0, 0x91C0, 0x91C0, 0x91C0, 0x91C0,
  0x91C0, 0x91C0, 0x91E1, 0x9180, 0xAB48, 0xFFFF, 0xFFFF, 0xFFFF,
  0xFFFF, 0xB3CA, 0xA2A5, 0xFFFF, 0xE698, 0x91A0, 0x91A0, 0xE677,
  0xFFFF, 0xAB48, 0x8920, 0xA2E6, 0xDDD5, 0xFFDF, 0xFFFF, 0xFFDF,
  0xC44D, 0x9180, 0x91E1, 0x91C0, 0x91C0, 0x91C0, 0x91C0, 0x91C0,
  0x91C0, 0x91C0, 0x91C0, 0x91C0, 0x91E1, 0x8960, 0xD5B3, 0xFFFF,
  0xFFFF, 0xFFFF, 0xFFFF, 0xFFFF, 0xFFFF, 0xFFFF, 0xB389, 0x8960,
  0x91E1, 0x91C0, 0x91C0, 0x91C0, 0x91C0, 0x91C0, 0x91C0, 0x91C0,
  0x91C0, 0x91C0, 0x91E1, 0x9180, 0xAB27, 0xFFFF, 0xE698, 0xA284,
  0xA2E6, 0x91E1, 0xAB07, 0xFFFF, 0xE677, 0x9180, 0x8960, 0xE637,
  0xFFFF, 0xAB07, 0x9A02, 0xA2A5, 0x91C0, 0x99E2, 0xC44D, 0xFFFF,
  0xF75C, 0x91E1, 0x91C0, 0x91C0, 0x91C0, 0x91C0, 0x91C0, 0x91C0,
  0x91C0, 0x91C0, 0x91C0, 0x91C0, 0x91E1, 0x8960, 0xD5B3, 0xFFFF,
  0xFFFF, 0xFFFF, 0xFFFF, 0xFFFF, 0xFFFF, 0xFFFF, 0xB389, 0x8960,
  0x91E1, 0x91C0, 0x91C0, 0x91C0, 0x91C0, 0x91C0, 0x91C0, 0x91C0,
  0x91C0, 0x91C0, 0x91E1, 0x9180, 0xAB27, 0xFFFF, 0xE637, 0x8940,
  0x91A0, 0x9180, 0xA2C5, 0xFFFF, 0xF71B, 0x9A22, 0x9A22, 0xEEFA,
  0xFFFF, 0xA2C5, 0xB3A9, 0xFFFF, 0xD593, 0x8940, 0xA284, 0xFFFF,
  0xF77C, 0x91E1, 0x91C0, 0x91C0, 0x91C0, 0x91C0, 0x91C0, 0x91C0,
  0x91C0, 0x91C0, 0x91C0, 0x91C0, 0x91E1, 0x8960, 0xD5B3, 0xFFFF,
  0xFFFF, 0xFFFF, 0xFFFF, 0xFFFF, 0xFFFF, 0xFFFF, 0xB389, 0x8960,
  0x91E1, 0x91C0, 0x91C0, 0x91C0, 0x91C0, 0x91C0, 0x91C0, 0x91C0,
  0x91C0, 0x91C0, 0x91E1, 0x9160, 0xAB48, 0xFFFF, 0xEEB9, 0x9180,
  0x91E1, 0x91E0, 0x91A0, 0xDDF5, 0xFFFF, 0xFFDF, 0xFFBE, 0xFFFF,
  0xFFFF, 0xAB48, 0x91A1, 0xE698, 0xFFFF, 0xFFDE, 0xFFFF, 0xFFFF,
  0xC48E, 0x9180, 0x91E1, 0x91C0, 0x91C0, 0x91C0, 0x91C0, 0x91C0,
  0x91C0, 0x91C0, 0x91C0, 0x91C0, 0x91E1, 0x8960, 0xD5B3, 0xFFFF,
  0xFFFF, 0xFFFF, 0xFFFF, 0xFFFF, 0xFFFF, 0xFFFF, 0xB389, 0x8960,
  0x91E1, 0x91C0, 0x91C0, 0x91C0, 0x91C0, 0x91C0, 0x91C0, 0x91C0,
  0x91C0, 0x91C0, 0x91C0, 0x91A0, 0x9A43, 0xBC0C, 0xB368, 0x91A0,
  0x91C0, 0x91C0, 0x91A0, 0x91E1, 0xBC0C, 0xCD11, 0xB3AA, 0xAAE6,
  0xBC0C, 0x9A43, 0x9180, 0x91E1, 0xBBEB, 0xCD11, 0xCCCF, 0xAB27,
  0x9180, 0x91C0, 0x91C0, 0x91C0, 0x91C0, 0x91C0, 0x91C0, 0x91C0,
  0x91C0, 0x91C0, 0x91C0, 0x91C0, 0x91E1, 0x8960, 0xD5B3, 0xFFFF,
  0xFFFF, 0xFFFF, 0xFFFF, 0xFFFF, 0xFFFF, 0xFFFF, 0xB389, 0x8960,
  0x91E1, 0x91C0, 0x91C0, 0x91C0, 0x91C0, 0x91C0, 0x91C0, 0x91C0,
  0x91C0, 0x91C0, 0x91C0, 0x91C0, 0x91A0, 0x8960, 0x9180, 0x91C0,
  0x91C0, 0x91C0, 0x91C0, 0x91C0, 0x8960, 0x8940, 0x8960, 0x9180,
  0x8960, 0x91A0, 0x91E0, 0x91C0, 0x8960, 0x8940, 0x8940, 0x9180,
  0x91E0, 0x91C0, 0x91C0, 0x91C0, 0x91C0, 0x91C0, 0x91C0, 0x91C0,
  0x91C0, 0x91C0, 0x91C0, 0x91C0, 0x91E1, 0x8960, 0xD5B3, 0xFFFF,
  0xFFFF, 0xFFFF, 0xFFFF, 0xFFFF, 0xFFFF, 0xFFFF, 0xB389, 0x8960,
  0x91E1, 0x91C0, 0x91C0, 0x91C0, 0x91C0, 0x91C0, 0x91C0, 0x91C0,
  0x91C0, 0x91C0, 0x91C0, 0x91C0, 0x91C0, 0x91E1, 0x91E1, 0x91C0,
  0x91C0, 0x91C0, 0x91C0, 0x91C0, 0x91E1, 0x91E1, 0x91E1, 0x91E0,
  0x91E1, 0x91C0, 0x91C0, 0x91C0, 0x91E1, 0x91E1, 0x91E1, 0x91E1,
  0x91C0, 0x91C0, 0x91C0, 0x91C0, 0x91C0, 0x91C0, 0x91C0, 0x91C0,
  0x91C0, 0x91C0, 0x91C0, 0x91C0, 0x91E1, 0x8960, 0xD5B3, 0xFFFF,
  0xFFFF, 0xFFFF, 0xFFFF, 0xFFFF, 0xFFFF, 0xFFFF, 0xDDB4, 0x8940,
  0x91C0, 0x91C0, 0x91C0, 0x91C0, 0x91C0, 0x91C0, 0x91C0, 0x91C0,
  0x91C0, 0x91C0, 0x91C0, 0x91C0, 0x91C0, 0x91C0, 0x91C0, 0x91C0,
  0x91C0, 0x91C0, 0x91C0, 0x91C0, 0x91C0, 0x91C0, 0x91C0, 0x91C0,
  0x91C0, 0x91C0, 0x91C0, 0x91C0, 0x91C0, 0x91C0, 0x91C0, 0x91C0,
  0x91C0, 0x91C0, 0x91C0, 0x91C0, 0x91C0, 0x91C0, 0x91C0, 0x91C0,
  0x91C0, 0x91C0, 0x91C0, 0x91C0, 0x91E1, 0x8960, 0xD5B3, 0xFFFF,
  0xFFFF, 0xFFFF, 0xFFFF, 0xFFFF, 0xFFFF, 0xFFFF, 0xFFFF, 0xCCF0,
  0x9A02, 0x91C0, 0x91C0, 0x91C0, 0x91C0, 0x91C0, 0x91C0, 0x91C0,
  0x91C0, 0x91C0, 0x91C0, 0x91C0, 0x91C0, 0x91C0, 0x91C0, 0x91C0,
  0x91C0, 0x91C0, 0x91C0, 0x91C0, 0x91C0, 0x91C0, 0x91C0, 0x91C0,
  0x91C0, 0x91C0, 0x91C0, 0x91C0, 0x91C0, 0x91C0, 0x91C0, 0x91C0,
  0x91C0, 0x91C0, 0x91C0, 0x91C0, 0x91C0, 0x91C0, 0x91C0, 0x91C0,
  0x91C0, 0x91C0, 0x91C0, 0x91C0, 0x91E1, 0x8960, 0xD5B3, 0xFFFF,
};

// 56x56 RGB565
const uint16_t icon_eufymake[3136] PROGMEM = {
  0xF81F, 0xF81F, 0xF81F, 0xF81F, 0xF81F, 0xF81F, 0xF81F, 0xF81F,
  0xF81F, 0xF81F, 0xF81F, 0xF81F, 0xF81F, 0xF81F, 0xF81F, 0xF81F,
  0xF81F, 0xF81F, 0xF81F, 0xF81F, 0xF81F, 0xF81F, 0xF81F, 0xF81F,
  0x0000, 0x0000, 0x0000, 0x0000, 0x0000, 0x0000, 0x0000, 0x0000,
  0xF81F, 0xF81F, 0xF81F, 0xF81F, 0xF81F, 0xF81F, 0xF81F, 0xF81F,
  0xF81F, 0xF81F, 0xF81F, 0xF81F, 0xF81F, 0xF81F, 0xF81F, 0xF81F,
  0xF81F, 0xF81F, 0xF81F, 0xF81F, 0xF81F, 0xF81F, 0xF81F, 0xF81F,
  0xF81F, 0xF81F, 0xF81F, 0xF81F, 0xF81F, 0xF81F, 0xF81F, 0xF81F,
  0xF81F, 0xF81F, 0xF81F, 0xF81F, 0xF81F, 0xF81F, 0xF81F, 0xF81F,
  0xF81F, 0xF81F, 0xF81F, 0xF81F, 0x0000, 0x0000, 0x0000, 0x0000,
  0x0000, 0x0000, 0x0000, 0x0000, 0x0000, 0x0000, 0x0000, 0x0000,
  0x0000, 0x0000, 0x0000, 0x0000, 0xF81F, 0xF81F, 0xF81F, 0xF81F,
  0xF81F, 0xF81F, 0xF81F, 0xF81F, 0xF81F, 0xF81F, 0xF81F, 0xF81F,
  0xF81F, 0xF81F, 0xF81F, 0xF81F, 0xF81F, 0xF81F, 0xF81F, 0xF81F,
  0xF81F, 0xF81F, 0xF81F, 0xF81F, 0xF81F, 0xF81F, 0xF81F, 0xF81F,
  0xF81F, 0xF81F, 0xF81F, 0xF81F, 0xF81F, 0xF81F, 0xF81F, 0xF81F,
  0xF81F, 0x0000, 0x0000, 0x0000, 0x0000, 0x0000, 0x0000, 0x0000,
  0x0000, 0x0000, 0x0000, 0x0000, 0x0000, 0x0000, 0x0000, 0x0000,
  0x0000, 0x0000, 0x0000, 0x0000, 0x0000, 0x0000, 0x0000, 0xF81F,
  0xF81F, 0xF81F, 0xF81F, 0xF81F, 0xF81F, 0xF81F, 0xF81F, 0xF81F,
  0xF81F, 0xF81F, 0xF81F, 0xF81F, 0xF81F, 0xF81F, 0xF81F, 0xF81F,
  0xF81F, 0xF81F, 0xF81F, 0xF81F, 0xF81F, 0xF81F, 0xF81F, 0xF81F,
  0xF81F, 0xF81F, 0xF81F, 0xF81F, 0xF81F, 0xF81F, 0xF81F, 0x0000,
  0x0000, 0x0000, 0x0000, 0x0000, 0x0000, 0x0000, 0x0000, 0x0000,
  0x0000, 0x0000, 0x0000, 0x0000, 0x0000, 0x0000, 0x0000, 0x0000,
  0x0000, 0x0000, 0x0000, 0x0000, 0x0000, 0x0000, 0x0000, 0x0000,
  0x0000, 0xF81F, 0xF81F, 0xF81F, 0xF81F, 0xF81F, 0xF81F, 0xF81F,
  0xF81F, 0xF81F, 0xF81F, 0xF81F, 0xF81F, 0xF81F, 0xF81F, 0xF81F,
  0xF81F, 0xF81F, 0xF81F, 0xF81F, 0xF81F, 0xF81F, 0xF81F, 0xF81F,
  0xF81F, 0xF81F, 0xF81F, 0xF81F, 0xF81F, 0x0000, 0x0000, 0x0000,
  0x0000, 0x0000, 0x0000, 0x0000, 0x0000, 0x0000, 0x0000, 0x0000,
  0x0000, 0x0000, 0x0000, 0x0000, 0x0000, 0x0000, 0x0000, 0x0000,
  0x0000, 0x0000, 0x0000, 0x0000, 0x0000, 0x0000, 0x0000, 0x0000,
  0x0000, 0x0000, 0x0000, 0xF81F, 0xF81F, 0xF81F, 0xF81F, 0xF81F,
  0xF81F, 0xF81F, 0xF81F, 0xF81F, 0xF81F, 0xF81F, 0xF81F, 0xF81F,
  0xF81F, 0xF81F, 0xF81F, 0xF81F, 0xF81F, 0xF81F, 0xF81F, 0xF81F,
  0xF81F, 0xF81F, 0xF81F, 0xF81F, 0x0000, 0x0000, 0x0000, 0x0000,
  0x0000, 0x0000, 0x0000, 0x0000, 0x0000, 0x0000, 0x0000, 0x0000,
  0x0000, 0x0000, 0x0000, 0x0000, 0x0000, 0x0000, 0x0000, 0x0000,
  0x0000, 0x0000, 0x0000, 0x0000, 0x0000, 0x0000, 0x0000, 0x0000,
  0x0000, 0x0000, 0x0000, 0x0000, 0xF81F, 0xF81F, 0xF81F, 0xF81F,
  0xF81F, 0xF81F, 0xF81F, 0xF81F, 0xF81F, 0xF81F, 0xF81F, 0xF81F,
  0xF81F, 0xF81F, 0xF81F, 0xF81F, 0xF81F, 0xF81F, 0xF81F, 0xF81F,
  0xF81F, 0xF81F, 0x0000, 0x0000, 0x0000, 0x0000, 0x0000, 0x0000,
  0x0000, 0x0000, 0x0000, 0x0000, 0x0000, 0x0000, 0x0000, 0x0000,
  0x0000, 0x0000, 0x0000, 0x0000, 0x0000, 0x0000, 0x0000, 0x0000,
  0x0000, 0x0000, 0x0000, 0x0000, 0x0000, 0x0000, 0x0000, 0x0000,
  0x0000, 0x0000, 0x0000, 0x0000, 0x0000, 0x0000, 0xF81F, 0xF81F,
  0xF81F, 0xF81F, 0xF81F, 0xF81F, 0xF81F, 0xF81F, 0xF81F, 0xF81F,
  0xF81F, 0xF81F, 0xF81F, 0xF81F, 0xF81F, 0xF81F, 0xF81F, 0xF81F,
  0xF81F, 0x0000, 0x0000, 0x0000, 0x0000, 0x0000, 0x0000, 0x0000,
  0x0000, 0x0000, 0x0000, 0x0000, 0x0000, 0x0000, 0x0000, 0x0000,
  0x0000, 0x0000, 0x0000, 0x0000, 0x0000, 0x0000, 0x0000, 0x0000,
  0x0000, 0x0000, 0x0000, 0x0000, 0x0000, 0x0000, 0x0000, 0x0000,
  0x0000, 0x0000, 0x0000, 0x0000, 0x0000, 0x0000, 0x0000, 0xF81F,
  0xF81F, 0xF81F, 0xF81F, 0xF81F, 0xF81F, 0xF81F, 0xF81F, 0xF81F,
  0xF81F, 0xF81F, 0xF81F, 0xF81F, 0xF81F, 0xF81F, 0xF81F, 0xF81F,
  0x0000, 0x0000, 0x0000, 0x0000, 0x0000, 0x0000, 0x0000, 0x0000,
  0x0000, 0x0000, 0x0000, 0x0000, 0x0000, 0x0000, 0x0000, 0x0000,
  0x0000, 0x0000, 0x0000, 0x0000, 0x0000, 0x0000, 0x0000, 0x0000,
  0x0000, 0x0000, 0x0000, 0x0000, 0x0000, 0x0000, 0x0000, 0x0000,
  0x0000, 0x0000, 0x0000, 0x0000, 0x0000, 0x0000, 0x0000, 0x0000,
  0xF81F, 0xF81F, 0xF81F, 0xF81F, 0xF81F, 0xF81F, 0xF81F, 0xF81F,
  0xF81F, 0xF81F, 0xF81F, 0xF81F, 0xF81F, 0xF81F, 0xF81F, 0x0000,
  0x0000, 0x0000, 0x0000, 0x0000, 0x0000, 0x0000, 0x0000, 0x0000,
  0x0000, 0x0000, 0x0000, 0x0000, 0x0000, 0x0000, 0x0000, 0x0000,
  0x0000, 0x0000, 0x0000, 0x0000, 0x0000, 0x0000, 0x0000, 0x0000,
  0x0000, 0x0000, 0x0000, 0x0000, 0x0000, 0x0000, 0x0000, 0x0000,
  0x0000, 0x0000, 0x0000, 0x0000, 0x0000, 0x0000, 0x0000, 0x0000,
  0x0000, 0xF81F, 0xF81F, 0xF81F, 0xF81F, 0xF81F, 0xF81F, 0xF81F,
  0xF81F, 0xF81F, 0xF81F, 0xF81F, 0xF81F, 0xF81F, 0x0000, 0x0000,
  0x0000, 0x0000, 0x0000, 0x0000, 0x0000, 0x0000, 0x0000, 0x0000,
  0x0000, 0x0000, 0x0000, 0x0000, 0x0000, 0x0000, 0x0000, 0x0000,
  0x0000, 0x0000, 0x0000, 0x0000, 0x0000, 0x0000, 0x0000, 0x0000,
  0x0000, 0x0000, 0x0000, 0x0000, 0x0000, 0x0000, 0x0000, 0x0000,
  0x0000, 0x0000, 0x0000, 0x0000, 0x0000, 0x0000, 0x0000, 0x0000,
  0x0000, 0x0000, 0xF81F, 0xF81F, 0xF81F, 0xF81F, 0xF81F, 0xF81F,
  0xF81F, 0xF81F, 0xF81F, 0xF81F, 0xF81F, 0xF81F, 0x0000, 0x0000,
  0x0000, 0x0000, 0x0000, 0x0000, 0x0000, 0x0000, 0x0000, 0x0000,
  0x0000, 0x0000, 0x0000, 0x0000, 0x0000, 0x0000, 0x0000, 0x0000,
  0x0000, 0x0000, 0x0000, 0x0000, 0x0000, 0x0000, 0x0000, 0x0000,
  0x0000, 0x0000, 0x0000, 0x0000, 0x0000, 0x0000, 0x0000, 0x0000,
  0x0000, 0x0000, 0x0000, 0x0000, 0x0000, 0x0000, 0x0000, 0x0000,
  0x0000, 0x0000, 0xF81F, 0xF81F, 0xF81F, 0xF81F, 0xF81F, 0xF81F,
  0xF81F, 0xF81F, 0xF81F, 0xF81F, 0xF81F, 0x0000, 0x0000, 0x0000,
  0x0000, 0x0000, 0x0000, 0x0000, 0x0000, 0x0000, 0x0000, 0x0000,
  0x0000, 0x0000, 0x0000, 0x0000, 0x0000, 0x0000, 0x0000, 0x0000,
  0x0000, 0x0000, 0x0000, 0x0000, 0x0000, 0x0000, 0x0000, 0x0000,
  0x0000, 0x0000, 0x0000, 0x0000, 0x0000, 0x0000, 0x0000, 0x0000,
  0x0000, 0x0000, 0x0000, 0x0000, 0x0000, 0x0000, 0x0000, 0x0000,
  0x0000, 0x0000, 0x0000, 0xF81F, 0xF81F, 0xF81F, 0xF81F, 0xF81F,
  0xF81F, 0xF81F, 0xF81F, 0xF81F, 0x0000, 0x0000, 0x0000, 0x0000,
  0x0000, 0x0000, 0x0000, 0x0000, 0x0000, 0x1963, 0x21C4, 0x21E4,
  0x0020, 0x0000, 0x0000, 0x0000, 0x0000, 0x0000, 0x0000, 0x0000,
  0x0000, 0x0000, 0x0000, 0x0000, 0x0000, 0x0000, 0x0000, 0x0000,
  0x0000, 0x0000, 0x0000, 0x0000, 0x0000, 0x0000, 0x0000, 0x0000,
  0x21C4, 0x21C4, 0x1983, 0x0000, 0x0000, 0x0000, 0x0000, 0x0000,
  0x0000, 0x0000, 0x0000, 0x0000, 0xF81F, 0xF81F, 0xF81F, 0xF81F,
  0xF81F, 0xF81F, 0xF81F, 0xF81F, 0x0000, 0x0000, 0x0000, 0x0000,
  0x0000, 0x0000, 0x0000, 0x0000, 0x0000, 0x6E0D, 0x97F2, 0x97F1,
  0x65CC, 0x0040, 0x0000, 0x0000, 0x0000, 0x0000, 0x0000, 0x0000,
  0x0000, 0x0000, 0x0000, 0x0000, 0x0000, 0x0000, 0x0000, 0x0000,
  0x0000, 0x0000, 0x0000, 0x0000, 0x0000, 0x0000, 0x0000, 0x5D0B,
  0x97F2, 0x97F1, 0x7ECF, 0x0000, 0x0000, 0x0000, 0x0000, 0x0000,
  0x0000, 0x0000, 0x0000, 0x0000, 0xF81F, 0xF81F, 0xF81F, 0xF81F,
  0xF81F, 0xF81F, 0xF81F, 0x0000, 0x0000, 0x0000, 0x0000, 0x0000,
  0x0000, 0x0000, 0x0000, 0x0000, 0x0000, 0x6DCC, 0x8FF1, 0x8770,
  0x97F2, 0x6DCC, 0x0040, 0x0000, 0x0000, 0x0000, 0x0000, 0x0000,
  0x0000, 0x0000, 0x0000, 0x0000, 0x0000, 0x0000, 0x0000, 0x0000,
  0x0000, 0x0000, 0x0000, 0x0000, 0x0000, 0x0000, 0x5D0B, 0x97F2,
  0x8770, 0x8FD1, 0x768E, 0x0000, 0x0000, 0x0000, 0x0000, 0x0000,
  0x0000, 0x0000, 0x0000, 0x0000, 0x0000, 0xF81F, 0xF81F, 0xF81F,
  0xF81F, 0xF81F, 0xF81F, 0x0000, 0x0000, 0x0000, 0x0000, 0x0000,
  0x0000, 0x0000, 0x0000, 0x0000, 0x0000, 0x6DED, 0x8FF1, 0x8790,
  0x8770, 0x97F2, 0x6DCD, 0x0040, 0x0000, 0x0000, 0x0000, 0x0000,
  0x0000, 0x0000, 0x0000, 0x0000, 0x0000, 0x0000, 0x0000, 0x0000,
  0x0000, 0x0000, 0x0000, 0x0000, 0x0000, 0x5D2B, 0x97F2, 0x8770,
  0x8790, 0x8FD1, 0x768E, 0x0000, 0x0000, 0x0000, 0x0000, 0x0000,
  0x0000, 0x0000, 0x0000, 0x0000, 0x0000, 0xF81F, 0xF81F, 0xF81F,
  0xF81F, 0xF81F, 0x0000, 0x0000, 0x0000, 0x0000, 0x0000, 0x0000,
  0x0000, 0x0000, 0x0000, 0x0000, 0x0000, 0x6DED, 0x8FF1, 0x8790,
  0x8F90, 0x8770, 0x97F2, 0x6DCD, 0x0040, 0x0000, 0x0000, 0x0000,
  0x0000, 0x0000, 0x0000, 0x0000, 0x0000, 0x0000, 0x0000, 0x0000,
  0x0000, 0x0000, 0x0000, 0x0000, 0x5D2B, 0x97F2, 0x8770, 0x8F90,
  0x8790, 0x8FD1, 0x768E, 0x0000, 0x0000, 0x0000, 0x0000, 0x0000,
  0x0000, 0x0000, 0x0000, 0x0000, 0x0000, 0x0000, 0xF81F, 0xF81F,
  0xF81F, 0xF81F, 0x0000, 0x0000, 0x0000, 0x0000, 0x0000, 0x0000,
  0x0000, 0x0000, 0x0000, 0x0000, 0x0000, 0x6DED, 0x8FF1, 0x8790,
  0x8F90, 0x8F90, 0x8770, 0x97F2, 0x6DCD, 0x0040, 0x0000, 0x0000,
  0x0000, 0x0000, 0x0000, 0x0000, 0x0000, 0x0000, 0x0000, 0x0000,
  0x0000, 0x0000, 0x0000, 0x5D2B, 0x97F2, 0x8770, 0x8F90, 0x8F90,
  0x8790, 0x8FD1, 0x768E, 0x0000, 0x0000, 0x0000, 0x0000, 0x0000,
  0x0000, 0x0000, 0x0000, 0x0000, 0x0000, 0x0000, 0xF81F, 0xF81F,
  0xF81F, 0xF81F, 0x0000, 0x0000, 0x0000, 0x0000, 0x0000, 0x0000,
  0x0000, 0x0000, 0x0000, 0x0000, 0x0000, 0x6DED, 0x8FF1, 0x8790,
  0x8F90, 0x8F90, 0x8F90, 0x8770, 0x97F2, 0x6DCD, 0x0040, 0x0000,
  0x0000, 0x0000, 0x0000, 0x0000, 0x0000, 0x0000, 0x0000, 0x0000,
  0x0000, 0x0000, 0x5D2B, 0x97F2, 0x8770, 0x8F90, 0x8F90, 0x8F90,
  0x8790, 0x8FD1, 0x768E, 0x0000, 0x0000, 0x0000, 0x0000, 0x0000,
  0x0000, 0x0000, 0x0000, 0x0000, 0x0000, 0x0000, 0xF81F, 0xF81F,
  0xF81F, 0x0000, 0x0000, 0x0000, 0x0000, 0x0000, 0x0000, 0x0000,
  0x0000, 0x0000, 0x0000, 0x0000, 0x0000, 0x6DED, 0x8FF1, 0x8790,
  0x8F90, 0x8F90, 0x8F90, 0x8F90, 0x8770, 0x97F2, 0x6DCD, 0x0040,
  0x0000, 0x0000, 0x0000, 0x0000, 0x0000, 0x0000, 0x0000, 0x0000,
  0x0000, 0x5D2B, 0x97F2, 0x8770, 0x8F90, 0x8F90, 0x8F90, 0x8F90,
  0x8790, 0x8FD1, 0x768E, 0x0000, 0x0000, 0x0000, 0x0000, 0x0000,
  0x0000, 0x0000, 0x0000, 0x0000, 0x0000, 0x0000, 0x0000, 0xF81F,
  0xF81F, 0x0000, 0x0000, 0x0000, 0x0000, 0x0000, 0x0000, 0x0000,
  0x0000, 0x0000, 0x0000, 0x0000, 0x0000, 0x6DED, 0x8FF1, 0x8790,
  0x8F90, 0x8F90, 0x8F90, 0x8F90, 0x8F90, 0x8770, 0x97F2, 0x6DED,
  0x0060, 0x0000, 0x0000, 0x0000, 0x0000, 0x0000, 0x0000, 0x0000,
  0x5D2B, 0x97F2, 0x8770, 0x8F90, 0x8F90, 0x8F90, 0x8F90, 0x8F90,
  0x8790, 0x8FD1, 0x768E, 0x0000, 0x0000, 0x0000, 0x0000, 0x0000,
  0x0000, 0x0000, 0x0000, 0x0000, 0x0000, 0x0000, 0x0000, 0xF81F,
  0xF81F, 0x0000, 0x0000, 0x0000, 0x0000, 0x0000, 0x0000, 0x0000,
  0x0000, 0x0000, 0x0000, 0x0000, 0x0000, 0x6DED, 0x8FF1, 0x8790,
  0x8F90, 0x8F90, 0x8F90, 0x8F90, 0x8F90, 0x8F90, 0x8770, 0x97F2,
  0x6DED, 0x0060, 0x0000, 0x0000, 0x0000, 0x0000, 0x0000, 0x5D2B,
  0x97F2, 0x8770, 0x8F90, 0x8F90, 0x8F90, 0x8F90, 0x8F90, 0x8F90,
  0x8790, 0x8FD1, 0x768E, 0x0000, 0x0000, 0x0000, 0x0000, 0x0000,
  0x0000, 0x0000, 0x0000, 0x0000, 0x0000, 0x0000, 0x0000, 0xF81F,
  0xF81F, 0x0000, 0x0000, 0x0000, 0x0000, 0x0000, 0x0000, 0x0000,
  0x0000, 0x0000, 0x0000, 0x0000, 0x0000, 0x6DED, 0x8FF1, 0x8790,
  0x8F90, 0x8F90, 0x8F90, 0x8F90, 0x8F90, 0x8F90, 0x8F90, 0x8770,
  0x97F2, 0x6DCD, 0x08A1, 0x0000, 0x0000, 0x0060, 0x5D2B, 0x97F2,
  0x8770, 0x8F90, 0x8F90, 0x8F90, 0x8F90, 0x8F90, 0x8F90, 0x8F90,
  0x8790, 0x8FD1, 0x768E, 0x0000, 0x0000, 0x0000, 0x0000, 0x0000,
  0x0000, 0x0000, 0x0000, 0x0000, 0x0000, 0x0000, 0x0000, 0xF81F,
  0x0000, 0x0000, 0x0000, 0x0000, 0x0000, 0x0000, 0x0000, 0x0000,
  0x0000, 0x0000, 0x0000, 0x0000, 0x0000, 0x6DED, 0x8FF1, 0x8790,
  0x8F90, 0x8F90, 0x8F90, 0x8F90, 0x8F90, 0x8F90, 0x8F90, 0x8FB0,
  0x8750, 0x9FF3, 0x4C29, 0x0000, 0x0000, 0x3B47, 0x9FF3, 0x8750,
  0x8F90, 0x8F90, 0x8F90, 0x8F90, 0x8F90, 0x8F90, 0x8F90, 0x8F90,
  0x8790, 0x8FD1, 0x768E, 0x0000, 0x0000, 0x0000, 0x0000, 0x0000,
  0x0000, 0x0000, 0x0000, 0x0000, 0x0000, 0x0000, 0x0000, 0x0000,
  0x0000, 0x0000, 0x0000, 0x0000, 0x0000, 0x0000, 0x0000, 0x0000,
  0x0000, 0x0000, 0x0000, 0x0000, 0x0000, 0x6DED, 0x8FF1, 0x8790,
  0x8F90, 0x8F90, 0x8F90, 0x8FB1, 0x8F90, 0x8790, 0x8FB0, 0x8770,
  0x97F1, 0x6E2D, 0x08C1, 0x0000, 0x0020, 0x0861, 0x658C, 0x97F2,
  0x8770, 0x8F90, 0x8F90, 0x8F90, 0x8FB1, 0x8F90, 0x8F90, 0x8F90,
  0x8790, 0x8FD1, 0x768E, 0x0000, 0x0000, 0x0000, 0x0000, 0x0000,
  0x0000, 0x0000, 0x0000, 0x0000, 0x0000, 0x0000, 0x0000, 0x0000,
  0x0000, 0x0000, 0x0000, 0x0000, 0x0000, 0x0000, 0x0000, 0x0000,
  0x0000, 0x0000, 0x0000, 0x0000, 0x0000, 0x6DED, 0x8FF1, 0x8790,
  0x8F90, 0x8F90, 0x8FB1, 0x872F, 0x8F90, 0x8FB1, 0x8770, 0x97F1,
  0x762D, 0x0881, 0x0000, 0x656C, 0x6E0D, 0x0040, 0x0020, 0x658C,
  0x97F2, 0x8770, 0x8F90, 0x8FB1, 0x7F0F, 0x8FB1, 0x8F90, 0x8F90,
  0x8790, 0x8FD1, 0x768E, 0x0000, 0x0000, 0x0000, 0x0000, 0x0000,
  0x0000, 0x0000, 0x0000, 0x0000, 0x0000, 0x0000, 0x0000, 0x0000,
  0x0000, 0x0000, 0x0000, 0x0000, 0x0000, 0x0000, 0x0000, 0x0000,
  0x0000, 0x0000, 0x0000, 0x0000, 0x0000, 0x6DED, 0x8FF1, 0x8790,
  0x8F90, 0x8790, 0x97F1, 0x5D4B, 0x32C6, 0x8FF1, 0x97F2, 0x6E2D,
  0x0881, 0x0000, 0x656C, 0x97F2, 0x97F1, 0x6E0D, 0x0060, 0x0020,
  0x658C, 0x97F2, 0x97F2, 0x3B47, 0x548A, 0x97F2, 0x8770, 0x8F90,
  0x8790, 0x8FD1, 0x768E, 0x0000, 0x0000, 0x0000, 0x0000, 0x0000,
  0x0000, 0x0000, 0x0000, 0x0000, 0x0000, 0x0000, 0x0000, 0x0000,
  0x0000, 0x0000, 0x0000, 0x0000, 0x0000, 0x0000, 0x0000, 0x0000,
  0x0000, 0x0000, 0x0000, 0x0000, 0x0000, 0x6DED, 0x8FF1, 0x8790,
  0x8F90, 0x8790, 0x8FF1, 0x65AC, 0x0000, 0x3B47, 0x6DCD, 0x0060,
  0x0000, 0x656C, 0x97F2, 0x8770, 0x8770, 0x97F2, 0x6E0D, 0x0060,
  0x0000, 0x656C, 0x4C09, 0x0000, 0x54CA, 0x97F2, 0x8770, 0x8F90,
  0x8790, 0x8FD1, 0x768E, 0x0000, 0x0000, 0x0000, 0x0000, 0x0000,
  0x0000, 0x0000, 0x0000, 0x0000, 0x0000, 0x0000, 0x0000, 0x0000,
  0x0000, 0x0000, 0x0000, 0x0000, 0x0000, 0x0000, 0x0000, 0x0000,
  0x0000, 0x0000, 0x0000, 0x0000, 0x0000, 0x6DED, 0x8FF1, 0x8790,
  0x8F90, 0x8790, 0x8FF1, 0x658C, 0x0000, 0x0000, 0x0000, 0x0060,
  0x656C, 0x97F2, 0x8770, 0x8F90, 0x8F90, 0x8770, 0x97F2, 0x6DED,
  0x08C1, 0x0000, 0x0000, 0x0000, 0x54CA, 0x97F2, 0x8770, 0x8F90,
  0x8790, 0x8FD1, 0x768E, 0x0000, 0x0000, 0x0000, 0x0000, 0x0000,
  0x0000, 0x0000, 0x0000, 0x0000, 0x0000, 0x0000, 0x0000, 0x0000,
  0x0000, 0x0000, 0x0000, 0x0000, 0x0000, 0x0000, 0x0000, 0x0000,
  0x0000, 0x0000, 0x0000, 0x0000, 0x0000, 0x6DED, 0x8FF1, 0x8790,
  0x8F90, 0x8790, 0x8FF1, 0x658C, 0x0000, 0x0020, 0x0000, 0x21C4,
  0x97F2, 0x8790, 0x8790, 0x8F90, 0x8F90, 0x8F90, 0x8770, 0x97F2,
  0x2A85, 0x0000, 0x0040, 0x0000, 0x54CA, 0x97F2, 0x8770, 0x8F90,
  0x8790, 0x8FD1, 0x768E, 0x0000, 0x0000, 0x0000, 0x0000, 0x0000,
  0x0000, 0x0000, 0x0000, 0x0000, 0x0000, 0x0000, 0x0000, 0x0000,
  0x0000, 0x0000, 0x0000, 0x0000, 0x0000, 0x0000, 0x0000, 0x0000,
  0x0000, 0x0000, 0x0000, 0x0000, 0x0000, 0x6DED, 0x8FF1, 0x8790,
  0x8F90, 0x8790, 0x8FF1, 0x658C, 0x0000, 0x0000, 0x0000, 0x0000,
  0x3306, 0x8FF1, 0x8F90, 0x8790, 0x8F90, 0x8790, 0x97F2, 0x43A8,
  0x0000, 0x0000, 0x0020, 0x0000, 0x54CA, 0x97F2, 0x8770, 0x8F90,
  0x8790, 0x8FD1, 0x768E, 0x0000, 0x0000, 0x0000, 0x0000, 0x0000,
  0x0000, 0x0000, 0x0000, 0x0000, 0x0000, 0x0000, 0x0000, 0x0000,
  0xF81F, 0x0000, 0x0000, 0x0000, 0x0000, 0x0000, 0x0000, 0x0000,
  0x0000, 0x0000, 0x0000, 0x0000, 0x0000, 0x6DED, 0x8FF1, 0x8790,
  0x8F90, 0x8790, 0x8FF1, 0x658C, 0x0000, 0x0000, 0x0000, 0x0000,
  0x0000, 0x3306, 0x8FF1, 0x8790, 0x8770, 0x97F2, 0x43C8, 0x0000,
  0x0000, 0x0000, 0x0000, 0x0000, 0x54CA, 0x97F2, 0x8770, 0x8F90,
  0x8790, 0x8FD1, 0x768E, 0x0000, 0x0000, 0x0000, 0x0000, 0x0000,
  0x0000, 0x0000, 0x0000, 0x0000, 0x0000, 0x0000, 0x0000, 0xF81F,
  0xF81F, 0x0000, 0x0000, 0x0000, 0x0000, 0x0000, 0x0000, 0x0000,
  0x0000, 0x0000, 0x0000, 0x0000, 0x0000, 0x6DED, 0x8FF1, 0x8790,
  0x8F90, 0x8790, 0x8FF1, 0x658C, 0x0000, 0x0000, 0x0000, 0x0000,
  0x0020, 0x0000, 0x3306, 0x8FF1, 0x97F2, 0x43A8, 0x0000, 0x0020,
  0x0000, 0x0000, 0x0000, 0x0000, 0x54CA, 0x97F2, 0x8770, 0x8F90,
  0x8790, 0x8FD1, 0x768E, 0x0000, 0x0000, 0x0000, 0x0000, 0x0000,
  0x0000, 0x0000, 0x0000, 0x0000, 0x0000, 0x0000, 0x0000, 0xF81F,
  0xF81F, 0x0000, 0x0000, 0x0000, 0x0000, 0x0000, 0x0000, 0x0000,
  0x0000, 0x0000, 0x0000, 0x0000, 0x0000, 0x6DED, 0x8FF1, 0x8790,
  0x8F90, 0x8790, 0x8FF1, 0x658C, 0x0000, 0x0000, 0x0000, 0x0000,
  0x0000, 0x0020, 0x0000, 0x3306, 0x43A8, 0x0000, 0x0000, 0x0000,
  0x0000, 0x0000, 0x0000, 0x0000, 0x54CA, 0x97F2, 0x8770, 0x8F90,
  0x8790, 0x8FD1, 0x768E, 0x0000, 0x0000, 0x0000, 0x0000, 0x0000,
  0x0000, 0x0000, 0x0000, 0x0000, 0x0000, 0x0000, 0x0000, 0xF81F,
  0xF81F, 0x0000, 0x0000, 0x0000, 0x0000, 0x0000, 0x0000, 0x0000,
  0x0000, 0x0000, 0x0000, 0x0000, 0x0000, 0x6DED, 0x8FF1, 0x8790,
  0x8F90, 0x8790, 0x8FF1, 0x658C, 0x0000, 0x0000, 0x0000, 0x0000,
  0x0000, 0x0000, 0x0000, 0x0000, 0x0000, 0x0000, 0x0000, 0x0000,
  0x0000, 0x0000, 0x0000, 0x0000, 0x54CA, 0x97F2, 0x8770, 0x8F90,
  0x8790, 0x8FD1, 0x768E, 0x0000, 0x0000, 0x0000, 0x0000, 0x0000,
  0x0000, 0x0000, 0x0000, 0x0000, 0x0000, 0x0000, 0x0000, 0xF81F,
  0xF81F, 0xF81F, 0x0000, 0x0000, 0x0000, 0x0000, 0x0000, 0x0000,
  0x0000, 0x0000, 0x0000, 0x0000, 0x0000, 0x6DED, 0x8FF1, 0x8790,
  0x8F90, 0x8790, 0x8FF1, 0x658C, 0x0000, 0x0000, 0x0000, 0x0000,
  0x0000, 0x0000, 0x0000, 0x0000, 0x0000, 0x0000, 0x0000, 0x0000,
  0x0000, 0x0000, 0x0000, 0x0000, 0x54CA, 0x97F2, 0x8770, 0x8F90,
  0x8790, 0x8FD1, 0x768E, 0x0000, 0x0000, 0x0000, 0x0000, 0x0000,
  0x0000, 0x0000, 0x0000, 0x0000, 0x0000, 0x0000, 0xF81F, 0xF81F,
  0xF81F, 0xF81F, 0x0000, 0x0000, 0x0000, 0x0000, 0x0000, 0x0000,
  0x0000, 0x0000, 0x0000, 0x0000, 0x0000, 0x6DED, 0x8FF1, 0x8790,
  0x8F90, 0x8790, 0x8FF1, 0x658C, 0x0000, 0x0000, 0x0000, 0x0000,
  0x0000, 0x0000, 0x0000, 0x0000, 0x0000, 0x0000, 0x0000, 0x0000,
  0x0000, 0x0000, 0x0000, 0x0000, 0x54CA, 0x97F2, 0x8770, 0x8F90,
  0x8790, 0x8FD1, 0x768E, 0x0000, 0x0000, 0x0000, 0x0000, 0x0000,
  0x0000, 0x0000, 0x0000, 0x0000, 0x0000, 0x0000, 0xF81F, 0xF81F,
  0xF81F, 0xF81F, 0x0000, 0x0000, 0x0000, 0x0000, 0x0000, 0x0000,
  0x0000, 0x0000, 0x0000, 0x0000, 0x0000, 0x6DED, 0x8FF1, 0x8790,
  0x8F90, 0x8790, 0x8FF1, 0x658C, 0x0000, 0x0000, 0x0000, 0x0000,
  0x0000, 0x0000, 0x0000, 0x0000, 0x0000, 0x0000, 0x0000, 0x0000,
  0x0000, 0x0000, 0x0000, 0x0000, 0x54CA, 0x97F2, 0x8770, 0x8F90,
  0x8790, 0x8FD1, 0x768E, 0x0000, 0x0000, 0x0000, 0x0000, 0x0000,
  0x0000, 0x0000, 0x0000, 0x0000, 0x0000, 0x0000, 0xF81F, 0xF81F,
  0xF81F, 0xF81F, 0xF81F, 0x0000, 0x0000, 0x0000, 0x0000, 0x0000,
  0x0000, 0x0000, 0x0000, 0x0000, 0x0000, 0x6DED, 0x8FF1, 0x8790,
  0x8F90, 0x8790, 0x8FF1, 0x658C, 0x0000, 0x0000, 0x0000, 0x0000,
  0x0000, 0x0000, 0x0000, 0x0000, 0x0000, 0x0000, 0x0000, 0x0000,
  0x0000, 0x0000, 0x0000, 0x0000, 0x54CA, 0x97F2, 0x8770, 0x8F90,
  0x8790, 0x8FD1, 0x768E, 0x0000, 0x0000, 0x0000, 0x0000, 0x0000,
  0x0000, 0x0000, 0x0000, 0x0000, 0x0000, 0xF81F, 0xF81F, 0xF81F,
  0xF81F, 0xF81F, 0xF81F, 0x0000, 0x0000, 0x0000, 0x0000, 0x0000,
  0x0000, 0x0000, 0x0000, 0x0000, 0x0000, 0x6DCC, 0x8FF1, 0x8770,
  0x8790, 0x8770, 0x8FF1, 0x658C, 0x0000, 0x0000, 0x0000, 0x0000,
  0x0000, 0x0000, 0x0000, 0x0000, 0x0000, 0x0000, 0x0000, 0x0000,
  0x0000, 0x0000, 0x0000, 0x0000, 0x54CA, 0x97F1, 0x8770, 0x8790,
  0x8770, 0x8FD1, 0x768E, 0x0000, 0x0000, 0x0000, 0x0000, 0x0000,
  0x0000, 0x0000, 0x0000, 0x0000, 0x0000, 0xF81F, 0xF81F, 0xF81F,
  0xF81F, 0xF81F, 0xF81F, 0xF81F, 0x0000, 0x0000, 0x0000, 0x0000,
  0x0000, 0x0000, 0x0000, 0x0000, 0x0000, 0x6E0D, 0x97F2, 0x8FD1,
  0x8FD1, 0x8FD1, 0x97F2, 0x65CC, 0x0000, 0x0000, 0x0000, 0x0000,
  0x0000, 0x0000, 0x0000, 0x0000, 0x0000, 0x0000, 0x0000, 0x0000,
  0x0000, 0x0000, 0x0000, 0x0000, 0x5CEB, 0x97F2, 0x8FB1, 0x8FD1,
  0x8FD1, 0x97F2, 0x7ECF, 0x0000, 0x0000, 0x0000, 0x0000, 0x0000,
  0x0000, 0x0000, 0x0000, 0x0000, 0xF81F, 0xF81F, 0xF81F, 0xF81F,
  0xF81F, 0xF81F, 0xF81F, 0xF81F, 0x0000, 0x0000, 0x0000, 0x0000,
  0x0000, 0x0000, 0x0000, 0x0000, 0x0000, 0x1963, 0x21E4, 0x21C4,
  0x21C4, 0x21C3, 0x21E4, 0x1943, 0x0000, 0x0000, 0x0000, 0x0000,
  0x0000, 0x0000, 0x0000, 0x0000, 0x0000, 0x0000, 0x0000, 0x0000,
  0x0000, 0x0000, 0x0000, 0x0000, 0x1122, 0x21E4, 0x21C3, 0x21C4,
  0x21C4, 0x21C4, 0x1983, 0x0000, 0x0000, 0x0000, 0x0000, 0x0000,
  0x0000, 0x0000, 0x0000, 0x0000, 0xF81F, 0xF81F, 0xF81F, 0xF81F,
  0xF81F, 0xF81F, 0xF81F, 0xF81F, 0xF81F, 0x0000, 0x0000, 0x0000,
  0x0000, 0x0000, 0x0000, 0x0000, 0x0000, 0x0000, 0x0000, 0x0000,
  0x0000, 0x0000, 0x0000, 0x0000, 0x0000, 0x0000, 0x0000, 0x0000,
  0x0000, 0x0000, 0x0000, 0x0000, 0x0000, 0x0000, 0x0000, 0x0000,
  0x0000, 0x0000, 0x0000, 0x0000, 0x0000, 0x0000, 0x0000, 0x0000,
  0x0000, 0x0000, 0x0000, 0x0000, 0x0000, 0x0000, 0x0000, 0x0000,
  0x0000, 0x0000, 0x0000, 0xF81F, 0xF81F, 0xF81F, 0xF81F, 0xF81F,
  0xF81F, 0xF81F, 0xF81F, 0xF81F, 0xF81F, 0xF81F, 0x0000, 0x0000,
  0x0000, 0x0000, 0x0000, 0x0000, 0x0000, 0x0000, 0x0000, 0x0000,
  0x0000, 0x0000, 0x0000, 0x0000, 0x0000, 0x0000, 0x0000, 0x0000,
  0x0000, 0x0000, 0x0000, 0x0000, 0x0000, 0x0000, 0x0000, 0x0000,
  0x0000, 0x0000, 0x0000, 0x0000, 0x0000, 0x0000, 0x0000, 0x0000,
  0x0000, 0x0000, 0x0000, 0x0000, 0x0000, 0x0000, 0x0000, 0x0000,
  0x0000, 0x0000, 0xF81F, 0xF81F, 0xF81F, 0xF81F, 0xF81F, 0xF81F,
  0xF81F, 0xF81F, 0xF81F, 0xF81F, 0xF81F, 0xF81F, 0x0000, 0x0000,
  0x0000, 0x0000, 0x0000, 0x0000, 0x0000, 0x0000, 0x0000, 0x0000,
  0x0000, 0x0000, 0x0000, 0x0000, 0x0000, 0x0000, 0x0000, 0x0000,
  0x0000, 0x0000, 0x0000, 0x0000, 0x0000, 0x0000, 0x0000, 0x0000,
  0x0000, 0x0000, 0x0000, 0x0000, 0x0000, 0x0000, 0x0000, 0x0000,
  0x0000, 0x0000, 0x0000, 0x0000, 0x0000, 0x0000, 0x0000, 0x0000,
  0x0000, 0x0000, 0xF81F, 0xF81F, 0xF81F, 0xF81F, 0xF81F, 0xF81F,
  0xF81F, 0xF81F, 0xF81F, 0xF81F, 0xF81F, 0xF81F, 0xF81F, 0x0000,
  0x0000, 0x0000, 0x0000, 0x0000, 0x0000, 0x0000, 0x0000, 0x0000,
  0x0000, 0x0000, 0x0000, 0x0000, 0x0000, 0x0000, 0x0000, 0x0000,
  0x0000, 0x0000, 0x0000, 0x0000, 0x0000, 0x0000, 0x0000, 0x0000,
  0x0000, 0x0000, 0x0000, 0x0000, 0x0000, 0x0000, 0x0000, 0x0000,
  0x0000, 0x0000, 0x0000, 0x0000, 0x0000, 0x0000, 0x0000, 0x0000,
  0x0000, 0xF81F, 0xF81F, 0xF81F, 0xF81F, 0xF81F, 0xF81F, 0xF81F,
  0xF81F, 0xF81F, 0xF81F, 0xF81F, 0xF81F, 0xF81F, 0xF81F, 0xF81F,
  0x0000, 0x0000, 0x0000, 0x0000, 0x0000, 0x0000, 0x0000, 0x0000,
  0x0000, 0x0000, 0x0000, 0x0000, 0x0000, 0x0000, 0x0000, 0x0000,
  0x0000, 0x0000, 0x0000, 0x0000, 0x0000, 0x0000, 0x0000, 0x0000,
  0x0000, 0x0000, 0x0000, 0x0000, 0x0000, 0x0000, 0x0000, 0x0000,
  0x0000, 0x0000, 0x0000, 0x0000, 0x0000, 0x0000, 0x0000, 0x0000,
  0xF81F, 0xF81F, 0xF81F, 0xF81F, 0xF81F, 0xF81F, 0xF81F, 0xF81F,
  0xF81F, 0xF81F, 0xF81F, 0xF81F, 0xF81F, 0xF81F, 0xF81F, 0xF81F,
  0xF81F, 0x0000, 0x0000, 0x0000, 0x0000, 0x0000, 0x0000, 0x0000,
  0x0000, 0x0000, 0x0000, 0x0000, 0x0000, 0x0000, 0x0000, 0x0000,
  0x0000, 0x0000, 0x0000, 0x0000, 0x0000, 0x0000, 0x0000, 0x0000,
  0x0000, 0x0000, 0x0000, 0x0000, 0x0000, 0x0000, 0x0000, 0x0000,
  0x0000, 0x0000, 0x0000, 0x0000, 0x0000, 0x0000, 0x0000, 0xF81F,
  0xF81F, 0xF81F, 0xF81F, 0xF81F, 0xF81F, 0xF81F, 0xF81F, 0xF81F,
  0xF81F, 0xF81F, 0xF81F, 0xF81F, 0xF81F, 0xF81F, 0xF81F, 0xF81F,
  0xF81F, 0xF81F, 0x0000, 0x0000, 0x0000, 0x0000, 0x0000, 0x0000,
  0x0000, 0x0000, 0x0000, 0x0000, 0x0000, 0x0000, 0x0000, 0x0000,
  0x0000, 0x0000, 0x0000, 0x0000, 0x0000, 0x0000, 0x0000, 0x0000,
  0x0000, 0x0000, 0x0000, 0x0000, 0x0000, 0x0000, 0x0000, 0x0000,
  0x0000, 0x0000, 0x0000, 0x0000, 0x0000, 0x0000, 0xF81F, 0xF81F,
  0xF81F, 0xF81F, 0xF81F, 0xF81F, 0xF81F, 0xF81F, 0xF81F, 0xF81F,
  0xF81F, 0xF81F, 0xF81F, 0xF81F, 0xF81F, 0xF81F, 0xF81F, 0xF81F,
  0xF81F, 0xF81F, 0xF81F, 0xF81F, 0x0000, 0x0000, 0x0000, 0x0000,
  0x0000, 0x0000, 0x0000, 0x0000, 0x0000, 0x0000, 0x0000, 0x0000,
  0x0000, 0x0000, 0x0000, 0x0000, 0x0000, 0x0000, 0x0000, 0x0000,
  0x0000, 0x0000, 0x0000, 0x0000, 0x0000, 0x0000, 0x0000, 0x0000,
  0x0000, 0x0000, 0x0000, 0x0000, 0xF81F, 0xF81F, 0xF81F, 0xF81F,
  0xF81F, 0xF81F, 0xF81F, 0xF81F, 0xF81F, 0xF81F, 0xF81F, 0xF81F,
  0xF81F, 0xF81F, 0xF81F, 0xF81F, 0xF81F, 0xF81F, 0xF81F, 0xF81F,
  0xF81F, 0xF81F, 0xF81F, 0xF81F, 0xF81F, 0x0000, 0x0000, 0x0000,
  0x0000, 0x0000, 0x0000, 0x0000, 0x0000, 0x0000, 0x0000, 0x0000,
  0x0000, 0x0000, 0x0000, 0x0000, 0x0000, 0x0000, 0x0000, 0x0000,
  0x0000, 0x0000, 0x0000, 0x0000, 0x0000, 0x0000, 0x0000, 0x0000,
  0x0000, 0x0000, 0x0000, 0xF81F, 0xF81F, 0xF81F, 0xF81F, 0xF81F,
  0xF81F, 0xF81F, 0xF81F, 0xF81F, 0xF81F, 0xF81F, 0xF81F, 0xF81F,
  0xF81F, 0xF81F, 0xF81F, 0xF81F, 0xF81F, 0xF81F, 0xF81F, 0xF81F,
  0xF81F, 0xF81F, 0xF81F, 0xF81F, 0xF81F, 0xF81F, 0xF81F, 0x0000,
  0x0000, 0x0000, 0x0000, 0x0000, 0x0000, 0x0000, 0x0000, 0x0000,
  0x0000, 0x0000, 0x0000, 0x0000, 0x0000, 0x0000, 0x0000, 0x0000,
  0x0000, 0x0000, 0x0000, 0x0000, 0x0000, 0x0000, 0x0000, 0x0000,
  0x0000, 0xF81F, 0xF81F, 0xF81F, 0xF81F, 0xF81F, 0xF81F, 0xF81F,
  0xF81F, 0xF81F, 0xF81F, 0xF81F, 0xF81F, 0xF81F, 0xF81F, 0xF81F,
  0xF81F, 0xF81F, 0xF81F, 0xF81F, 0xF81F, 0xF81F, 0xF81F, 0xF81F,
  0xF81F, 0xF81F, 0xF81F, 0xF81F, 0xF81F, 0xF81F, 0xF81F, 0xF81F,
  0xF81F, 0x0000, 0x0000, 0x0000, 0x0000, 0x0000, 0x0000, 0x0000,
  0x0000, 0x0000, 0x0000, 0x0000, 0x0000, 0x0000, 0x0000, 0x0000,
  0x0000, 0x0000, 0x0000, 0x0000, 0x0000, 0x0000, 0x0000, 0xF81F,
  0xF81F, 0xF81F, 0xF81F, 0xF81F, 0xF81F, 0xF81F, 0xF81F, 0xF81F,
  0xF81F, 0xF81F, 0xF81F, 0xF81F, 0xF81F, 0xF81F, 0xF81F, 0xF81F,
  0xF81F, 0xF81F, 0xF81F, 0xF81F, 0xF81F, 0xF81F, 0xF81F, 0xF81F,
  0xF81F, 0xF81F, 0xF81F, 0xF81F, 0xF81F, 0xF81F, 0xF81F, 0xF81F,
  0xF81F, 0xF81F, 0xF81F, 0xF81F, 0x0000, 0x0000, 0x0000, 0x0000,
  0x0000, 0x0000, 0x0000, 0x0000, 0x0000, 0x0000, 0x0000, 0x0000,
  0x0000, 0x0000, 0x0000, 0x0000, 0xF81F, 0xF81F, 0xF81F, 0xF81F,
  0xF81F, 0xF81F, 0xF81F, 0xF81F, 0xF81F, 0xF81F, 0xF81F, 0xF81F,
  0xF81F, 0xF81F, 0xF81F, 0xF81F, 0xF81F, 0xF81F, 0xF81F, 0xF81F,
  0xF81F, 0xF81F, 0xF81F, 0xF81F, 0xF81F, 0xF81F, 0xF81F, 0xF81F,
  0xF81F, 0xF81F, 0xF81F, 0xF81F, 0xF81F, 0xF81F, 0xF81F, 0xF81F,
  0xF81F, 0xF81F, 0xF81F, 0xF81F, 0xF81F, 0xF81F, 0xF81F, 0xF81F,
  0x0000, 0x0000, 0x0000, 0x0000, 0x0000, 0x0000, 0x0000, 0x0000,
  0xF81F, 0xF81F, 0xF81F, 0xF81F, 0xF81F, 0xF81F, 0xF81F, 0xF81F,
  0xF81F, 0xF81F, 0xF81F, 0xF81F, 0xF81F, 0xF81F, 0xF81F, 0xF81F,
  0xF81F, 0xF81F, 0xF81F, 0xF81F, 0xF81F, 0xF81F, 0xF81F, 0xF81F,
};

// 56x56 RGB565
const uint16_t icon_cursor[3136] PROGMEM = {
  0xF81F, 0xF81F, 0xF81F, 0xF81F, 0xF81F, 0xF81F, 0xF81F, 0xF81F,
  0xF81F, 0xF81F, 0xF81F, 0x4207, 0x39E7, 0x39C6, 0x39C6, 0x39A6,
  0x39A6, 0x39A6, 0x39A6, 0x39A6, 0x39A6, 0x39A6, 0x39A6, 0x39A6,
  0x39A6, 0x39A6, 0x39A6, 0x39A6, 0x39A6, 0x39A6, 0x39A6, 0x39A6,
  0x39A6, 0x39A6, 0x39A6, 0x39A6, 0x39A6, 0x39A6, 0x39A6, 0x39A6,
  0x39A6, 0x39C6, 0x39C6, 0x4207, 0x4227, 0xF81F, 0xF81F, 0xF81F,
  0xF81F, 0xF81F, 0xF81F, 0xF81F, 0xF81F, 0xF81F, 0xF81F, 0xF81F,
  0xF81F, 0xF81F, 0xF81F, 0xF81F, 0xF81F, 0xF81F, 0xF81F, 0xF81F,
  0x4227, 0x39C6, 0x3165, 0x2123, 0x20E2, 0x18C2, 0x18A1, 0x10A1,
  0x10A1, 0x1081, 0x1081, 0x1081, 0x1081, 0x1081, 0x1081, 0x1081,
  0x1081, 0x1081, 0x1081, 0x1081, 0x1081, 0x1081, 0x1081, 0x1081,
  0x1081, 0x1081, 0x1081, 0x1081, 0x1081, 0x1081, 0x1081, 0x10A1,
  0x10A1, 0x18A1, 0x18C2, 0x20E2, 0x2123, 0x3165, 0x39C6, 0x4227,
  0xF81F, 0xF81F, 0xF81F, 0xF81F, 0xF81F, 0xF81F, 0xF81F, 0xF81F,
  0xF81F, 0xF81F, 0xF81F, 0xF81F, 0xF81F, 0xF81F, 0x4227, 0x39C6,
  0x2923, 0x10A1, 0x1060, 0x1060, 0x1061, 0x1081, 0x1081, 0x1081,
  0x1081, 0x1081, 0x1081, 0x1081, 0x1081, 0x1081, 0x1081, 0x1081,
  0x1081, 0x1081, 0x1081, 0x1081, 0x1081, 0x1081, 0x1081, 0x1081,
  0x1081, 0x1081, 0x1081, 0x1081, 0x1081, 0x1081, 0x1081, 0x1081,
  0x1081, 0x1081, 0x1081, 0x1061, 0x1060, 0x1060, 0x10A1, 0x2923,
  0x39C6, 0x4227, 0xF81F, 0xF81F, 0xF81F, 0xF81F, 0xF81F, 0xF81F,
  0xF81F, 0xF81F, 0xF81F, 0xF81F, 0xF81F, 0x4207, 0x3164, 0x1081,
  0x1060, 0x1081, 0x1081, 0x1081, 0x1081, 0x1081, 0x1081, 0x1081,
  0x1081, 0x1081, 0x1081, 0x1081, 0x1081, 0x1081, 0x1081, 0x1081,
  0x1081, 0x1081, 0x1081, 0x1081, 0x1081, 0x1081, 0x1081, 0x1081,
  0x1081, 0x1081, 0x1081, 0x1081, 0x1081, 0x1081, 0x1081, 0x1081,
  0x1081, 0x1081, 0x1081, 0x1081, 0x1081, 0x1081, 0x1081, 0x1060,
  0x1081, 0x3165, 0x4207, 0xF81F, 0xF81F, 0xF81F, 0xF81F, 0xF81F,
  0xF81F, 0xF81F, 0xF81F, 0xF81F, 0x4207, 0x2123, 0x0860, 0x1081,
  0x1081, 0x1081, 0x1081, 0x1081, 0x1081, 0x1081, 0x1081, 0x1081,
  0x1081, 0x1081, 0x1081, 0x1081, 0x1081, 0x1081, 0x1081, 0x1081,
  0x1081, 0x1081, 0x1081, 0x1081, 0x1081, 0x1081, 0x1081, 0x1081,
  0x1081, 0x1081, 0x1081, 0x1081, 0x1081, 0x1081, 0x1081, 0x1081,
  0x1081, 0x1081, 0x1081, 0x1081, 0x1081, 0x1081, 0x1081, 0x1081,
  0x1081, 0x0860, 0x2123, 0x4207, 0xF81F, 0xF81F, 0xF81F, 0xF81F,
  0xF81F, 0xF81F, 0xF81F, 0x4207, 0x2123, 0x0860, 0x1081, 0x1081,
  0x1081, 0x1081, 0x1081, 0x1081, 0x1081, 0x1081, 0x1081, 0x1081,
  0x1081, 0x1081, 0x1081, 0x1081, 0x1081, 0x1081, 0x1081, 0x1081,
  0x1081, 0x1081, 0x10A1, 0x10A1, 0x10A1, 0x10A1, 0x1081, 0x1081,
  0x1081, 0x1081, 0x1081, 0x1081, 0x1081, 0x1081, 0x1081, 0x1081,
  0x1081, 0x1081, 0x1081, 0x1081, 0x1081, 0x1081, 0x1081, 0x1081,
  0x1081, 0x1081, 0x0860, 0x2123, 0x4207, 0xF81F, 0xF81F, 0xF81F,
  0xF81F, 0xF81F, 0x4207, 0x3165, 0x0860, 0x1081, 0x1081, 0x1081,
  0x1081, 0x1081, 0x1081, 0x1081, 0x1081, 0x1081, 0x1081, 0x1081,
  0x1081, 0x1081, 0x1081, 0x1081, 0x1081, 0x1081, 0x1081, 0x1081,
  0x1081, 0x10A1, 0x0840, 0x0020, 0x0020, 0x0840, 0x18A1, 0x1081,
  0x1081, 0x1081, 0x1081, 0x1081, 0x1081, 0x1081, 0x1081, 0x1081,
  0x1081, 0x1081, 0x1081, 0x1081, 0x1081, 0x1081, 0x1081, 0x1081,
  0x1081, 0x1081, 0x1081, 0x0860, 0x3164, 0x4207, 0xF81F, 0xF81F,
  0xF81F, 0xF81F, 0x39C6, 0x1081, 0x1081, 0x1081, 0x1081, 0x1081,
  0x1081, 0x1081, 0x1081, 0x1081, 0x1081, 0x1081, 0x1081, 0x1081,
  0x1081, 0x1081, 0x1081, 0x1081, 0x1081, 0x1081, 0x1081, 0x18A1,
  0x1061, 0x0000, 0x31A5, 0x9CD3, 0x94B2, 0x3165, 0x0000, 0x1081,
  0x10A1, 0x1081, 0x1081, 0x1081, 0x1081, 0x1081, 0x1081, 0x1081,
  0x1081, 0x1081, 0x1081, 0x1081, 0x1081, 0x1081, 0x1081, 0x1081,
  0x1081, 0x1081, 0x1081, 0x1081, 0x1081, 0x39C6, 0xF81F, 0xF81F,
  0xF81F, 0x4207, 0x2923, 0x1060, 0x1081, 0x1081, 0x1081, 0x1081,
  0x1081, 0x1081, 0x1081, 0x1081, 0x1081, 0x1081, 0x1081, 0x1081,
  0x1081, 0x1081, 0x1081, 0x1081, 0x1081, 0x10A1, 0x1081, 0x0000,
  0x18E2, 0x8C50, 0xEF5D, 0xFFDF, 0xFFDF, 0xE73C, 0x83EF, 0x18C2,
  0x0020, 0x1081, 0x10A1, 0x1081, 0x1081, 0x1081, 0x1081, 0x1081,
  0x1081, 0x1081, 0x1081, 0x1081, 0x1081, 0x1081, 0x1081, 0x1081,
  0x1081, 0x1081, 0x1081, 0x1081, 0x1060, 0x2923, 0x4207, 0xF81F,
  0xF81F, 0x39A6, 0x10A1, 0x1081, 0x1081, 0x1081, 0x1081, 0x1081,
  0x1081, 0x1081, 0x1081, 0x1081, 0x1081, 0x1081, 0x1081, 0x1081,
  0x1081, 0x1081, 0x1081, 0x10A1, 0x10A1, 0x0820, 0x1060, 0x6B2C,
  0xDEBA, 0xFFFF, 0xEF7D, 0xEF5D, 0xEF5D, 0xEF7D, 0xFFFF, 0xD69A,
  0x5AEB, 0x0840, 0x0840, 0x10A1, 0x1081, 0x1081, 0x1081, 0x1081,
  0x1081, 0x1081, 0x1081, 0x1081, 0x1081, 0x1081, 0x1081, 0x1081,
  0x1081, 0x1081, 0x1081, 0x1081, 0x1081, 0x10A1, 0x39C6, 0xF81F,
  0xF81F, 0x3165, 0x1060, 0x1081, 0x1081, 0x1081, 0x1081, 0x1081,
  0x1081, 0x1081, 0x1081, 0x1081, 0x1081, 0x1081, 0x1081, 0x1081,
  0x1081, 0x1081, 0x18A1, 0x0860, 0x0020, 0x4A28, 0xBDF7, 0xFFDF,
  0xF79E, 0xEF5D, 0xEF5D, 0xEF7D, 0xEF7D, 0xEF5D, 0xEF5D, 0xF79E,
  0xFFDF, 0xB5B6, 0x4207, 0x0020, 0x0860, 0x18A1, 0x1081, 0x1081,
  0x1081, 0x1081, 0x1081, 0x1081, 0x1081, 0x1081, 0x1081, 0x1081,
  0x1081, 0x1081, 0x1081, 0x1081, 0x1081, 0x1060, 0x3165, 0xF81F,
  0x4207, 0x2923, 0x1060, 0x1081, 0x1081, 0x1081, 0x1081, 0x1081,
  0x1081, 0x1081, 0x1081, 0x1081, 0x1081, 0x1081, 0x1081, 0x1081,
  0x18A1, 0x1081, 0x0000, 0x2964, 0xA513, 0xF79E, 0xF7BE, 0xEF5D,
  0xEF5D, 0xEF7D, 0xEF7D, 0xEF7D, 0xEF7D, 0xEF7D, 0xEF7D, 0xEF5D,
  0xEF5D, 0xFFBF, 0xF79E, 0x9CB2, 0x2924, 0x0000, 0x1081, 0x10A1,
  0x1081, 0x1081, 0x1081, 0x1081, 0x1081, 0x1081, 0x1081, 0x1081,
  0x1081, 0x1081, 0x1081, 0x1081, 0x1081, 0x1060, 0x2123, 0x4207,
  0x39E7, 0x20E2, 0x1061, 0x1081, 0x1081, 0x1081, 0x1081, 0x1081,
  0x1081, 0x1081, 0x1081, 0x1081, 0x1081, 0x1081, 0x10A1, 0x1081,
  0x0020, 0x18C2, 0x83EF, 0xE73C, 0xFFDF, 0xEF5D, 0xEF5D, 0xEF7D,
  0xEF7D, 0xEF7D, 0xEF7D, 0xEF7D, 0xEF7D, 0xEF7D, 0xEF7D, 0xEF7D,
  0xEF7D, 0xEF5D, 0xEF5D, 0xFFDF, 0xE71C, 0x73AE, 0x10A1, 0x0020,
  0x10A1, 0x10A1, 0x1081, 0x1081, 0x1081, 0x1081, 0x1081, 0x1081,
  0x1081, 0x1081, 0x1081, 0x1081, 0x1081, 0x1061, 0x20E2, 0x39E7,
  0x39C6, 0x18C2, 0x1081, 0x1081, 0x1081, 0x1081, 0x1081, 0x1081,
  0x1081, 0x1081, 0x1081, 0x1081, 0x1081, 0x10A1, 0x0840, 0x0840,
  0x62EB, 0xD69A, 0xFFFF, 0xEF7D, 0xEF5D, 0xEF7D, 0xEF7D, 0xEF7D,
  0xEF7D, 0xEF7D, 0xEF7D, 0xEF7D, 0xEF7D, 0xEF7D, 0xEF7D, 0xEF7D,
  0xEF7D, 0xEF7D, 0xEF7D, 0xEF5D, 0xF77D, 0xFFDF, 0xCE59, 0x52AA,
  0x0840, 0x0840, 0x18A1, 0x1081, 0x1081, 0x1081, 0x1081, 0x1081,
  0x1081, 0x1081, 0x1081, 0x1081, 0x1081, 0x1081, 0x18C2, 0x39C6,
  0x39C6, 0x18A1, 0x1081, 0x1081, 0x1081, 0x1081, 0x1081, 0x1081,
  0x1081, 0x1081, 0x1081, 0x18A1, 0x0860, 0x0020, 0x4207, 0xB5B6,
  0xFFDF, 0xF79E, 0xEF5D, 0xEF5D, 0xEF7D, 0xEF7D, 0xEF7D, 0xEF7D,
  0xEF7D, 0xEF7D, 0xEF7D, 0xEF7D, 0xEF7D, 0xEF7D, 0xEF7D, 0xEF7D,
  0xEF7D, 0xEF7D, 0xEF7D, 0xEF7D, 0xEF5D, 0xEF5D, 0xF7BE, 0xFFBE,
  0xAD75, 0x39C6, 0x0000, 0x1060, 0x18A1, 0x1081, 0x1081, 0x1081,
  0x1081, 0x1081, 0x1081, 0x1081, 0x1081, 0x1081, 0x18A1, 0x39C6,
  0x39A6, 0x10A1, 0x1081, 0x1081, 0x1081, 0x1081, 0x1081, 0x1081,
  0x1081, 0x1081, 0x1081, 0x0000, 0x2924, 0x9CB2, 0xF79E, 0xFFBE,
  0xEF5D, 0xEF5D, 0xEF7D, 0xEF7D, 0xEF7D, 0xEF7D, 0xEF7D, 0xEF7D,
  0xEF7D, 0xEF7D, 0xEF7D, 0xEF7D, 0xEF7D, 0xEF7D, 0xEF7D, 0xEF7D,
  0xEF7D, 0xEF7D, 0xEF7D, 0xEF7D, 0xEF7D, 0xEF7D, 0xEF5D, 0xEF5D,
  0xFFDF, 0xEF7D, 0x8C71, 0x2103, 0x0000, 0x1081, 0x1081, 0x1081,
  0x1081, 0x1081, 0x1081, 0x1081, 0x1081, 0x1081, 0x10A1, 0x39A6,
  0x31A6, 0x10A1, 0x1081, 0x1081, 0x1081, 0x1081, 0x1081, 0x1081,
  0x1081, 0x1061, 0x10A1, 0x7BAE, 0xE71C, 0xFFDF, 0xEF5D, 0xEF5D,
  0xEF5D, 0xEF5D, 0xEF5D, 0xEF5D, 0xEF5D, 0xEF5D, 0xEF5D, 0xEF5D,
  0xEF5D, 0xEF5D, 0xEF5D, 0xEF5D, 0xEF5D, 0xEF5D, 0xEF5D, 0xEF5D,
  0xEF5D, 0xEF5D, 0xEF5D, 0xEF5D, 0xEF5D, 0xEF5D, 0xEF5D, 0xEF5D,
  0xEF3C, 0xEF5D, 0xFFDF, 0xDEDB, 0x6B6D, 0x1081, 0x1061, 0x1081,
  0x1081, 0x1081, 0x1081, 0x1081, 0x1081, 0x1081, 0x10A1, 0x31A6,
  0x39A6, 0x1081, 0x1081, 0x1081, 0x1081, 0x1081, 0x1081, 0x1081,
  0x1081, 0x18C2, 0xBDF7, 0xFFFF, 0xF79E, 0xF79E, 0xF79E, 0xF79E,
  0xF79E, 0xF79E, 0xF79E, 0xF79E, 0xF79E, 0xF79E, 0xF79E, 0xF79E,
  0xF79E, 0xF79E, 0xF79E, 0xF79E, 0xF79E, 0xF79E, 0xF79E, 0xF79E,
  0xF79E, 0xF79E, 0xF79E, 0xF79E, 0xF79E, 0xF79E, 0xF79E, 0xF79E,
  0xF79E, 0xF79E, 0xF77D, 0xFFDF, 0xFFFF, 0xB575, 0x10A1, 0x1081,
  0x1081, 0x1081, 0x1081, 0x1081, 0x1081, 0x1081, 0x1081, 0x39A6,
  0x39A6, 0x1081, 0x1081, 0x1081, 0x1081, 0x1081, 0x1081, 0x10A1,
  0x0840, 0x4207, 0xFFFF, 0xCE59, 0x5269, 0x39C6, 0x4A48, 0x4A48,
  0x4A48, 0x4A48, 0x4A48, 0x4A48, 0x4A48, 0x4A48, 0x4A48, 0x4A48,
  0x4A48, 0x4A48, 0x4A48, 0x4A48, 0x4A48, 0x4A48, 0x4A48, 0x4A48,
  0x4A48, 0x4A48, 0x4A48, 0x4A48, 0x4A48, 0x4A48, 0x4A48, 0x4A48,
  0x4A48, 0x4A48, 0x4A48, 0x39E7, 0xB575, 0xFFDF, 0x3185, 0x0840,
  0x10A1, 0x1081, 0x1081, 0x1081, 0x1081, 0x1081, 0x1081, 0x39A6,
  0x39A6, 0x1081, 0x1081, 0x1081, 0x1081, 0x1081, 0x1081, 0x10A1,
  0x0840, 0x4207, 0xEF7D, 0xEF7D, 0xCE38, 0x52AA, 0x0000, 0x0000,
  0x0840, 0x0840, 0x0820, 0x0820, 0x0820, 0x0820, 0x0820, 0x0820,
  0x0820, 0x0820, 0x0820, 0x0820, 0x0820, 0x0820, 0x0820, 0x0820,
  0x0820, 0x0820, 0x0820, 0x0820, 0x0820, 0x0820, 0x0820, 0x0820,
  0x0820, 0x0820, 0x0820, 0x0820, 0xC5F7, 0xF79E, 0x3185, 0x0840,
  0x10A1, 0x1081, 0x1081, 0x1081, 0x1081, 0x1081, 0x1081, 0x39A6,
  0x39A6, 0x1081, 0x1081, 0x1081, 0x1081, 0x1081, 0x1081, 0x10A1,
  0x0840, 0x4207, 0xF79E, 0xEF5D, 0xF7BE, 0xFFFF, 0xBDD7, 0x4227,
  0x0820, 0x1061, 0x18C2, 0x10A1, 0x10A1, 0x10A1, 0x10A1, 0x10A1,
  0x10A1, 0x10A1, 0x10A1, 0x10A1, 0x10A1, 0x10A1, 0x10A1, 0x10A1,
  0x10A1, 0x10A1, 0x10A1, 0x10A1, 0x10A1, 0x10A1, 0x10A1, 0x10A1,
  0x10A1, 0x18C2, 0x0020, 0x73AE, 0xFFFF, 0xE73C, 0x3185, 0x0840,
  0x10A1, 0x1081, 0x1081, 0x1081, 0x1081, 0x1081, 0x1081, 0x39A6,
  0x39A6, 0x1081, 0x1081, 0x1081, 0x1081, 0x1081, 0x1081, 0x10A1,
  0x0840, 0x4207, 0xF79E, 0xEF5D, 0xEF5D, 0xEF5D, 0xFFBE, 0xF79E,
  0x9CD2, 0x2924, 0x0000, 0x1081, 0x10A1, 0x1081, 0x1081, 0x1081,
  0x1081, 0x1081, 0x1081, 0x1081, 0x1081, 0x1081, 0x1081, 0x1081,
  0x1081, 0x1081, 0x1081, 0x1081, 0x1081, 0x1081, 0x1081, 0x1081,
  0x1081, 0x0860, 0x2123, 0xDEFB, 0xF79E, 0xEF5D, 0x3185, 0x0840,
  0x10A1, 0x1081, 0x1081, 0x1081, 0x1081, 0x1081, 0x1081, 0x39A6,
  0x39A6, 0x1081, 0x1081, 0x1081, 0x1081, 0x1081, 0x1081, 0x10A1,
  0x0840, 0x4207, 0xF79E, 0xEF5D, 0xEF7D, 0xEF7D, 0xEF5D, 0xEF5D,
  0xFFDF, 0xE71C, 0x7BAE, 0x10A1, 0x0020, 0x10A1, 0x10A1, 0x1081,
  0x1081, 0x1081, 0x1081, 0x1081, 0x1081, 0x1081, 0x1081, 0x1081,
  0x1081, 0x1081, 0x1081, 0x1081, 0x1081, 0x1081, 0x1081, 0x1081,
  0x10A1, 0x0000, 0x9492, 0xFFDF, 0xEF5D, 0xEF5D, 0x3185, 0x0840,
  0x10A1, 0x1081, 0x1081, 0x1081, 0x1081, 0x1081, 0x1081, 0x39A6,
  0x39A6, 0x1081, 0x1081, 0x1081, 0x1081, 0x1081, 0x1081, 0x10A1,
  0x0840, 0x4207, 0xF79E, 0xEF5D, 0xEF7D, 0xEF7D, 0xEF7D, 0xEF7D,
  0xEF5D, 0xF77D, 0xFFFF, 0xCE79, 0x5AAA, 0x0840, 0x0840, 0x18A1,
  0x1081, 0x1081, 0x1081, 0x1081, 0x1081, 0x1081, 0x1081, 0x1081,
  0x1081, 0x1081, 0x1081, 0x1081, 0x1081, 0x1081, 0x1081, 0x10A1,
  0x0840, 0x39E6, 0xF77D, 0xEF5D, 0xEF7D, 0xEF5D, 0x3185, 0x0840,
  0x10A1, 0x1081, 0x1081, 0x1081, 0x1081, 0x1081, 0x1081, 0x39A6,
  0x39A6, 0x1081, 0x1081, 0x1081, 0x1081, 0x1081, 0x1081, 0x10A1,
  0x0840, 0x4207, 0xF79E, 0xEF5D, 0xEF7D, 0xEF7D, 0xEF7D, 0xEF7D,
  0xEF7D, 0xEF5D, 0xEF5D, 0xF7BE, 0xFFDF, 0xB575, 0x39C6, 0x0000,
  0x1060, 0x18A1, 0x1081, 0x1081, 0x1081, 0x1081, 0x1081, 0x1081,
  0x1081, 0x1081, 0x1081, 0x1081, 0x1081, 0x1081, 0x1081, 0x10A1,
  0x0840, 0xB596, 0xFFDF, 0xEF5D, 0xEF7D, 0xEF5D, 0x3185, 0x0840,
  0x10A1, 0x1081, 0x1081, 0x1081, 0x1081, 0x1081, 0x1081, 0x39A6,
  0x39A6, 0x1081, 0x1081, 0x1081, 0x1081, 0x1081, 0x1081, 0x10A1,
  0x0840, 0x4207, 0xF79E, 0xEF5D, 0xEF7D, 0xEF7D, 0xEF7D, 0xEF7D,
  0xEF7D, 0xEF7D, 0xEF7D, 0xEF5D, 0xEF5D, 0xFFDF, 0xEF7D, 0x9471,
  0x2103, 0x0000, 0x1081, 0x10A1, 0x1081, 0x1081, 0x1081, 0x1081,
  0x1081, 0x1081, 0x1081, 0x1081, 0x1081, 0x1081, 0x10A1, 0x0020,
  0x5ACA, 0xFFDF, 0xEF5D, 0xEF5D, 0xEF7D, 0xEF5D, 0x3185, 0x0840,
  0x10A1, 0x1081, 0x1081, 0x1081, 0x1081, 0x1081, 0x1081, 0x39A6,
  0x39A6, 0x1081, 0x1081, 0x1081, 0x1081, 0x1081, 0x1081, 0x10A1,
  0x0840, 0x4207, 0xF79E, 0xEF5D, 0xEF7D, 0xEF7D, 0xEF7D, 0xEF7D,
  0xEF7D, 0xEF7D, 0xEF7D, 0xEF7D, 0xEF7D, 0xEF5D, 0xEF7D, 0xFFDF,
  0xDEFB, 0x736D, 0x1081, 0x0820, 0x1081, 0x1081, 0x1081, 0x1081,
  0x1081, 0x1081, 0x1081, 0x1081, 0x1081, 0x1081, 0x1081, 0x18A2,
  0xCE79, 0xF79E, 0xEF5D, 0xEF5D, 0xEF7D, 0xEF5D, 0x3185, 0x0840,
  0x10A1, 0x1081, 0x1081, 0x1081, 0x1081, 0x1081, 0x1081, 0x39A6,
  0x39A6, 0x1081, 0x1081, 0x1081, 0x1081, 0x1081, 0x1081, 0x10A1,
  0x0840, 0x4207, 0xF79E, 0xEF5D, 0xEF7D, 0xEF7D, 0xEF7D, 0xEF7D,
  0xEF7D, 0xEF7D, 0xEF7D, 0xEF7D, 0xEF7D, 0xEF7D, 0xEF7D, 0xEF5D,
  0xF79E, 0xFFDF, 0xC638, 0x4A28, 0x0860, 0x1081, 0x1081, 0x1081,
  0x1081, 0x1081, 0x1081, 0x1081, 0x1081, 0x18A1, 0x0000, 0x7BCE,
  0xFFFF, 0xEF5D, 0xEF7D, 0xEF5D, 0xEF7D, 0xEF5D, 0x3185, 0x0840,
  0x10A1, 0x1081, 0x1081, 0x1081, 0x1081, 0x1081, 0x1081, 0x39A6,
  0x39A6, 0x1081, 0x1081, 0x1081, 0x1081, 0x1081, 0x1081, 0x10A1,
  0x0840, 0x4207, 0xF79E, 0xEF5D, 0xEF7D, 0xEF7D, 0xEF7D, 0xEF7D,
  0xEF7D, 0xEF7D, 0xEF7D, 0xEF7D, 0xEF7D, 0xEF7D, 0xEF7D, 0xEF7D,
  0xEF5D, 0xEF3C, 0xFFFF, 0xDEBA, 0x18C2, 0x1081, 0x1081, 0x1081,
  0x1081, 0x1081, 0x1081, 0x1081, 0x10A1, 0x0860, 0x2944, 0xE71C,
  0xF77D, 0xEF5D, 0xEF7D, 0xEF5D, 0xEF7D, 0xEF5D, 0x3185, 0x0840,
  0x10A1, 0x1081, 0x1081, 0x1081, 0x1081, 0x1081, 0x1081, 0x39A6,
  0x39A6, 0x1081, 0x1081, 0x1081, 0x1081, 0x1081, 0x1081, 0x10A1,
  0x0840, 0x4207, 0xF79E, 0xEF5D, 0xEF7D, 0xEF7D, 0xEF7D, 0xEF7D,
  0xEF7D, 0xEF7D, 0xEF7D, 0xEF7D, 0xEF7D, 0xEF7D, 0xEF7D, 0xEF7D,
  0xEF7D, 0xEF5D, 0xF77D, 0xD6BA, 0x20E2, 0x1061, 0x1081, 0x1081,
  0x1081, 0x1081, 0x1081, 0x1081, 0x10A1, 0x0020, 0x9CF3, 0xFFDF,
  0xEF5D, 0xEF7D, 0xEF7D, 0xEF5D, 0xEF7D, 0xEF5D, 0x3185, 0x0840,
  0x10A1, 0x1081, 0x1081, 0x1081, 0x1081, 0x1081, 0x1081, 0x39A6,
  0x39A6, 0x1081, 0x1081, 0x1081, 0x1081, 0x1081, 0x1081, 0x10A1,
  0x0840, 0x4207, 0xF79E, 0xEF5D, 0xEF7D, 0xEF7D, 0xEF7D, 0xEF7D,
  0xEF7D, 0xEF7D, 0xEF7D, 0xEF7D, 0xEF7D, 0xEF7D, 0xEF7D, 0xEF7D,
  0xEF7D, 0xEF5D, 0xF79E, 0xD6BA, 0x18E2, 0x1061, 0x1081, 0x1081,
  0x1081, 0x1081, 0x1081, 0x10A1, 0x0820, 0x4227, 0xF79E, 0xEF5D,
  0xEF7D, 0xEF7D, 0xEF7D, 0xEF5D, 0xEF7D, 0xEF5D, 0x3185, 0x0840,
  0x10A1, 0x1081, 0x1081, 0x1081, 0x1081, 0x1081, 0x1081, 0x39A6,
  0x39A6, 0x1081, 0x1081, 0x1081, 0x1081, 0x1081, 0x1081, 0x10A1,
  0x0840, 0x4207, 0xF79E, 0xEF5D, 0xEF7D, 0xEF7D, 0xEF7D, 0xEF7D,
  0xEF7D, 0xEF7D, 0xEF7D, 0xEF7D, 0xEF7D, 0xEF7D, 0xEF7D, 0xEF7D,
  0xEF7D, 0xEF5D, 0xF79E, 0xD6BA, 0x18E2, 0x1061, 0x1081, 0x1081,
  0x1081, 0x1081, 0x1081, 0x1081, 0x0860, 0xBDD7, 0xFFBE, 0xEF5D,
  0xEF7D, 0xEF7D, 0xEF7D, 0xEF5D, 0xEF7D, 0xEF5D, 0x3185, 0x0840,
  0x10A1, 0x1081, 0x1081, 0x1081, 0x1081, 0x1081, 0x1081, 0x39A6,
  0x39A6, 0x1081, 0x1081, 0x1081, 0x1081, 0x1081, 0x1081, 0x10A1,
  0x0840, 0x4207, 0xF79E, 0xEF5D, 0xEF7D, 0xEF7D, 0xEF7D, 0xEF7D,
  0xEF7D, 0xEF7D, 0xEF7D, 0xEF7D, 0xEF7D, 0xEF7D, 0xEF7D, 0xEF7D,
  0xEF7D, 0xEF5D, 0xF79E, 0xD6BA, 0x18E2, 0x1061, 0x1081, 0x1081,
  0x1081, 0x1081, 0x10A1, 0x0000, 0x630B, 0xFFDF, 0xEF5D, 0xEF7D,
  0xEF7D, 0xEF7D, 0xEF7D, 0xEF5D, 0xEF7D, 0xEF5D, 0x3185, 0x0840,
  0x10A1, 0x1081, 0x1081, 0x1081, 0x1081, 0x1081, 0x1081, 0x39A6,
  0x39A6, 0x1081, 0x1081, 0x1081, 0x1081, 0x1081, 0x1081, 0x10A1,
  0x0840, 0x4207, 0xF79E, 0xEF5D, 0xEF7D, 0xEF7D, 0xEF7D, 0xEF7D,
  0xEF7D, 0xEF7D, 0xEF7D, 0xEF7D, 0xEF7D, 0xEF7D, 0xEF7D, 0xEF7D,
  0xEF7D, 0xEF5D, 0xF79E, 0xD6BA, 0x18E2, 0x1061, 0x1081, 0x1081,
  0x1081, 0x1081, 0x1061, 0x18C2, 0xD6BA, 0xF79E, 0xEF5D, 0xEF7D,
  0xEF7D, 0xEF7D, 0xEF7D, 0xEF5D, 0xEF7D, 0xEF5D, 0x3185, 0x0840,
  0x10A1, 0x1081, 0x1081, 0x1081, 0x1081, 0x1081, 0x1081, 0x39A6,
  0x39A6, 0x1081, 0x1081, 0x1081, 0x1081, 0x1081, 0x1081, 0x10A1,
  0x0840, 0x4207, 0xF79E, 0xEF5D, 0xEF7D, 0xEF7D, 0xEF7D, 0xEF7D,
  0xEF7D, 0xEF7D, 0xEF7D, 0xEF7D, 0xEF7D, 0xEF7D, 0xEF7D, 0xEF7D,
  0xEF7D, 0xEF5D, 0xF79E, 0xD6BA, 0x18E2, 0x1061, 0x1081, 0x1081,
  0x1081, 0x18A1, 0x0000, 0x8430, 0xFFFF, 0xEF5D, 0xEF7D, 0xEF7D,
  0xEF7D, 0xEF7D, 0xEF7D, 0xEF5D, 0xEF7D, 0xEF5D, 0x3185, 0x0840,
  0x10A1, 0x1081, 0x1081, 0x1081, 0x1081, 0x1081, 0x1081, 0x39A6,
  0x39A6, 0x1081, 0x1081, 0x1081, 0x1081, 0x1081, 0x1081, 0x10A1,
  0x0840, 0x4207, 0xF79E, 0xEF5D, 0xEF7D, 0xEF7D, 0xEF7D, 0xEF7D,
  0xEF7D, 0xEF7D, 0xEF7D, 0xEF7D, 0xEF7D, 0xEF7D, 0xEF7D, 0xEF7D,
  0xEF7D, 0xEF5D, 0xF79E, 0xD6BA, 0x18E2, 0x1061, 0x1081, 0x1081,
  0x10A1, 0x0840, 0x3185, 0xEF5D, 0xEF7D, 0xEF5D, 0xEF7D, 0xEF7D,
  0xEF7D, 0xEF7D, 0xEF7D, 0xEF5D, 0xEF7D, 0xEF5D, 0x3185, 0x0840,
  0x10A1, 0x1081, 0x1081, 0x1081, 0x1081, 0x1081, 0x1081, 0x39A6,
  0x39A6, 0x1081, 0x1081, 0x1081, 0x1081, 0x1081, 0x1081, 0x10A1,
  0x0840, 0x4207, 0xEF7D, 0xEF5D, 0xEF7D, 0xEF7D, 0xEF7D, 0xEF7D,
  0xEF7D, 0xEF7D, 0xEF7D, 0xEF7D, 0xEF7D, 0xEF7D, 0xEF7D, 0xEF7D,
  0xEF7D, 0xEF5D, 0xF79E, 0xD6BA, 0x18E2, 0x1061, 0x1081, 0x1081,
  0x10A1, 0x0820, 0xA534, 0xFFDF, 0xEF5D, 0xEF7D, 0xEF7D, 0xEF7D,
  0xEF7D, 0xEF7D, 0xEF7D, 0xEF5D, 0xEF7D, 0xEF3C, 0x3185, 0x0840,
  0x10A1, 0x1081, 0x1081, 0x1081, 0x1081, 0x1081, 0x1081, 0x39A6,
  0x39A6, 0x1081, 0x1081, 0x1081, 0x1081, 0x1081, 0x1081, 0x10A1,
  0x0840, 0x4207, 0xFFBF, 0xEF5D, 0xEF5D, 0xEF7D, 0xEF7D, 0xEF7D,
  0xEF7D, 0xEF7D, 0xEF7D, 0xEF7D, 0xEF7D, 0xEF7D, 0xEF7D, 0xEF7D,
  0xEF7D, 0xEF5D, 0xF79E, 0xD6BA, 0x18E2, 0x1061, 0x1081, 0x10A1,
  0x0820, 0x4A68, 0xF7BE, 0xEF5D, 0xEF7D, 0xEF7D, 0xEF7D, 0xEF7D,
  0xEF7D, 0xEF7D, 0xEF7D, 0xEF5D, 0xEF5D, 0xF79E, 0x3185, 0x0840,
  0x10A1, 0x1081, 0x1081, 0x1081, 0x1081, 0x1081, 0x1081, 0x39A6,
  0x39A6, 0x1081, 0x1081, 0x1081, 0x1081, 0x1081, 0x1081, 0x1081,
  0x1081, 0x18C2, 0xBDF7, 0xFFFF, 0xF77D, 0xEF5D, 0xEF7D, 0xEF7D,
  0xEF7D, 0xEF7D, 0xEF7D, 0xEF7D, 0xEF7D, 0xEF7D, 0xEF7D, 0xEF7D,
  0xEF7D, 0xEF5D, 0xF79E, 0xD6BA, 0x18E2, 0x1061, 0x1081, 0x1081,
  0x1081, 0xC618, 0xF7BE, 0xEF5D, 0xEF7D, 0xEF7D, 0xEF7D, 0xEF7D,
  0xEF7D, 0xEF5D, 0xEF5D, 0xF77E, 0xFFFF, 0xB595, 0x10A1, 0x1081,
  0x1081, 0x1081, 0x1081, 0x1081, 0x1081, 0x1081, 0x1081, 0x39A6,
  0x31A6, 0x10A1, 0x1081, 0x1081, 0x1081, 0x1081, 0x1081, 0x1081,
  0x1081, 0x1060, 0x10A1, 0x73AE, 0xE71C, 0xFFDF, 0xEF5D, 0xEF5D,
  0xEF7D, 0xEF7D, 0xEF7D, 0xEF7D, 0xEF7D, 0xEF7D, 0xEF7D, 0xEF7D,
  0xEF7D, 0xEF5D, 0xF79E, 0xD6BA, 0x18E2, 0x1061, 0x18A2, 0x0000,
  0x6B4C, 0xFFDF, 0xEF5D, 0xEF7D, 0xEF7D, 0xEF7D, 0xEF7D, 0xEF7D,
  0xEF5D, 0xEF7D, 0xFFDF, 0xDEDB, 0x6B6D, 0x1081, 0x1061, 0x1081,
  0x1081, 0x1081, 0x1081, 0x1081, 0x1081, 0x1081, 0x10A1, 0x31A6,
  0x39A6, 0x10A1, 0x1081, 0x1081, 0x1081, 0x1081, 0x1081, 0x1081,
  0x1081, 0x1081, 0x1081, 0x0000, 0x2924, 0x9CB2, 0xF79E, 0xFFBF,
  0xEF5D, 0xEF5D, 0xEF7D, 0xEF7D, 0xEF7D, 0xEF7D, 0xEF7D, 0xEF7D,
  0xEF7D, 0xEF5D, 0xF79E, 0xD6BA, 0x18E2, 0x1081, 0x1061, 0x2103,
  0xDEDB, 0xF79E, 0xEF5D, 0xEF7D, 0xEF7D, 0xEF7D, 0xEF5D, 0xEF5D,
  0xFFDF, 0xEF7D, 0x8C71, 0x2103, 0x0000, 0x1081, 0x1081, 0x1081,
  0x1081, 0x1081, 0x1081, 0x1081, 0x1081, 0x1081, 0x10A1, 0x39A6,
  0x39C6, 0x18A1, 0x1081, 0x1081, 0x1081, 0x1081, 0x1081, 0x1081,
  0x1081, 0x1081, 0x1081, 0x18A1, 0x0860, 0x0020, 0x4207, 0xBDB6,
  0xFFDF, 0xF79E, 0xEF5D, 0xEF5D, 0xEF7D, 0xEF7D, 0xEF7D, 0xEF7D,
  0xEF7D, 0xEF5D, 0xF79E, 0xD6BA, 0x18E2, 0x1081, 0x0020, 0x8C71,
  0xFFFF, 0xEF5D, 0xEF7D, 0xEF7D, 0xEF5D, 0xEF5D, 0xF7BE, 0xFFBE,
  0xAD75, 0x39C6, 0x0000, 0x1060, 0x18A1, 0x1081, 0x1081, 0x1081,
  0x1081, 0x1081, 0x1081, 0x1081, 0x1081, 0x1081, 0x18A1, 0x39C6,
  0x39C6, 0x18C2, 0x1081, 0x1081, 0x1081, 0x1081, 0x1081, 0x1081,
  0x1081, 0x1081, 0x1081, 0x1081, 0x1081, 0x10A1, 0x0840, 0x0840,
  0x5AEB, 0xD69A, 0xFFFF, 0xEF7D, 0xEF5D, 0xEF7D, 0xEF7D, 0xEF7D,
  0xEF7D, 0xEF5D, 0xF79E, 0xD6BA, 0x20E3, 0x0820, 0x39C6, 0xEF7D,
  0xEF7D, 0xEF7D, 0xEF7D, 0xEF5D, 0xF77D, 0xFFDF, 0xCE59, 0x52AA,
  0x0840, 0x0840, 0x18A1, 0x1081, 0x1081, 0x1081, 0x1081, 0x1081,
  0x1081, 0x1081, 0x1081, 0x1081, 0x1081, 0x1081, 0x18C2, 0x39C6,
  0x39E7, 0x20E2, 0x1061, 0x1081, 0x1081, 0x1081, 0x1081, 0x1081,
  0x1081, 0x1081, 0x1081, 0x1081, 0x1081, 0x1081, 0x10A1, 0x1081,
  0x0020, 0x18C2, 0x83EF, 0xE73C, 0xFFDF, 0xEF5D, 0xEF5D, 0xEF7D,
  0xEF7D, 0xEF5D, 0xF79E, 0xDEBA, 0x20E3, 0x0020, 0xAD75, 0xFFDF,
  0xEF5D, 0xEF5D, 0xEF5D, 0xFFDF, 0xE71C, 0x73AE, 0x10A1, 0x0020,
  0x10A1, 0x10A1, 0x1081, 0x1081, 0x1081, 0x1081, 0x1081, 0x1081,
  0x1081, 0x1081, 0x1081, 0x1081, 0x1081, 0x1061, 0x20E2, 0x39E7,
  0x4207, 0x2123, 0x1060, 0x1081, 0x1081, 0x1081, 0x1081, 0x1081,
  0x1081, 0x1081, 0x1081, 0x1081, 0x1081, 0x1081, 0x1081, 0x1081,
  0x10A1, 0x1081, 0x0000, 0x2964, 0xA513, 0xF79E, 0xF7BE, 0xEF5D,
  0xEF5D, 0xEF5D, 0xF79E, 0xDEDB, 0x1081, 0x5289, 0xFFDF, 0xEF5D,
  0xEF5D, 0xFFBF, 0xF79E, 0x9CB2, 0x2924, 0x0000, 0x1081, 0x10A1,
  0x1081, 0x1081, 0x1081, 0x1081, 0x1081, 0x1081, 0x1081, 0x1081,
  0x1081, 0x1081, 0x1081, 0x1081, 0x1081, 0x1060, 0x2923, 0x4207,
  0xF81F, 0x3165, 0x1060, 0x1081, 0x1081, 0x1081, 0x1081, 0x1081,
  0x1081, 0x1081, 0x1081, 0x1081, 0x1081, 0x1081, 0x1081, 0x1081,
  0x1081, 0x1081, 0x18A1, 0x0860, 0x0020, 0x4A28, 0xBDF7, 0xFFDF,
  0xF79E, 0xEF3C, 0xF79E, 0xD6BA, 0x18E2, 0xC638, 0xF79E, 0xF79E,
  0xFFDF, 0xB5B6, 0x4207, 0x0020, 0x0860, 0x18A1, 0x1081, 0x1081,
  0x1081, 0x1081, 0x1081, 0x1081, 0x1081, 0x1081, 0x1081, 0x1081,
  0x1081, 0x1081, 0x1081, 0x1081, 0x1081, 0x1060, 0x3165, 0xF81F,
  0xF81F, 0x39A6, 0x10A1, 0x1081, 0x1081, 0x1081, 0x1081, 0x1081,
  0x1081, 0x1081, 0x1081, 0x1081, 0x1081, 0x1081, 0x1081, 0x1081,
  0x1081, 0x1081, 0x1081, 0x10A1, 0x10A1, 0x0820, 0x1060, 0x6B2C,
  0xDEBA, 0xFFDF, 0xF7BE, 0xCE59, 0x8430, 0xFFDF, 0xFFDF, 0xD69A,
  0x5AEB, 0x0840, 0x0840, 0x10A1, 0x1081, 0x1081, 0x1081, 0x1081,
  0x1081, 0x1081, 0x1081, 0x1081, 0x1081, 0x1081, 0x1081, 0x1081,
  0x1081, 0x1081, 0x1081, 0x1081, 0x1081, 0x10A1, 0x39A6, 0xF81F,
  0xF81F, 0x4207, 0x2923, 0x1060, 0x1081, 0x1081, 0x1081, 0x1081,
  0x1081, 0x1081, 0x1081, 0x1081, 0x1081, 0x1081, 0x1081, 0x1081,
  0x1081, 0x1081, 0x1081, 0x1081, 0x1081, 0x10A1, 0x1081, 0x0000,
  0x18E2, 0x8C50, 0xEF5D, 0xFFDF, 0xFFFF, 0xE73C, 0x83EF, 0x18C2,
  0x0020, 0x1081, 0x10A1, 0x1081, 0x1081, 0x1081, 0x1081, 0x1081,
  0x1081, 0x1081, 0x1081, 0x1081, 0x1081, 0x1081, 0x1081, 0x1081,
  0x1081, 0x1081, 0x1081, 0x1081, 0x1060, 0x2923, 0x4207, 0xF81F,
  0xF81F, 0xF81F, 0x39C6, 0x1081, 0x1081, 0x1081, 0x1081, 0x1081,
  0x1081, 0x1081, 0x1081, 0x1081, 0x1081, 0x1081, 0x1081, 0x1081,
  0x1081, 0x1081, 0x1081, 0x1081, 0x1081, 0x1081, 0x1081, 0x18A1,
  0x1061, 0x0000, 0x31A5, 0x9CD3, 0x94B2, 0x3165, 0x0000, 0x1081,
  0x10A1, 0x1081, 0x1081, 0x1081, 0x1081, 0x1081, 0x1081, 0x1081,
  0x1081, 0x1081, 0x1081, 0x1081, 0x1081, 0x1081, 0x1081, 0x1081,
  0x1081, 0x1081, 0x1081, 0x1081, 0x1081, 0x39C6, 0xF81F, 0xF81F,
  0xF81F, 0xF81F, 0x4207, 0x3165, 0x0860, 0x1081, 0x1081, 0x1081,
  0x1081, 0x1081, 0x1081, 0x1081, 0x1081, 0x1081, 0x1081, 0x1081,
  0x1081, 0x1081, 0x1081, 0x1081, 0x1081, 0x1081, 0x1081, 0x1081,
  0x1081, 0x10A1, 0x0840, 0x0020, 0x0020, 0x0840, 0x18A1, 0x1081,
  0x1081, 0x1081, 0x1081, 0x1081, 0x1081, 0x1081, 0x1081, 0x1081,
  0x1081, 0x1081, 0x1081, 0x1081, 0x1081, 0x1081, 0x1081, 0x1081,
  0x1081, 0x1081, 0x1081, 0x0860, 0x3165, 0x4207, 0xF81F, 0xF81F,
  0xF81F, 0xF81F, 0xF81F, 0x41E7, 0x2123, 0x0860, 0x1081, 0x1081,
  0x1081, 0x1081, 0x1081, 0x1081, 0x1081, 0x1081, 0x1081, 0x1081,
  0x1081, 0x1081, 0x1081, 0x1081, 0x1081, 0x1081, 0x1081, 0x1081,
  0x1081, 0x1081, 0x10A1, 0x10A1, 0x10A1, 0x10A1, 0x1081, 0x1081,
  0x1081, 0x1081, 0x1081, 0x1081, 0x1081, 0x1081, 0x1081, 0x1081,
  0x1081, 0x1081, 0x1081, 0x1081, 0x1081, 0x1081, 0x1081, 0x1081,
  0x1081, 0x1081, 0x0860, 0x2123, 0x4207, 0xF81F, 0xF81F, 0xF81F,
  0xF81F, 0xF81F, 0xF81F, 0xF81F, 0x4207, 0x2123, 0x0860, 0x1081,
  0x1081, 0x1081, 0x1081, 0x1081, 0x1081, 0x1081, 0x1081, 0x1081,
  0x1081, 0x1081, 0x1081, 0x1081, 0x1081, 0x1081, 0x1081, 0x1081,
  0x1081, 0x1081, 0x1081, 0x1081, 0x1081, 0x1081, 0x1081, 0x1081,
  0x1081, 0x1081, 0x1081, 0x1081, 0x1081, 0x1081, 0x1081, 0x1081,
  0x1081, 0x1081, 0x1081, 0x1081, 0x1081, 0x1081, 0x1081, 0x1081,
  0x1081, 0x0860, 0x2123, 0x4207, 0xF81F, 0xF81F, 0xF81F, 0xF81F,
  0xF81F, 0xF81F, 0xF81F, 0xF81F, 0xF81F, 0x4207, 0x3164, 0x1081,
  0x1060, 0x1081, 0x1081, 0x1081, 0x1081, 0x1081, 0x1081, 0x1081,
  0x1081, 0x1081, 0x1081, 0x1081, 0x1081, 0x1081, 0x1081, 0x1081,
  0x1081, 0x1081, 0x1081, 0x1081, 0x1081, 0x1081, 0x1081, 0x1081,
  0x1081, 0x1081, 0x1081, 0x1081, 0x1081, 0x1081, 0x1081, 0x1081,
  0x1081, 0x1081, 0x1081, 0x1081, 0x1081, 0x1081, 0x1081, 0x1060,
  0x1081, 0x3164, 0x4207, 0xF81F, 0xF81F, 0xF81F, 0xF81F, 0xF81F,
  0xF81F, 0xF81F, 0xF81F, 0xF81F, 0xF81F, 0xF81F, 0x4227, 0x39C6,
  0x2923, 0x10A1, 0x1060, 0x1060, 0x1061, 0x1081, 0x1081, 0x1081,
  0x1081, 0x1081, 0x1081, 0x1081, 0x1081, 0x1081, 0x1081, 0x1081,
  0x1081, 0x1081, 0x1081, 0x1081, 0x1081, 0x1081, 0x1081, 0x1081,
  0x1081, 0x1081, 0x1081, 0x1081, 0x1081, 0x1081, 0x1081, 0x1081,
  0x1081, 0x1081, 0x1081, 0x1061, 0x1060, 0x1060, 0x10A1, 0x2923,
  0x39C6, 0x4227, 0xF81F, 0xF81F, 0xF81F, 0xF81F, 0xF81F, 0xF81F,
  0xF81F, 0xF81F, 0xF81F, 0xF81F, 0xF81F, 0xF81F, 0xF81F, 0xF81F,
  0x4227, 0x39C6, 0x3165, 0x2123, 0x20E2, 0x18C2, 0x18A1, 0x10A1,
  0x10A1, 0x1081, 0x1081, 0x1081, 0x1081, 0x1081, 0x1081, 0x1081,
  0x1081, 0x1081, 0x1081, 0x1081, 0x1081, 0x1081, 0x1081, 0x1081,
  0x1081, 0x1081, 0x1081, 0x1081, 0x1081, 0x1081, 0x1081, 0x10A1,
  0x10A1, 0x18A1, 0x18C2, 0x20E2, 0x2123, 0x3165, 0x39C6, 0x4227,
  0xF81F, 0xF81F, 0xF81F, 0xF81F, 0xF81F, 0xF81F, 0xF81F, 0xF81F,
  0xF81F, 0xF81F, 0xF81F, 0xF81F, 0xF81F, 0xF81F, 0xF81F, 0xF81F,
  0xF81F, 0xF81F, 0xF81F, 0x4207, 0x39E7, 0x39E6, 0x39C6, 0x39A6,
  0x39A6, 0x39A6, 0x39A6, 0x39A6, 0x39A6, 0x39A6, 0x39A6, 0x39A6,
  0x39A6, 0x39A6, 0x39A6, 0x39A6, 0x39A6, 0x39A6, 0x39A6, 0x39A6,
  0x39A6, 0x39A6, 0x39A6, 0x39A6, 0x39A6, 0x39A6, 0x39A6, 0x39A6,
  0x39A6, 0x39C6, 0x39C6, 0x39E7, 0x4207, 0xF81F, 0xF81F, 0xF81F,
  0xF81F, 0xF81F, 0xF81F, 0xF81F, 0xF81F, 0xF81F, 0xF81F, 0xF81F,
};

// 56x56 RGB565
const uint16_t icon_arduino[3136] PROGMEM = {
  0xFFFF, 0xFFFF, 0xFFFF, 0xFFFF, 0xFFFF, 0xFFFF, 0xFFFF, 0xFFFF,
  0xFFFF, 0xFFFF, 0xFFFF, 0xFFFF, 0xFFFF, 0xFFFF, 0xFFFF, 0xFFFF,
  0xFFFF, 0xFFFF, 0xFFFF, 0xFFFF, 0xFFFF, 0xFFFF, 0xFFFF, 0xFFFF,
  0xFFFF, 0xFFFF, 0xFFFF, 0xFFFF, 0xFFFF, 0xFFFF, 0xFFFF, 0xFFFF,
  0xFFFF, 0xFFFF, 0xFFFF, 0xFFFF, 0xFFFF, 0xFFFF, 0xFFFF, 0xFFFF,
  0xFFFF, 0xFFFF, 0xFFFF, 0xFFFF, 0xFFFF, 0xFFFF, 0xFFFF, 0xFFFF,
  0xFFFF, 0xFFFF, 0xFFFF, 0xFFFF, 0xFFFF, 0xFFFF, 0xFFFF, 0xFFFF,
  0xFFFF, 0xFFFF, 0xFFFF, 0xFFFF, 0xFFFF, 0xFFFF, 0xFFFF, 0xFFFF,
  0xFFFF, 0xFFFF, 0xFFFF, 0xFFFF, 0xFFFF, 0xFFFF, 0xFFFF, 0xFFFF,
  0xFFFF, 0xFFFF, 0xFFFF, 0xFFFF, 0xFFFF, 0xFFFF, 0xFFFF, 0xFFFF,
  0xFFFF, 0xFFFF, 0xFFFF, 0xFFFF, 0xFFFF, 0xFFFF, 0xFFFF, 0xFFFF,
  0xFFFF, 0xFFFF, 0xFFFF, 0xFFFF, 0xFFFF, 0xFFFF, 0xFFFF, 0xFFFF,
  0xFFFF, 0xFFFF, 0xFFFF, 0xFFFF, 0xFFFF, 0xFFFF, 0xFFFF, 0xFFFF,
  0xFFFF, 0xFFFF, 0xFFFF, 0xFFFF, 0xFFFF, 0xFFFF, 0xFFFF, 0xFFFF,
  0xFFFF, 0xFFFF, 0xFFFF, 0xFFFF, 0xFFFF, 0xFFFF, 0xFFFF, 0xFFFF,
  0xFFFF, 0xFFFF, 0xFFFF, 0xFFFF, 0xFFFF, 0xFFFF, 0xFFFF, 0xFFFF,
  0xFFFF, 0xFFFF, 0xFFFF, 0xFFFF, 0xFFFF, 0xFFFF, 0xFFFF, 0xFFFF,
  0xFFFF, 0xFFFF, 0xFFFF, 0xFFFF, 0xFFFF, 0xFFFF, 0xFFFF, 0xFFFF,
  0xFFFF, 0xFFFF, 0xFFFF, 0xFFFF, 0xFFFF, 0xFFFF, 0xFFFF, 0xFFFF,
  0xFFFF, 0xFFFF, 0xFFFF, 0xFFFF, 0xFFFF, 0xFFFF, 0xFFFF, 0xFFFF,
  0xFFFF, 0xFFFF, 0xFFFF, 0xFFFF, 0xFFFF, 0xFFFF, 0xFFFF, 0xFFFF,
  0xFFFF, 0xFFFF, 0xFFFF, 0xFFFF, 0xFFFF, 0xFFFF, 0xFFFF, 0xFFFF,
  0xFFFF, 0xFFFF, 0xFFFF, 0xFFFF, 0xFFFF, 0xFFFF, 0xFFFF, 0xFFFF,
  0xFFFF, 0xFFFF, 0xFFFF, 0xFFFF, 0xFFFF, 0xFFFF, 0xFFFF, 0xFFFF,
  0xFFFF, 0xFFFF, 0xFFFF, 0xFFFF, 0xFFFF, 0xFFFF, 0xFFFF, 0xFFFF,
  0xFFFF, 0xFFFF, 0xFFFF, 0xFFFF, 0xFFFF, 0xFFFF, 0xFFFF, 0xFFFF,
  0xFFFF, 0xFFFF, 0xFFFF, 0xFFFF, 0xFFFF, 0xFFFF, 0xFFFF, 0xFFFF,
  0xFFFF, 0xFFFF, 0xFFFF, 0xFFFF, 0xFFFF, 0xFFFF, 0xFFFF, 0xFFFF,
  0xFFFF, 0xFFFF, 0xFFFF, 0xFFFF, 0xFFFF, 0xFFFF, 0xFFFF, 0xFFFF,
  0xFFFF, 0xFFFF, 0xFFFF, 0xFFFF, 0xFFFF, 0xFFFF, 0xFFFF, 0xFFFF,
  0xFFFF, 0xFFFF, 0xFFFF, 0xFFFF, 0xFFFF, 0xFFFF, 0xFFFF, 0xFFFF,
  0xFFFF, 0xFFFF, 0xFFFF, 0xFFFF, 0xFFFF, 0xFFFF, 0xFFFF, 0xFFFF,
  0xFFFF, 0xFFFF, 0xFFFF, 0xFFFF, 0xFFFF, 0xFFFF, 0xFFFF, 0xFFFF,
  0xFFFF, 0xFFFF, 0xFFFF, 0xFFFF, 0xFFFF, 0xFFFF, 0xFFFF, 0xFFFF,
  0xFFFF, 0xFFFF, 0xFFFF, 0xFFFF, 0xFFFF, 0xFFFF, 0xFFFF, 0xFFFF,
  0xFFFF, 0xFFFF, 0xFFFF, 0xFFFF, 0xFFFF, 0xFFFF, 0xFFFF, 0xFFFF,
  0xFFFF, 0xFFFF, 0xFFFF, 0xFFFF, 0xFFFF, 0xFFFF, 0xFFFF, 0xFFFF,
  0xFFFF, 0xFFFF, 0xFFFF, 0xFFFF, 0xFFFF, 0xFFFF, 0xFFFF, 0xFFFF,
  0xFFFF, 0xFFFF, 0xFFFF, 0xFFFF, 0xFFFF, 0xFFFF, 0xFFFF, 0xFFFF,
  0xFFFF, 0xFFFF, 0xFFFF, 0xFFFF, 0xFFFF, 0xFFFF, 0xFFFF, 0xFFFF,
  0xFFFF, 0xFFFF, 0xFFFF, 0xFFFF, 0xFFFF, 0xFFFF, 0xFFFF, 0xFFFF,
  0xFFFF, 0xFFFF, 0xFFFF, 0xFFFF, 0xFFFF, 0xFFFF, 0xFFFF, 0xFFFF,
  0xFFFF, 0xFFFF, 0xFFFF, 0xFFFF, 0xFFFF, 0xFFFF, 0xFFFF, 0xFFFF,
  0xFFFF, 0xFFFF, 0xFFFF, 0xFFFF, 0xFFFF, 0xFFFF, 0xFFFF, 0xFFFF,
  0xFFFF, 0xFFFF, 0xFFFF, 0xFFFF, 0xFFFF, 0xFFFF, 0xFFFF, 0xFFFF,
  0xFFFF, 0xFFFF, 0xFFFF, 0xFFFF, 0xFFFF, 0xFFFF, 0xFFFF, 0xFFFF,
  0xFFFF, 0xFFFF, 0xFFFF, 0xFFFF, 0xFFFF, 0xFFFF, 0xFFFF, 0xFFFF,
  0xFFFF, 0xFFFF, 0xFFFF, 0xFFFF, 0xFFFF, 0xFFFF, 0xFFFF, 0xFFFF,
  0xFFFF, 0xFFFF, 0xFFFF, 0xFFFF, 0xFFFF, 0xFFFF, 0xFFFF, 0xFFFF,
  0xFFFF, 0xFFFF, 0xFFFF, 0xFFFF, 0xFFFF, 0xFFFF, 0xFFFF, 0xFFFF,
  0xFFFF, 0xFFFF, 0xFFFF, 0xFFFF, 0xFFFF, 0xFFFF, 0xFFFF, 0xFFFF,
  0xFFFF, 0xFFFF, 0xFFFF, 0xFFFF, 0xFFFF, 0xFFFF, 0xFFFF, 0xFFFF,
  0xFFFF, 0xFFFF, 0xFFFF, 0xFFFF, 0xFFFF, 0xFFFF, 0xFFFF, 0xFFFF,
  0xFFFF, 0xFFFF, 0xFFFF, 0xFFFF, 0xFFFF, 0xFFFF, 0xFFFF, 0xFFFF,
  0xFFFF, 0xFFFF, 0xFFFF, 0xFFFF, 0xFFFF, 0xFFFF, 0xFFFF, 0xFFFF,
  0xFFFF, 0xFFFF, 0xFFFF, 0xFFFF, 0xFFFF, 0xFFFF, 0xFFFF, 0xFFFF,
  0xFFFF, 0xFFFF, 0xFFFF, 0xFFFF, 0xFFFF, 0xFFFF, 0xFFFF, 0xFFFF,
  0xFFFF, 0xFFFF, 0xFFFF, 0xFFFF, 0xFFFF, 0xFFFF, 0xFFFF, 0xFFFF,
  0xFFFF, 0xFFFF, 0xFFFF, 0xFFFF, 0xFFFF, 0xFFFF, 0xFFFF, 0xFFFF,
  0xFFFF, 0xFFFF, 0xFFFF, 0xFFFF, 0xFFFF, 0xFFFF, 0xFFFF, 0xFFFF,
  0xFFFF, 0xFFFF, 0xFFFF, 0xFFFF, 0xFFFF, 0xFFFF, 0xFFFF, 0xFFFF,
  0xFFFF, 0xFFFF, 0xFFFF, 0xFFFF, 0xFFFF, 0xFFFF, 0xFFFF, 0xFFFF,
  0xFFFF, 0xFFFF, 0xFFFF, 0xFFFF, 0xFFFF, 0xFFFF, 0xFFFF, 0xFFFF,
  0xFFFF, 0xFFFF, 0xFFFF, 0xFFFF, 0xFFFF, 0xFFFF, 0xFFFF, 0xFFFF,
  0xFFFF, 0xFFFF, 0xFFFF, 0xFFFF, 0xFFFF, 0xFFFF, 0xFFFF, 0xFFFF,
  0xFFFF, 0xFFFF, 0xFFFF, 0xFFFF, 0xFFFF, 0xFFFF, 0xFFFF, 0xFFFF,
  0xFFFF, 0xFFFF, 0xFFFF, 0xFFFF, 0xFFFF, 0xFFFF, 0xFFFF, 0xFFFF,
  0xFFFF, 0xFFFF, 0xFFFF, 0xFFFF, 0xFFFF, 0xFFFF, 0xFFFF, 0xFFFF,
  0xFFFF, 0xFFFF, 0xFFFF, 0xFFFF, 0xFFFF, 0xFFFF, 0xFFFF, 0xFFFF,
  0xFFFF, 0xFFFF, 0xFFFF, 0xFFFF, 0xF7DF, 0xF7DF, 0xFFFF, 0xFFFF,
  0xFFFF, 0xFFFF, 0xFFFF, 0xFFFF, 0xFFFF, 0xFFFF, 0xFFFF, 0xFFFF,
  0xFFFF, 0xFFFF, 0xFFFF, 0xFFFF, 0xFFFF, 0xFFFF, 0xFFFF, 0xFFFF,
  0xFFFF, 0xFFFF, 0xFFFF, 0xFFFF, 0xFFFF, 0xFFFF, 0xFFFF, 0xFFFF,
  0xFFFF, 0xFFFF, 0xFFFF, 0xFFFF, 0xFFFF, 0xFFFF, 0xFFFF, 0xFFFF,
  0xFFFF, 0xFFFF, 0xFFFF, 0xFFFF, 0xFFFF, 0xFFFF, 0xFFFF, 0xFFFF,
  0xFFFF, 0xFFFF, 0xFFFF, 0xFFFF, 0xFFFF, 0xFFFF, 0xFFFF, 0xFFFF,
  0xFFFF, 0xFFFF, 0xFFFF, 0xFFFF, 0xCF5D, 0x6E18, 0x6E38, 0xFFFF,
  0xFFFF, 0xFFFF, 0xFFFF, 0xFFFF, 0xFFFF, 0xFFFF, 0xFFFF, 0xFFFF,
  0xFFFF, 0xFFFF, 0xFFFF, 0xFFFF, 0xFFFF, 0xFFFF, 0xFFFF, 0xFFFF,
  0xFFFF, 0xFFFF, 0xFFFF, 0xFFFF, 0xFFFF, 0xFFFF, 0xFFFF, 0xFFFF,
  0xFFFF, 0xFFFF, 0xFFFF, 0xFFFF, 0xFFFF, 0xFFFF, 0xFFFF, 0xFFFF,
  0xFFFF, 0xFFFF, 0xFFFF, 0xFFFF, 0xFFFF, 0xFFFF, 0xFFFF, 0xFFFF,
  0xFFFF, 0xFFFF, 0xFFFF, 0xFFFF, 0xFFFF, 0xFFFF, 0xFFFF, 0xFFFF,
  0xFFFF, 0xFFFF, 0xFFFF, 0xFFFF, 0xF7FF, 0xDF7E, 0xCF5D, 0xFFFF,
  0xFFFF, 0xFFFF, 0xFFFF, 0xFFFF, 0xFFFF, 0xFFFF, 0xFFFF, 0xFFFF,
  0xFFFF, 0xFFFF, 0xFFFF, 0xFFFF, 0xFFFF, 0xFFFF, 0xFFFF, 0xFFFF,
  0xFFFF, 0xFFFF, 0xFFFF, 0xFFFF, 0xFFFF, 0xFFFF, 0xFFFF, 0xFFFF,
  0xFFFF, 0xFFFF, 0xFFFF, 0xFFFF, 0xFFFF, 0xFFFF, 0xFFFF, 0xFFFF,
  0xFFFF, 0xFFFF, 0xFFFF, 0xFFFF, 0xFFFF, 0xFFFF, 0xFFFF, 0xFFFF,
  0xFFFF, 0xFFFF, 0xFFFF, 0xFFFF, 0xFFFF, 0xFFFF, 0xFFFF, 0xFFFF,
  0xFFFF, 0xFFFF, 0xFFFF, 0xFFFF, 0xFFFF, 0xFFFF, 0xFFFF, 0xFFFF,
  0xFFFF, 0xFFFF, 0xFFFF, 0xFFFF, 0xFFFF, 0xFFFF, 0xFFFF, 0xFFFF,
  0xFFFF, 0xFFFF, 0xFFFF, 0xEFDF, 0xDF7E, 0xD77D, 0xD77D, 0xE79E,
  0xFFFF, 0xFFFF, 0xFFFF, 0xFFFF, 0xFFFF, 0xFFFF, 0xFFFF, 0xFFFF,
  0xFFFF, 0xFFFF, 0xFFFF, 0xFFFF, 0xFFFF, 0xFFFF, 0xFFFF, 0xFFFF,
  0xFFFF, 0xFFFF, 0xFFFF, 0xFFFF, 0xFFFF, 0xFFFF, 0xFFFF, 0xFFFF,
  0xE79E, 0xD77D, 0xD77D, 0xDF9E, 0xF7DF, 0xFFFF, 0xFFFF, 0xFFFF,
  0xFFFF, 0xFFFF, 0xFFFF, 0xFFFF, 0xFFFF, 0xFFFF, 0xFFFF, 0xFFFF,
  0xFFFF, 0xFFFF, 0xFFFF, 0xFFFF, 0xFFFF, 0xFFFF, 0xFFFF, 0xFFFF,
  0xCF5D, 0x8659, 0x3D76, 0x14F4, 0x04D3, 0x04D3, 0x04D3, 0x0CD3,
  0x2535, 0x55B7, 0x9EBA, 0xE7BE, 0xFFFF, 0xFFFF, 0xFFFF, 0xFFFF,
  0xFFFF, 0xFFFF, 0xFFFF, 0xFFFF, 0xFFFF, 0xFFFF, 0xFFFF, 0xFFFF,
  0xFFFF, 0xFFFF, 0xFFFF, 0xFFFF, 0xDF9E, 0x969A, 0x4DB7, 0x2535,
  0x0CD3, 0x04B3, 0x04D3, 0x04D3, 0x1D14, 0x4596, 0x8679, 0xD77D,
  0xFFFF, 0xFFFF, 0xFFFF, 0xFFFF, 0xFFFF, 0xFFFF, 0xFFFF, 0xFFFF,
  0xFFFF, 0xFFFF, 0xFFFF, 0xFFFF, 0xFFFF, 0xFFFF, 0xC73C, 0x4D96,
  0x04B3, 0x0492, 0x0492, 0x04B3, 0x04B3, 0x04B3, 0x04B3, 0x04B3,
  0x04B3, 0x0492, 0x0492, 0x14F4, 0x6E18, 0xE7BE, 0xFFFF, 0xFFFF,
  0xFFFF, 0xFFFF, 0xFFFF, 0xFFFF, 0xFFFF, 0xFFFF, 0xFFFF, 0xFFFF,
  0xFFFF, 0xFFFF, 0xD77E, 0x65F8, 0x0CD3, 0x0492, 0x0492, 0x04B3,
  0x04B3, 0x04B3, 0x04B3, 0x04B3, 0x04B3, 0x0492, 0x0472, 0x04D3,
  0x5DD7, 0xD77D, 0xFFFF, 0xFFFF, 0xFFFF, 0xFFFF, 0xFFFF, 0xFFFF,
  0xFFFF, 0xFFFF, 0xFFFF, 0xFFFF, 0xFFFF, 0x6E18, 0x04B3, 0x0492,
  0x04B3, 0x04D3, 0x04D3, 0x04D3, 0x04D3, 0x04D3, 0x04D3, 0x04D3,
  0x04D3, 0x04D3, 0x04D3, 0x04B3, 0x0492, 0x1CF4, 0xA6DB, 0xFFFF,
  0xFFFF, 0xFFFF, 0xFFFF, 0xFFFF, 0xFFFF, 0xFFFF, 0xFFFF, 0xFFFF,
  0xFFFF, 0x8E7A, 0x0CD3, 0x0492, 0x04B3, 0x04D3, 0x04D3, 0x04D3,
  0x04D3, 0x04D3, 0x04D3, 0x04D3, 0x04D3, 0x04D3, 0x04D3, 0x04B3,
  0x0492, 0x0CD3, 0x969A, 0xFFFF, 0xFFFF, 0xFFFF, 0xFFFF, 0xFFFF,
  0xFFFF, 0xFFFF, 0xFFFF, 0xEFDF, 0x4596, 0x0472, 0x04D3, 0x04D3,
  0x04D3, 0x04D3, 0x04B3, 0x0492, 0x0492, 0x0492, 0x0492, 0x0492,
  0x0492, 0x04B3, 0x04D3, 0x04D3, 0x04D3, 0x04B3, 0x0492, 0x7639,
  0xFFFF, 0xFFFF, 0xFFFF, 0xFFFF, 0xFFFF, 0xFFFF, 0xFFFF, 0xF7FF,
  0x55D7, 0x0472, 0x04B3, 0x04D3, 0x04D3, 0x04D3, 0x04B3, 0x0492,
  0x0492, 0x0492, 0x0492, 0x0492, 0x0492, 0x04B3, 0x04D3, 0x04D3,
  0x04D3, 0x04B3, 0x0472, 0x6E18, 0xFFFF, 0xFFFF, 0xFFFF, 0xFFFF,
  0xFFFF, 0xFFFF, 0xFFFF, 0x3D96, 0x0472, 0x04D3, 0x04B3, 0x04D3,
  0x04B3, 0x0492, 0x0CF4, 0x4596, 0x7639, 0x8E9A, 0x8E7A, 0x6E38,
  0x3D76, 0x04D3, 0x0492, 0x04B3, 0x04D3, 0x04D3, 0x04D3, 0x0472,
  0x5DF8, 0xFFFF, 0xFFFF, 0xFFFF, 0xFFFF, 0xFFFF, 0xF7DF, 0x4596,
  0x0472, 0x04D3, 0x04B3, 0x04D3, 0x04B3, 0x0492, 0x04D3, 0x3D76,
  0x6E18, 0x8679, 0x867A, 0x6E38, 0x4596, 0x0CD3, 0x0492, 0x04B3,
  0x04D3, 0x04B3, 0x04D3, 0x0472, 0x6E38, 0xFFFF, 0xFFFF, 0xFFFF,
  0xFFFF, 0xFFFF, 0x6E38, 0x0472, 0x04D3, 0x04B3, 0x04D3, 0x0492,
  0x1D14, 0x8E9A, 0xE79E, 0xFFFF, 0xFFFF, 0xFFFF, 0xFFFF, 0xFFFF,
  0xFFFF, 0xD77D, 0x6618, 0x04B3, 0x04B3, 0x04D3, 0x04B3, 0x04D3,
  0x0472, 0x6E18, 0xFFFF, 0xFFFF, 0xFFFF, 0xFFFF, 0x4DB7, 0x0472,
  0x04D3, 0x04B3, 0x04D3, 0x0492, 0x0CD3, 0x7639, 0xDF7E, 0xFFFF,
  0xFFFF, 0xFFFF, 0xFFFF, 0xFFFF, 0xFFFF, 0xDF9E, 0x7639, 0x04B3,
  0x0493, 0x04D3, 0x04B3, 0x04D3, 0x0472, 0x9EBB, 0xFFFF, 0xFFFF,
  0xFFFF, 0xCF5D, 0x0493, 0x04D3, 0x04B3, 0x04D3, 0x0492, 0x55B7,
  0xEFBE, 0xFFFF, 0xFFFF, 0xFFFF, 0xFFFF, 0xFFFF, 0xFFFF, 0xFFFF,
  0xFFFF, 0xFFFF, 0xFFFF, 0xC73C, 0x2514, 0x0492, 0x04D3, 0x04B3,
  0x04D3, 0x0472, 0x969A, 0xFFFF, 0xFFFF, 0x6E18, 0x0472, 0x04D3,
  0x04B3, 0x04D3, 0x0492, 0x3555, 0xD77D, 0xFFFF, 0xFFFF, 0xFFFF,
  0xFFFF, 0xFFFF, 0xFFFF, 0xFFFF, 0xFFFF, 0xFFFF, 0xFFFF, 0xCF5D,
  0x2535, 0x0492, 0x04D3, 0x04B3, 0x04B3, 0x0CD4, 0xE7BE, 0xFFFF,
  0xFFFF, 0x4DB7, 0x0492, 0x04D3, 0x04D3, 0x0492, 0x55B7, 0xFFFF,
  0xFFFF, 0xFFFF, 0xFFFF, 0xFFFF, 0xFFFF, 0xFFFF, 0xFFFF, 0xFFFF,
  0xFFFF, 0xFFFF, 0xFFFF, 0xFFFF, 0xE7BE, 0x3555, 0x0492, 0x04D3,
  0x04B3, 0x04B3, 0x04B3, 0xDF7E, 0xAEFC, 0x0472, 0x04D3, 0x04B3,
  0x04D3, 0x0492, 0x4DB7, 0xF7DF, 0xFFFF, 0xFFFF, 0xFFFF, 0xFFFF,
  0xFFFF, 0xFFFF, 0xFFFF, 0xFFFF, 0xFFFF, 0xFFFF, 0xFFFF, 0xFFFF,
  0xE7BE, 0x2535, 0x0493, 0x04D3, 0x04D3, 0x0472, 0x7638, 0xFFFF,
  0xD77D, 0x04D3, 0x04B3, 0x04D3, 0x04B3, 0x1D14, 0xF7DF, 0xFFFF,
  0xFFFF, 0xFFFF, 0xFFFF, 0xFFFF, 0xFFFF, 0xFFFF, 0xFFFF, 0xFFFF,
  0xFFFF, 0xFFFF, 0xFFFF, 0xFFFF, 0xFFFF, 0xEFBE, 0x2535, 0x0493,
  0x04D3, 0x04D3, 0x04B3, 0x2535, 0x14F4, 0x04B3, 0x04B3, 0x04D3,
  0x0492, 0x4596, 0xFFFF, 0xFFFF, 0xFFFF, 0xFFFF, 0xFFFF, 0xFFFF,
  0xD77E, 0xC73D, 0xD77D, 0xFFFF, 0xFFFF, 0xFFFF, 0xFFFF, 0xFFFF,
  0xFFFF, 0xD77D, 0x0CD3, 0x04B3, 0x04D3, 0x04B3, 0x1514, 0xEFBE,
  0x8659, 0x0492, 0x04D3, 0x04D3, 0x0492, 0x969A, 0xFFFF, 0xFFFF,
  0xFFFF, 0xFFFF, 0xFFFF, 0xFFFF, 0xFFFF, 0xFFFF, 0xFFFF, 0xFFFF,
  0xFFFF, 0xFFFF, 0xFFFF, 0xFFFF, 0xFFFF, 0xFFFF, 0xD77D, 0x0CD3,
  0x04B3, 0x04B3, 0x04D3, 0x04B3, 0x04B3, 0x04D3, 0x04D3, 0x04B3,
  0x1D14, 0xEFBE, 0xFFFF, 0xFFFF, 0xFFFF, 0xFFFF, 0xFFFF, 0xFFFF,
  0x3D76, 0x0452, 0x2D35, 0xFFFF, 0xFFFF, 0xFFFF, 0xFFFF, 0xFFFF,
  0xFFFF, 0xFFFF, 0x7639, 0x0492, 0x04D3, 0x04D3, 0x0493, 0xA6DB,
  0x3576, 0x0493, 0x04D3, 0x04B3, 0x0CD3, 0xE7BE, 0xFFFF, 0xFFFF,
  0xFFFF, 0xFFFF, 0xFFFF, 0xFFFF, 0xFFFF, 0xFFFF, 0xFFFF, 0xFFFF,
  0xFFFF, 0xFFFF, 0xFFFF, 0xFFFF, 0xFFFF, 0xFFFF, 0xFFFF, 0xA6DB,
  0x0492, 0x04D3, 0x04B3, 0x04D3, 0x04B3, 0x04B3, 0x04B3, 0x04B3,
  0xC73D, 0xFFFF, 0xFFFF, 0xFFFF, 0xFFFF, 0xFFFF, 0xFFFF, 0xFFFF,
  0x4596, 0x0472, 0x3576, 0xFFFF, 0xFFFF, 0xFFFF, 0xFFFF, 0xFFFF,
  0xFFFF, 0xFFFF, 0xD77D, 0x04B3, 0x04B3, 0x04D3, 0x0492, 0x6618,
  0x1D14, 0x04B3, 0x04D3, 0x0493, 0x3555, 0xFFFF, 0xFFFF, 0xFFFF,
  0xFFFF, 0xC73C, 0x9EBA, 0xA6DB, 0x9EDB, 0x9EBB, 0x9EBB, 0x9EDB,
  0xA6DB, 0x9EBA, 0xC73D, 0xFFFF, 0xFFFF, 0xFFFF, 0xFFFF, 0xFFFF,
  0x55D7, 0x0492, 0x04D3, 0x04B3, 0x04B3, 0x04D3, 0x0472, 0x7639,
  0xFFFF, 0xFFFF, 0xFFFF, 0xFFFF, 0xFFFF, 0xCF5D, 0x4DB7, 0x55D7,
  0x14F4, 0x04B3, 0x0CF4, 0x55D7, 0x4DB6, 0xC73C, 0xFFFF, 0xFFFF,
  0xFFFF, 0xFFFF, 0xF7FF, 0x1D35, 0x04B3, 0x04D3, 0x0493, 0x3D96,
  0x1D14, 0x04B3, 0x04D3, 0x0492, 0x4DB7, 0xFFFF, 0xFFFF, 0xFFFF,
  0xFFFF, 0x4596, 0x0411, 0x0452, 0x0451, 0x0451, 0x0451, 0x0451,
  0x0472, 0x0410, 0x4DB7, 0xFFFF, 0xFFFF, 0xFFFF, 0xFFFF, 0xFFFF,
  0xEFBE, 0x14F4, 0x04B3, 0x04D3, 0x04D3, 0x04B3, 0x2D55, 0xFFFF,
  0xFFFF, 0xFFFF, 0xFFFF, 0xFFFF, 0xFFFF, 0xAEFC, 0x0451, 0x0472,
  0x04B3, 0x04D3, 0x04B3, 0x0472, 0x0451, 0x9EBA, 0xFFFF, 0xFFFF,
  0xFFFF, 0xFFFF, 0xFFFF, 0x3555, 0x0493, 0x04D3, 0x04B3, 0x2D55,
  0x1D14, 0x04B3, 0x04D3, 0x0492, 0x55D7, 0xFFFF, 0xFFFF, 0xFFFF,
  0xFFFF, 0x9EBA, 0x5DD7, 0x6618, 0x5DF8, 0x5DF8, 0x5DF8, 0x5DF8,
  0x65F8, 0x5DD7, 0x9EBB, 0xFFFF, 0xFFFF, 0xFFFF, 0xFFFF, 0xFFFF,
  0xCF5D, 0x0CD3, 0x04B3, 0x04B3, 0x04B3, 0x04B3, 0x1D14, 0xE7BE,
  0xFFFF, 0xFFFF, 0xFFFF, 0xFFFF, 0xFFFF, 0xC73C, 0x1CF4, 0x2535,
  0x0CD3, 0x04B3, 0x04D3, 0x2535, 0x1CF4, 0xAEFB, 0xFFFF, 0xFFFF,
  0xFFFF, 0xFFFF, 0xFFFF, 0x2D55, 0x0493, 0x04D3, 0x04B3, 0x2D55,
  0x1D14, 0x04B3, 0x04D3, 0x0492, 0x3D96, 0xFFFF, 0xFFFF, 0xFFFF,
  0xFFFF, 0xFFFF, 0xFFFF, 0xFFFF, 0xFFFF, 0xFFFF, 0xFFFF, 0xFFFF,
  0xFFFF, 0xFFFF, 0xFFFF, 0xFFFF, 0xFFFF, 0xFFFF, 0xFFFF, 0xFFFF,
  0x2D55, 0x0492, 0x04D3, 0x04B3, 0x04B3, 0x04D3, 0x0472, 0x4DD7,
  0xFFFF, 0xFFFF, 0xFFFF, 0xFFFF, 0xFFFF, 0xFFFF, 0xF7DF, 0xF7FF,
  0x4596, 0x0472, 0x3576, 0xF7FF, 0xF7DF, 0xFFFF, 0xFFFF, 0xFFFF,
  0xFFFF, 0xFFFF, 0xEFBF, 0x14F4, 0x04B3, 0x04D3, 0x0493, 0x4596,
  0x3555, 0x04B3, 0x04D3, 0x04B3, 0x14F4, 0xEFDF, 0xFFFF, 0xFFFF,
  0xFFFF, 0xFFFF, 0xFFFF, 0xFFFF, 0xFFFF, 0xFFFF, 0xFFFF, 0xFFFF,
  0xFFFF, 0xFFFF, 0xFFFF, 0xFFFF, 0xFFFF, 0xFFFF, 0xFFFF, 0x7E59,
  0x0472, 0x04D3, 0x04B3, 0x04D3, 0x04D3, 0x04B3, 0x04D3, 0x0492,
  0xA6DB, 0xFFFF, 0xFFFF, 0xFFFF, 0xFFFF, 0xFFFF, 0xFFFF, 0xFFFF,
  0x3555, 0x0431, 0x1D35, 0xFFFF, 0xFFFF, 0xFFFF, 0xFFFF, 0xFFFF,
  0xFFFF, 0xFFFF, 0xBF3C, 0x0493, 0x04D3, 0x04D3, 0x0492, 0x6E18,
  0x7639, 0x0492, 0x04D3, 0x04D3, 0x0492, 0x9EBB, 0xFFFF, 0xFFFF,
  0xFFFF, 0xFFFF, 0xFFFF, 0xFFFF, 0xFFFF, 0xFFFF, 0xFFFF, 0xFFFF,
  0xFFFF, 0xFFFF, 0xFFFF, 0xFFFF, 0xFFFF, 0xFFFF, 0xBF3C, 0x04B3,
  0x04D3, 0x04B3, 0x04D3, 0x0493, 0x04B3, 0x04D3, 0x04B3, 0x04B3,
  0x0CD3, 0xDF9E, 0xFFFF, 0xFFFF, 0xFFFF, 0xFFFF, 0xFFFF, 0xFFFF,
  0xA6DB, 0x8659, 0x9EBB, 0xFFFF, 0xFFFF, 0xFFFF, 0xFFFF, 0xFFFF,
  0xFFFF, 0xFFFF, 0x65F8, 0x0492, 0x04D3, 0x04D3, 0x0493, 0xA6DB,
  0xCF5D, 0x04B3, 0x04B3, 0x04D3, 0x04B3, 0x1D14, 0xEFDF, 0xFFFF,
  0xFFFF, 0xFFFF, 0xFFFF, 0xFFFF, 0xFFFF, 0xFFFF, 0xFFFF, 0xFFFF,
  0xFFFF, 0xFFFF, 0xFFFF, 0xFFFF, 0xFFFF, 0xE79E, 0x1CF4, 0x04B3,
  0x04D3, 0x04D3, 0x0492, 0x45B7, 0x3576, 0x0492, 0x04D3, 0x04D3,
  0x0492, 0x3555, 0xF7FF, 0xFFFF, 0xFFFF, 0xFFFF, 0xFFFF, 0xFFFF,
  0xFFFF, 0xFFFF, 0xFFFF, 0xFFFF, 0xFFFF, 0xFFFF, 0xFFFF, 0xFFFF,
  0xFFFF, 0xD77D, 0x0CB3, 0x04B3, 0x04D3, 0x04B3, 0x14F4, 0xEFBE,
  0xFFFF, 0x4DB7, 0x0492, 0x04D3, 0x04D3, 0x0492, 0x4596, 0xFFFF,
  0xFFFF, 0xFFFF, 0xFFFF, 0xFFFF, 0xFFFF, 0xFFFF, 0xFFFF, 0xFFFF,
  0xFFFF, 0xFFFF, 0xFFFF, 0xFFFF, 0xEFBE, 0x2D55, 0x0492, 0x04D3,
  0x04D3, 0x04B3, 0x14D4, 0xF7DF, 0xD77D, 0x04B3, 0x04B3, 0x04B3,
  0x04D3, 0x0492, 0x4DB7, 0xFFFF, 0xFFFF, 0xFFFF, 0xFFFF, 0xFFFF,
  0xFFFF, 0xFFFF, 0xFFFF, 0xFFFF, 0xFFFF, 0xFFFF, 0xFFFF, 0xFFFF,
  0xEFDF, 0x2D55, 0x0493, 0x04D3, 0x04D3, 0x0472, 0x6618, 0xFFFF,
  0xFFFF, 0xCF5D, 0x04B3, 0x04B3, 0x04B3, 0x04D3, 0x0492, 0x4576,
  0xE79E, 0xFFFF, 0xFFFF, 0xFFFF, 0xFFFF, 0xFFFF, 0xFFFF, 0xFFFF,
  0xFFFF, 0xFFFF, 0xFFFF, 0xD77D, 0x2D35, 0x0492, 0x04D3, 0x04B3,
  0x04D3, 0x0492, 0xAEFB, 0xFFFF, 0xFFFF, 0x8E9A, 0x0472, 0x04D3,
  0x04B3, 0x04D3, 0x0492, 0x4596, 0xE7BE, 0xFFFF, 0xFFFF, 0xFFFF,
  0xFFFF, 0xFFFF, 0xFFFF, 0xFFFF, 0xFFFF, 0xFFFF, 0xFFFF, 0xD77D,
  0x3555, 0x0492, 0x04D3, 0x04B3, 0x04B3, 0x04B3, 0xDF9E, 0xFFFF,
  0xFFFF, 0xFFFF, 0x7639, 0x0472, 0x04D3, 0x04B3, 0x04D3, 0x0492,
  0x14F4, 0x8E9A, 0xE7BE, 0xFFFF, 0xFFFF, 0xFFFF, 0xFFFF, 0xFFFF,
  0xFFFF, 0xE7BE, 0x8659, 0x0CD3, 0x0493, 0x04D3, 0x04B3, 0x04D3,
  0x0472, 0x7639, 0xFFFF, 0xFFFF, 0xFFFF, 0xFFFF, 0x55D7, 0x0472,
  0x04D3, 0x04B3, 0x04D3, 0x0492, 0x1D14, 0x9EBA, 0xEFDF, 0xFFFF,
  0xFFFF, 0xFFFF, 0xFFFF, 0xFFFF, 0xFFFF, 0xDF9E, 0x7E39, 0x0CD3,
  0x0493, 0x04D3, 0x04B3, 0x04D3, 0x0472, 0x8E9A, 0xFFFF, 0xFFFF,
  0xFFFF, 0xFFFF, 0xFFFF, 0x4596, 0x0472, 0x04D3, 0x04B3, 0x04D3,
  0x04B3, 0x0492, 0x14F4, 0x4DB7, 0x7639, 0x8679, 0x867A, 0x7639,
  0x4DB7, 0x14F4, 0x0492, 0x04B3, 0x04D3, 0x04B3, 0x04D3, 0x0472,
  0x5DD7, 0xFFFF, 0xFFFF, 0xFFFF, 0xFFFF, 0xFFFF, 0xF7DF, 0x3D96,
  0x0472, 0x04D3, 0x04B3, 0x04D3, 0x04B3, 0x0492, 0x1D14, 0x55D7,
  0x7E59, 0x867A, 0x8679, 0x6E38, 0x4596, 0x0CD3, 0x0492, 0x04B3,
  0x04D3, 0x04D3, 0x04D3, 0x0472, 0x65F8, 0xFFFF, 0xFFFF, 0xFFFF,
  0xFFFF, 0xFFFF, 0xFFFF, 0xF7DF, 0x4596, 0x0472, 0x04D3, 0x04D3,
  0x04D3, 0x04D3, 0x04B3, 0x0492, 0x0492, 0x0492, 0x0492, 0x0492,
  0x0492, 0x04B3, 0x04D3, 0x04B3, 0x04D3, 0x04B3, 0x0472, 0x5DF8,
  0xFFFF, 0xFFFF, 0xFFFF, 0xFFFF, 0xFFFF, 0xFFFF, 0xFFFF, 0xF7DF,
  0x4596, 0x0472, 0x04D3, 0x04D3, 0x04D3, 0x04D3, 0x04B3, 0x0492,
  0x0492, 0x0492, 0x0492, 0x0492, 0x0492, 0x04B3, 0x04D3, 0x04D3,
  0x04D3, 0x04B3, 0x0472, 0x6618, 0xFFFF, 0xFFFF, 0xFFFF, 0xFFFF,
  0xFFFF, 0xFFFF, 0xFFFF, 0xFFFF, 0xFFFF, 0x6E18, 0x0493, 0x0492,
  0x04D3, 0x04D3, 0x04D3, 0x04D3, 0x04D3, 0x04D3, 0x04D3, 0x04D3,
  0x04D3, 0x04D3, 0x04D3, 0x04B3, 0x0492, 0x04B3, 0x8679, 0xFFFF,
  0xFFFF, 0xFFFF, 0xFFFF, 0xFFFF, 0xFFFF, 0xFFFF, 0xFFFF, 0xFFFF,
  0xFFFF, 0x6E18, 0x0493, 0x0492, 0x04D3, 0x04D3, 0x04D3, 0x04D3,
  0x04D3, 0x04D3, 0x04D3, 0x04D3, 0x04D3, 0x04D3, 0x04D3, 0x04B3,
  0x0492, 0x14D3, 0x96BA, 0xFFFF, 0xFFFF, 0xFFFF, 0xFFFF, 0xFFFF,
  0xFFFF, 0xFFFF, 0xFFFF, 0xFFFF, 0xFFFF, 0xFFFF, 0xBF3C, 0x4596,
  0x04B3, 0x0492, 0x0492, 0x04B3, 0x04B3, 0x04B3, 0x04B3, 0x04B3,
  0x04B3, 0x0493, 0x0492, 0x04B3, 0x4DB6, 0xCF5D, 0xFFFF, 0xFFFF,
  0xFFFF, 0xFFFF, 0xFFFF, 0xFFFF, 0xFFFF, 0xFFFF, 0xFFFF, 0xFFFF,
  0xFFFF, 0xFFFF, 0xBF1C, 0x3D76, 0x0493, 0x0492, 0x0493, 0x04B3,
  0x04B3, 0x04B3, 0x04B3, 0x04B3, 0x04B3, 0x0492, 0x0492, 0x04B3,
  0x65F8, 0xDF9E, 0xFFFF, 0xFFFF, 0xFFFF, 0xFFFF, 0xFFFF, 0xFFFF,
  0xFFFF, 0xFFFF, 0xFFFF, 0xFFFF, 0xFFFF, 0xFFFF, 0xFFFF, 0xFFFF,
  0xCF5D, 0x7E39, 0x3D76, 0x14F4, 0x04D3, 0x04B3, 0x04B3, 0x04B3,
  0x14F4, 0x3D76, 0x7E59, 0xCF5D, 0xFFFF, 0xFFFF, 0xFFFF, 0xFFFF,
  0xFFFF, 0xFFFF, 0xFFFF, 0xFFFF, 0xFFFF, 0xFFFF, 0xFFFF, 0xFFFF,
  0xFFFF, 0xFFFF, 0xFFFF, 0xFFFF, 0xBF1C, 0x6E18, 0x2D55, 0x0CF4,
  0x04D3, 0x04B3, 0x04B3, 0x04D3, 0x1D14, 0x4596, 0x8659, 0xD77D,
  0xFFFF, 0xFFFF, 0xFFFF, 0xFFFF, 0xFFFF, 0xFFFF, 0xFFFF, 0xFFFF,
  0xFFFF, 0xFFFF, 0xFFFF, 0xFFFF, 0xFFFF, 0xFFFF, 0xFFFF, 0xFFFF,
  0xFFFF, 0xFFFF, 0xFFFF, 0xEFDF, 0xD77D, 0xCF5D, 0xC75D, 0xD77D,
  0xEFDF, 0xFFFF, 0xFFFF, 0xFFFF, 0xFFFF, 0xFFFF, 0xFFFF, 0xFFFF,
  0xFFFF, 0xFFFF, 0xFFFF, 0xFFFF, 0xFFFF, 0xFFFF, 0xFFFF, 0xFFFF,
  0xFFFF, 0xFFFF, 0xFFFF, 0xFFFF, 0xFFFF, 0xFFFF, 0xFFFF, 0xEFBE,
  0xD77D, 0xCF5D, 0xD77D, 0xE79E, 0xF7DF, 0xFFFF, 0xFFFF, 0xFFFF,
  0xFFFF, 0xFFFF, 0xFFFF, 0xFFFF, 0xFFFF, 0xFFFF, 0xFFFF, 0xFFFF,
  0xFFFF, 0xFFFF, 0xFFFF, 0xFFFF, 0xFFFF, 0xFFFF, 0xFFFF, 0xFFFF,
  0xFFFF, 0xFFFF, 0xFFFF, 0xFFFF, 0xFFFF, 0xFFFF, 0xFFFF, 0xFFFF,
  0xFFFF, 0xFFFF, 0xFFFF, 0xFFFF, 0xFFFF, 0xFFFF, 0xFFFF, 0xFFFF,
  0xFFFF, 0xFFFF, 0xFFFF, 0xFFFF, 0xFFFF, 0xFFFF, 0xFFFF, 0xFFFF,
  0xFFFF, 0xFFFF, 0xFFFF, 0xFFFF, 0xFFFF, 0xFFFF, 0xFFFF, 0xFFFF,
  0xFFFF, 0xFFFF, 0xFFFF, 0xFFFF, 0xFFFF, 0xFFFF, 0xFFFF, 0xFFFF,
  0xFFFF, 0xFFFF, 0xFFFF, 0xFFFF, 0xFFFF, 0xFFFF, 0xFFFF, 0xFFFF,
  0xFFFF, 0xFFFF, 0xFFFF, 0xFFFF, 0xFFFF, 0xFFFF, 0xFFFF, 0xFFFF,
  0xFFFF, 0xFFFF, 0xFFFF, 0xFFFF, 0xFFFF, 0xFFFF, 0xFFFF, 0xFFFF,
  0xFFFF, 0xFFFF, 0xFFFF, 0xFFFF, 0xFFFF, 0xFFFF, 0xFFFF, 0xFFFF,
  0xFFFF, 0xFFFF, 0xFFFF, 0xFFFF, 0xFFFF, 0xFFFF, 0xFFFF, 0xFFFF,
  0xFFFF, 0xFFFF, 0xFFFF, 0xFFFF, 0xFFFF, 0xFFFF, 0xFFFF, 0xFFFF,
  0xFFFF, 0xFFFF, 0xFFFF, 0xFFFF, 0xFFFF, 0xFFFF, 0xFFFF, 0xFFFF,
  0xFFFF, 0xFFFF, 0xFFFF, 0xFFFF, 0xFFFF, 0xFFFF, 0xFFFF, 0xFFFF,
  0xFFFF, 0xFFFF, 0xFFFF, 0xFFFF, 0xFFFF, 0xFFFF, 0xFFFF, 0xFFFF,
  0xFFFF, 0xFFFF, 0xFFFF, 0xFFFF, 0xFFFF, 0xFFFF, 0xFFFF, 0xFFFF,
  0xFFFF, 0xFFFF, 0xFFFF, 0xFFFF, 0xFFFF, 0xFFFF, 0xFFFF, 0xFFFF,
  0xFFFF, 0xFFFF, 0xFFFF, 0xFFFF, 0xFFFF, 0xFFFF, 0xFFFF, 0xFFFF,
  0xFFFF, 0xFFFF, 0xFFFF, 0xFFFF, 0xFFFF, 0xFFFF, 0xFFFF, 0xFFFF,
  0xFFFF, 0xFFFF, 0xFFFF, 0xFFFF, 0xFFFF, 0xFFFF, 0xFFFF, 0xFFFF,
  0xFFFF, 0xFFFF, 0xFFFF, 0xFFFF, 0xFFFF, 0xFFFF, 0xFFFF, 0xFFFF,
  0xFFFF, 0xFFFF, 0xFFFF, 0xFFFF, 0xFFFF, 0xFFFF, 0xFFFF, 0xFFFF,
  0xFFFF, 0xFFFF, 0xFFFF, 0xFFFF, 0xFFFF, 0xFFFF, 0xFFFF, 0xFFFF,
  0xFFFF, 0xFFFF, 0xFFFF, 0xFFFF, 0xFFFF, 0xFFFF, 0xFFFF, 0xFFFF,
  0xFFFF, 0xFFFF, 0xFFFF, 0xFFFF, 0xFFFF, 0xFFFF, 0xFFFF, 0xFFFF,
  0xFFFF, 0xFFFF, 0xFFFF, 0xFFFF, 0xFFFF, 0xFFFF, 0xFFFF, 0xFFFF,
  0xFFFF, 0xFFFF, 0xFFFF, 0xFFFF, 0xFFFF, 0xFFFF, 0xFFFF, 0xFFFF,
  0xFFFF, 0xFFFF, 0xFFFF, 0xFFFF, 0xFFFF, 0xFFFF, 0xFFFF, 0xFFFF,
  0xFFFF, 0xFFFF, 0xFFFF, 0xFFFF, 0xFFFF, 0xFFFF, 0xFFFF, 0xFFFF,
  0xFFFF, 0xFFFF, 0xFFFF, 0xFFFF, 0xFFFF, 0xFFFF, 0xFFFF, 0xFFFF,
  0xFFFF, 0xFFFF, 0xFFFF, 0xFFFF, 0xFFFF, 0xFFFF, 0xFFFF, 0xFFFF,
  0xFFFF, 0xFFFF, 0xFFFF, 0xFFFF, 0xFFFF, 0xFFFF, 0xFFFF, 0xFFFF,
  0xFFFF, 0xFFFF, 0xFFFF, 0xFFFF, 0xFFFF, 0xFFFF, 0xFFFF, 0xFFFF,
  0xFFFF, 0xFFFF, 0xFFFF, 0xFFFF, 0xFFFF, 0xFFFF, 0xFFFF, 0xFFFF,
  0xFFFF, 0xFFFF, 0xFFFF, 0xFFFF, 0xFFFF, 0xFFFF, 0xFFFF, 0xFFFF,
  0xFFFF, 0xFFFF, 0xFFFF, 0xFFFF, 0xFFFF, 0xFFFF, 0xFFFF, 0xFFFF,
  0xFFFF, 0xFFFF, 0xFFFF, 0xFFFF, 0xFFFF, 0xFFFF, 0xFFFF, 0xFFFF,
  0xFFFF, 0xFFFF, 0xFFFF, 0xFFFF, 0xFFFF, 0xFFFF, 0xFFFF, 0xFFFF,
  0xFFFF, 0xFFFF, 0xFFFF, 0xFFFF, 0xFFFF, 0xFFFF, 0xFFFF, 0xFFFF,
  0xFFFF, 0xFFFF, 0xFFFF, 0xFFFF, 0xFFFF, 0xFFFF, 0xFFFF, 0xFFFF,
  0xFFFF, 0xFFFF, 0xFFFF, 0xFFFF, 0xFFFF, 0xFFFF, 0xFFFF, 0xFFFF,
  0xFFFF, 0xFFFF, 0xFFFF, 0xFFFF, 0xFFFF, 0xFFFF, 0xFFFF, 0xFFFF,
  0xFFFF, 0xFFFF, 0xFFFF, 0xFFFF, 0xFFFF, 0xFFFF, 0xFFFF, 0xFFFF,
  0xFFFF, 0xFFFF, 0xFFFF, 0xFFFF, 0xFFFF, 0xFFFF, 0xFFFF, 0xFFFF,
  0xFFFF, 0xFFFF, 0xFFFF, 0xFFFF, 0xFFFF, 0xFFFF, 0xFFFF, 0xFFFF,
  0xFFFF, 0xFFFF, 0xFFFF, 0xFFFF, 0xFFFF, 0xFFFF, 0xFFFF, 0xFFFF,
  0xFFFF, 0xFFFF, 0xFFFF, 0xFFFF, 0xFFFF, 0xFFFF, 0xFFFF, 0xFFFF,
  0xFFFF, 0xFFFF, 0xFFFF, 0xFFFF, 0xFFFF, 0xFFFF, 0xFFFF, 0xFFFF,
  0xFFFF, 0xFFFF, 0xFFFF, 0xFFFF, 0xFFFF, 0xFFFF, 0xFFFF, 0xFFFF,
  0xFFFF, 0xFFFF, 0xFFFF, 0xFFFF, 0xFFFF, 0xFFFF, 0xFFFF, 0xFFFF,
  0xFFFF, 0xFFFF, 0xFFFF, 0xFFFF, 0xFFFF, 0xFFFF, 0xFFFF, 0xFFFF,
  0xFFFF, 0xFFFF, 0xFFFF, 0xFFFF, 0xFFFF, 0xFFFF, 0xFFFF, 0xFFFF,
  0xFFFF, 0xFFFF, 0xFFFF, 0xFFFF, 0xFFFF, 0xFFFF, 0xFFFF, 0xFFFF,
  0xFFFF, 0xFFFF, 0xFFFF, 0xFFFF, 0xFFFF, 0xFFFF, 0xFFFF, 0xFFFF,
  0xFFFF, 0xFFFF, 0xFFFF, 0xFFFF, 0xFFFF, 0xFFFF, 0xFFFF, 0xFFFF,
  0xFFFF, 0xFFFF, 0xFFFF, 0xFFFF, 0xFFFF, 0xFFFF, 0xFFFF, 0xFFFF,
  0xFFFF, 0xFFFF, 0xFFFF, 0xFFFF, 0xFFFF, 0xFFFF, 0xFFFF, 0xFFFF,
  0xFFFF, 0xFFFF, 0xFFFF, 0xFFFF, 0xFFFF, 0xFFFF, 0xFFFF, 0xFFFF,
  0xFFFF, 0xFFFF, 0xFFFF, 0xFFFF, 0xFFFF, 0xFFFF, 0xFFFF, 0xFFFF,
  0xFFFF, 0xFFFF, 0xFFFF, 0xFFFF, 0xFFFF, 0xFFFF, 0xFFFF, 0xFFFF,
  0xFFFF, 0xFFFF, 0xFFFF, 0xFFFF, 0xFFFF, 0xFFFF, 0xFFFF, 0xFFFF,
  0xFFFF, 0xFFFF, 0xFFFF, 0xFFFF, 0xFFFF, 0xFFFF, 0xFFFF, 0xFFFF,
  0xFFFF, 0xFFFF, 0xFFFF, 0xFFFF, 0xFFFF, 0xFFFF, 0xFFFF, 0xFFFF,
  0xFFFF, 0xFFFF, 0xFFFF, 0xFFFF, 0xFFFF, 0xFFFF, 0xFFFF, 0xFFFF,
  0xFFFF, 0xFFFF, 0xFFFF, 0xFFFF, 0xFFFF, 0xFFFF, 0xFFFF, 0xFFFF,
  0xFFFF, 0xFFFF, 0xFFFF, 0xFFFF, 0xFFFF, 0xFFFF, 0xFFFF, 0xFFFF,
  0xFFFF, 0xFFFF, 0xFFFF, 0xFFFF, 0xFFFF, 0xFFFF, 0xFFFF, 0xFFFF,
  0xFFFF, 0xFFFF, 0xFFFF, 0xFFFF, 0xFFFF, 0xFFFF, 0xFFFF, 0xFFFF,
  0xFFFF, 0xFFFF, 0xFFFF, 0xFFFF, 0xFFFF, 0xFFFF, 0xFFFF, 0xFFFF,
  0xFFFF, 0xFFFF, 0xFFFF, 0xFFFF, 0xFFFF, 0xFFFF, 0xFFFF, 0xFFFF,
  0xFFFF, 0xFFFF, 0xFFFF, 0xFFFF, 0xFFFF, 0xFFFF, 0xFFFF, 0xFFFF,
  0xFFFF, 0xFFFF, 0xFFFF, 0xFFFF, 0xFFFF, 0xFFFF, 0xFFFF, 0xFFFF,
  0xFFFF, 0xFFFF, 0xFFFF, 0xFFFF, 0xFFFF, 0xFFFF, 0xFFFF, 0xFFFF,
  0xFFFF, 0xFFFF, 0xFFFF, 0xFFFF, 0xFFFF, 0xFFFF, 0xFFFF, 0xFFFF,
  0xFFFF, 0xFFFF, 0xFFFF, 0xFFFF, 0xFFFF, 0xFFFF, 0xFFFF, 0xFFFF,
  0xFFFF, 0xFFFF, 0xFFFF, 0xFFFF, 0xFFFF, 0xFFFF, 0xFFFF, 0xFFFF,
  0xFFFF, 0xFFFF, 0xFFFF, 0xFFFF, 0xFFFF, 0xFFFF, 0xFFFF, 0xFFFF,
  0xFFFF, 0xFFFF, 0xFFFF, 0xFFFF, 0xFFFF, 0xFFFF, 0xFFFF, 0xFFFF,
  0xFFFF, 0xFFFF, 0xFFFF, 0xFFFF, 0xFFFF, 0xFFFF, 0xFFFF, 0xFFFF,
  0xFFFF, 0xFFFF, 0xFFFF, 0xFFFF, 0xFFFF, 0xFFFF, 0xFFFF, 0xFFFF,
  0xFFFF, 0xFFFF, 0xFFFF, 0xFFFF, 0xFFFF, 0xFFFF, 0xFFFF, 0xFFFF,
  0xFFFF, 0xFFFF, 0xFFFF, 0xFFFF, 0xFFFF, 0xFFFF, 0xFFFF, 0xFFFF,
  0xFFFF, 0xFFFF, 0xFFFF, 0xFFFF, 0xFFFF, 0xFFFF, 0xFFFF, 0xFFFF,
  0xFFFF, 0xFFFF, 0xFFFF, 0xFFFF, 0xFFFF, 0xFFFF, 0xFFFF, 0xFFFF,
  0xFFFF, 0xFFFF, 0xFFFF, 0xFFFF, 0xFFFF, 0xFFFF, 0xFFFF, 0xFFFF,
  0xFFFF, 0xFFFF, 0xFFFF, 0xFFFF, 0xFFFF, 0xFFFF, 0xFFFF, 0xFFFF,
  0xFFFF, 0xFFFF, 0xFFFF, 0xFFFF, 0xFFFF, 0xFFFF, 0xFFFF, 0xFFFF,
  0xFFFF, 0xFFFF, 0xFFFF, 0xFFFF, 0xFFFF, 0xFFFF, 0xFFFF, 0xFFFF,
  0xFFFF, 0xFFFF, 0xFFFF, 0xFFFF, 0xFFFF, 0xFFFF, 0xFFFF, 0xFFFF,
  0xFFFF, 0xFFFF, 0xFFFF, 0xFFFF, 0xFFFF, 0xFFFF, 0xFFFF, 0xFFFF,
  0xFFFF, 0xFFFF, 0xFFFF, 0xFFFF, 0xFFFF, 0xFFFF, 0xFFFF, 0xFFFF,
  0xFFFF, 0xFFFF, 0xFFFF, 0xFFFF, 0xFFFF, 0xFFFF, 0xFFFF, 0xFFFF,
  0xFFFF, 0xFFFF, 0xFFFF, 0xFFFF, 0xFFFF, 0xFFFF, 0xFFFF, 0xFFFF,
  0xFFFF, 0xFFFF, 0xFFFF, 0xFFFF, 0xFFFF, 0xFFFF, 0xFFFF, 0xFFFF,
  0xFFFF, 0xFFFF, 0xFFFF, 0xFFFF, 0xFFFF, 0xFFFF, 0xFFFF, 0xFFFF,
  0xFFFF, 0xFFFF, 0xFFFF, 0xFFFF, 0xFFFF, 0xFFFF, 0xFFFF, 0xFFFF,
  0xFFFF, 0xFFFF, 0xFFFF, 0xFFFF, 0xFFFF, 0xFFFF, 0xFFFF, 0xFFFF,
  0xFFFF, 0xFFFF, 0xFFFF, 0xFFFF, 0xFFFF, 0xFFFF, 0xFFFF, 0xFFFF,
  0xFFFF, 0xFFFF, 0xFFFF, 0xFFFF, 0xFFFF, 0xFFFF, 0xFFFF, 0xFFFF,
  0xFFFF, 0xFFFF, 0xFFFF, 0xFFFF, 0xFFFF, 0xFFFF, 0xFFFF, 0xFFFF,
  0xFFFF, 0xFFFF, 0xFFFF, 0xFFFF, 0xFFFF, 0xFFFF, 0xFFFF, 0xFFFF,
  0xFFFF, 0xFFFF, 0xFFFF, 0xFFFF, 0xFFFF, 0xFFFF, 0xFFFF, 0xFFFF,
  0xFFFF, 0xFFFF, 0xFFFF, 0xFFFF, 0xFFFF, 0xFFFF, 0xFFFF, 0xFFFF,
  0xFFFF, 0xFFFF, 0xFFFF, 0xFFFF, 0xFFFF, 0xFFFF, 0xFFFF, 0xFFFF,
  0xFFFF, 0xFFFF, 0xFFFF, 0xFFFF, 0xFFFF, 0xFFFF, 0xFFFF, 0xFFFF,
};

// 56x56 RGB565
const uint16_t icon_word[3136] PROGMEM = {
  0xF81F, 0xF81F, 0xF81F, 0xF81F, 0xF81F, 0xF81F, 0xF81F, 0xF81F,
  0xF81F, 0xF81F, 0xF81F, 0xF81F, 0xF81F, 0xF81F, 0xF81F, 0xF81F,
  0xF81F, 0xF81F, 0xF81F, 0xF81F, 0xF81F, 0xF81F, 0xF81F, 0xF81F,
  0xF81F, 0xF81F, 0xF81F, 0xF81F, 0xF81F, 0xF81F, 0xF81F, 0xF81F,
  0xF81F, 0xF81F, 0xF81F, 0xF81F, 0xF81F, 0xF81F, 0xF81F, 0xF81F,
  0xF81F, 0xF81F, 0xF81F, 0xF81F, 0xF81F, 0xF81F, 0xF81F, 0xF81F,
  0xF81F, 0xF81F, 0xF81F, 0xF81F, 0xF81F, 0xF81F, 0xF81F, 0xF81F,
  0xF81F, 0xF81F, 0xF81F, 0xF81F, 0xF81F, 0xF81F, 0xF81F, 0xF81F,
  0xF81F, 0xF81F, 0xF81F, 0xF81F, 0xF81F, 0xF81F, 0xF81F, 0xF81F,
  0xF81F, 0xF81F, 0xF81F, 0xF81F, 0xF81F, 0xF81F, 0xF81F, 0xF81F,
  0xF81F, 0xF81F, 0xF81F, 0xF81F, 0xF81F, 0xF81F, 0xF81F, 0xF81F,
  0xF81F, 0xF81F, 0xF81F, 0xF81F, 0xF81F, 0xF81F, 0xF81F, 0xF81F,
  0xF81F, 0xF81F, 0xF81F, 0xF81F, 0xF81F, 0xF81F, 0xF81F, 0xF81F,
  0xF81F, 0xF81F, 0xF81F, 0xF81F, 0xF81F, 0xF81F, 0xF81F, 0xF81F,
  0xF81F, 0xF81F, 0xF81F, 0xF81F, 0xF81F, 0xF81F, 0xF81F, 0xF81F,
  0xF81F, 0xF81F, 0xF81F, 0xF81F, 0xF81F, 0xF81F, 0xF81F, 0xF81F,
  0xF81F, 0xF81F, 0xF81F, 0xF81F, 0xF81F, 0xF81F, 0xF81F, 0xF81F,
  0xF81F, 0xF81F, 0xF81F, 0xF81F, 0xF81F, 0xF81F, 0xF81F, 0xF81F,
  0xF81F, 0xF81F, 0xF81F, 0xF81F, 0xF81F, 0xF81F, 0xF81F, 0xF81F,
  0xF81F, 0xF81F, 0xF81F, 0xF81F, 0xF81F, 0xF81F, 0xF81F, 0xF81F,
  0xF81F, 0xF81F, 0xF81F, 0xF81F, 0xF81F, 0xF81F, 0xF81F, 0xF81F,
  0xF81F, 0xF81F, 0xF81F, 0xF81F, 0xF81F, 0xF81F, 0xF81F, 0xF81F,
  0xF81F, 0xF81F, 0xF81F, 0xF81F, 0xF81F, 0xF81F, 0xF81F, 0xF81F,
  0xF81F, 0xF81F, 0xF81F, 0xF81F, 0xF81F, 0xF81F, 0xF81F, 0xF81F,
  0xF81F, 0xF81F, 0xF81F, 0xF81F, 0xF81F, 0xF81F, 0xF81F, 0xF81F,
  0xF81F, 0xF81F, 0xF81F, 0xF81F, 0xF81F, 0xF81F, 0xF81F, 0xF81F,
  0xF81F, 0xF81F, 0xF81F, 0xF81F, 0xF81F, 0xF81F, 0xF81F, 0xF81F,
  0xF81F, 0xF81F, 0xF81F, 0xF81F, 0xF81F, 0xF81F, 0xF81F, 0xF81F,
  0xF81F, 0xF81F, 0xF81F, 0xF81F, 0xF81F, 0xF81F, 0xF81F, 0xF81F,
  0xF81F, 0xF81F, 0xF81F, 0xF81F, 0xF81F, 0xF81F, 0xF81F, 0xF81F,
  0xF81F, 0xF81F, 0xF81F, 0xF81F, 0xF81F, 0xF81F, 0xF81F, 0xF81F,
  0xF81F, 0xF81F, 0xF81F, 0xF81F, 0xF81F, 0xF81F, 0xF81F, 0xF81F,
  0xF81F, 0xF81F, 0xF81F, 0xF81F, 0xF81F, 0xF81F, 0xF81F, 0xF81F,
  0xF81F, 0xF81F, 0xF81F, 0xF81F, 0xF81F, 0xF81F, 0xF81F, 0xF81F,
  0xF81F, 0xF81F, 0xF81F, 0xF81F, 0xF81F, 0xF81F, 0xF81F, 0xF81F,
  0xF81F, 0xF81F, 0xF81F, 0xF81F, 0xF81F, 0xF81F, 0xF81F, 0xF81F,
  0xF81F, 0xF81F, 0xF81F, 0xF81F, 0xF81F, 0xF81F, 0xF81F, 0xF81F,
  0xF81F, 0xF81F, 0xF81F, 0xF81F, 0xF81F, 0xF81F, 0xF81F, 0xF81F,
  0xF81F, 0xF81F, 0xF81F, 0xF81F, 0xF81F, 0xF81F, 0xF81F, 0xF81F,
  0xF81F, 0xF81F, 0xF81F, 0xF81F, 0xF81F, 0xF81F, 0xF81F, 0xF81F,
  0xF81F, 0xF81F, 0xF81F, 0xF81F, 0xF81F, 0xF81F, 0xF81F, 0xF81F,
  0xF81F, 0xF81F, 0xF81F, 0xF81F, 0xF81F, 0xF81F, 0xF81F, 0xF81F,
  0xF81F, 0xF81F, 0xF81F, 0xF81F, 0xF81F, 0xF81F, 0xF81F, 0xF81F,
  0xF81F, 0xF81F, 0xF81F, 0xF81F, 0xF81F, 0xF81F, 0xF81F, 0xF81F,
  0xF81F, 0xF81F, 0xF81F, 0xF81F, 0xF81F, 0xF81F, 0xF81F, 0xF81F,
  0xF81F, 0xF81F, 0xF81F, 0xF81F, 0xF81F, 0xF81F, 0xF81F, 0xF81F,
  0xF81F, 0xF81F, 0xF81F, 0xF81F, 0xF81F, 0xF81F, 0xF81F, 0xF81F,
  0xF81F, 0xF81F, 0xF81F, 0xF81F, 0xF81F, 0xF81F, 0xF81F, 0xF81F,
  0xF81F, 0xF81F, 0xF81F, 0xF81F, 0xF81F, 0xF81F, 0xF81F, 0xF81F,
  0xF81F, 0xF81F, 0xF81F, 0xF81F, 0xF81F, 0xF81F, 0xF81F, 0xF81F,
  0xF81F, 0xF81F, 0xF81F, 0xF81F, 0xF81F, 0xF81F, 0xF81F, 0xF81F,
  0xF81F, 0x2C9A, 0x2C9A, 0x2C9A, 0x2C9A, 0x2C9A, 0x2C9A, 0x2C9A,
  0x2C9A, 0x2C9A, 0x2C9A, 0x2C9A, 0x2C9A, 0x2C9A, 0x2C9A, 0x2C9A,
  0x2C9A, 0x2C9A, 0x2C9A, 0x2C9A, 0x2C9A, 0x2C9A, 0x2C9A, 0x2C9A,
  0x2C9A, 0x2C9A, 0x2C9A, 0x2C9A, 0x2C9A, 0x2C9A, 0x2C9A, 0x2C9A,
  0x2C9A, 0x2CBA, 0x2C9A, 0xF81F, 0xF81F, 0xF81F, 0xF81F, 0xF81F,
  0xF81F, 0xF81F, 0xF81F, 0xF81F, 0xF81F, 0xF81F, 0xF81F, 0xF81F,
  0xF81F, 0xF81F, 0xF81F, 0xF81F, 0xF81F, 0xF81F, 0xF81F, 0xF81F,
  0x2C9A, 0x351D, 0x2C9A, 0x2CBA, 0x2CBA, 0x2CBA, 0x2CBA, 0x2CBA,
  0x2CBA, 0x2CBA, 0x2CBA, 0x2CBA, 0x2CBA, 0x2CBA, 0x2CBA, 0x2CBA,
  0x2CBA, 0x2CBA, 0x2CBA, 0x2CBA, 0x2CBA, 0x2CBA, 0x2CBA, 0x2CBA,
  0x2CBA, 0x2CBA, 0x2CBA, 0x2CBA, 0x2CBA, 0x2CBA, 0x2CBA, 0x2CBA,
  0x2CBA, 0x2CBB, 0x2CDB, 0xF81F, 0xF81F, 0xF81F, 0xF81F, 0xF81F,
  0xF81F, 0xF81F, 0xF81F, 0xF81F, 0xF81F, 0xF81F, 0xF81F, 0xF81F,
  0xF81F, 0xF81F, 0xF81F, 0xF81F, 0xF81F, 0xF81F, 0xF81F, 0xF81F,
  0x2C9A, 0x34FC, 0x2C9A, 0x2C9A, 0x2C9A, 0x2C9A, 0x2C9A, 0x2C9A,
  0x2C9A, 0x2C9A, 0x2C9A, 0x2C9A, 0x2C9A, 0x2C9A, 0x2C9A, 0x2C9A,
  0x2C9A, 0x2C9A, 0x2C9A, 0x2C9A, 0x2C9A, 0x2C9A, 0x2C9A, 0x2C9A,
  0x2C9A, 0x2C9A, 0x2C9A, 0x2C9A, 0x2C9A, 0x2C9A, 0x2C9A, 0x2C9A,
  0x2C9A, 0x2C9A, 0x34FC, 0xF81F, 0xF81F, 0xF81F, 0xF81F, 0xF81F,
  0xF81F, 0xF81F, 0xF81F, 0xF81F, 0xF81F, 0xF81F, 0xF81F, 0xF81F,
  0xF81F, 0xF81F, 0xF81F, 0xF81F, 0xF81F, 0xF81F, 0xF81F, 0xF81F,
  0x2C9A, 0x34FC, 0x2C9A, 0x2C9A, 0x2C9A, 0x2C9A, 0x2C9A, 0x2C9A,
  0x2C9A, 0x2C9A, 0x2C9A, 0x2C9A, 0x2C9A, 0x2C9A, 0x2C9A, 0x2C9A,
  0x2C9A, 0x2C9A, 0x2C9A, 0x2C9A, 0x2C9A, 0x2C9A, 0x2C9A, 0x2C9A,
  0x2C9A, 0x2C9A, 0x2C9A, 0x2C9A, 0x2C9A, 0x2C9A, 0x2C9A, 0x2C9A,
  0x2C9A, 0x2C9A, 0x34FC, 0xF81F, 0xF81F, 0xF81F, 0xF81F, 0xF81F,
  0xF81F, 0xF81F, 0xF81F, 0xF81F, 0xF81F, 0xF81F, 0xF81F, 0xF81F,
  0xF81F, 0xF81F, 0xF81F, 0xF81F, 0xF81F, 0xF81F, 0xF81F, 0xF81F,
  0x2C9A, 0x34FC, 0x2C9A, 0x2C9A, 0x2C9A, 0x2C9A, 0x2C9A, 0x2C9A,
  0x2C9A, 0x2C9A, 0x2C9A, 0x2C9A, 0x2C9A, 0x2C9A, 0x2C9A, 0x2C9A,
  0x2C9A, 0x2C9A, 0x2C9A, 0x2C9A, 0x2C9A, 0x2C9A, 0x2C9A, 0x2C9A,
  0x2C9A, 0x2C9A, 0x2C9A, 0x2C9A, 0x2C9A, 0x2C9A, 0x2C9A, 0x2C9A,
  0x2C9A, 0x2C9A, 0x34FC, 0xF81F, 0xF81F, 0xF81F, 0xF81F, 0xF81F,
  0xF81F, 0xF81F, 0xF81F, 0xF81F, 0xF81F, 0xF81F, 0xF81F, 0xF81F,
  0xF81F, 0xF81F, 0xF81F, 0xF81F, 0xF81F, 0xF81F, 0xF81F, 0xF81F,
  0x2C9A, 0x34FC, 0x2C9A, 0x2C9A, 0x2C9A, 0x2C9A, 0x2C9A, 0x2C9A,
  0x2C9A, 0x2C9A, 0x2C9A, 0x2C9A, 0x2C9A, 0x2C9A, 0x2C9A, 0x2C9A,
  0x2C9A, 0x2C9A, 0x2C9A, 0x2C9A, 0x2C9A, 0x2C9A, 0x2C9A, 0x2C9A,
  0x2C9A, 0x2C9A, 0x2C9A, 0x2C9A, 0x2C9A, 0x2C9A, 0x2C9A, 0x2C9A,
  0x2C9A, 0x2C9A, 0x34FC, 0xF81F, 0xF81F, 0xF81F, 0xF81F, 0xF81F,
  0xF81F, 0xF81F, 0xF81F, 0xF81F, 0xF81F, 0xF81F, 0xF81F, 0xF81F,
  0xF81F, 0xF81F, 0xF81F, 0xF81F, 0xF81F, 0xF81F, 0xF81F, 0xF81F,
  0x2C9A, 0x34FC, 0x2C9A, 0x2C9A, 0x2C9A, 0x2C9A, 0x2C9A, 0x2C9A,
  0x2C9A, 0x2C9A, 0x2C9A, 0x2C9A, 0x2C9A, 0x2C9A, 0x2C9A, 0x2C9A,
  0x2C9A, 0x2C9A, 0x2C9A, 0x2C9A, 0x2C9A, 0x2C9A, 0x2C9A, 0x2C9A,
  0x2C9A, 0x2C9A, 0x2C9A, 0x2C9A, 0x2C9A, 0x2C9A, 0x2C9A, 0x2C9A,
  0x2C9A, 0x2C9A, 0x34FC, 0xF81F, 0xF81F, 0xF81F, 0xF81F, 0xF81F,
  0xF81F, 0xF81F, 0xF81F, 0xF81F, 0xF81F, 0xF81F, 0xF81F, 0xF81F,
  0xF81F, 0xF81F, 0xF81F, 0xF81F, 0xF81F, 0xF81F, 0xF81F, 0xF81F,
  0x2C9A, 0x2CDC, 0x2C9A, 0x2C9A, 0x2C9A, 0x2C9A, 0x2C9A, 0x2C9A,
  0x2C9A, 0x2C9A, 0x2C9A, 0x2C9A, 0x2C9A, 0x2C9A, 0x2C9A, 0x2C9A,
  0x2C9A, 0x2C9A, 0x2C9A, 0x2C9A, 0x2C9A, 0x2C9A, 0x2C9A, 0x2C9A,
  0x2C9A, 0x2C9A, 0x2C9A, 0x2C9A, 0x2C9A, 0x2C9A, 0x2C9A, 0x2C9A,
  0x2C9A, 0x2C9A, 0x34FC, 0xF81F, 0xF81F, 0xF81F, 0xF81F, 0xF81F,
  0xF81F, 0xF81F, 0xF81F, 0xF81F, 0xF81F, 0xF81F, 0xF81F, 0xF81F,
  0xF81F, 0xF81F, 0xF81F, 0xF81F, 0xF81F, 0xF81F, 0xF81F, 0xF81F,
  0x34DB, 0x351D, 0x2CDB, 0x34DB, 0x34DB, 0x34DB, 0x34DB, 0x34DB,
  0x34DB, 0x34DB, 0x34BB, 0x2C9A, 0x2C9A, 0x2C9A, 0x2C9A, 0x2C9A,
  0x2C9A, 0x2C9A, 0x2C9A, 0x2C9A, 0x2C9A, 0x2C9A, 0x2C9A, 0x2C9A,
  0x2C9A, 0x2C9A, 0x2C9A, 0x2C9A, 0x2C9A, 0x2C9A, 0x2C9A, 0x2C9A,
  0x2C9A, 0x2C9A, 0x34FC, 0xF81F, 0xF81F, 0xF81F, 0xF81F, 0xF81F,
  0xF81F, 0xF81F, 0xF81F, 0xF81F, 0xF81F, 0xF81F, 0x0251, 0x0231,
  0x0251, 0x0251, 0x0251, 0x0251, 0x0251, 0x0251, 0x0251, 0x0251,
  0x0AD3, 0x1315, 0x0AF4, 0x0B14, 0x0B14, 0x0B14, 0x0B14, 0x0B14,
  0x0B14, 0x0B14, 0x1355, 0x2C59, 0x2CBA, 0x2C9A, 0x2C9A, 0x2C9A,
  0x2C9A, 0x2C9A, 0x2C9A, 0x2C9A, 0x2C9A, 0x2C9A, 0x2C9A, 0x2C9A,
  0x2C9A, 0x2C9A, 0x2C9A, 0x2C9A, 0x2C9A, 0x2C9A, 0x2C9A, 0x2C9A,
  0x2C9A, 0x2C9A, 0x34FC, 0xF81F, 0xF81F, 0xF81F, 0xF81F, 0xF81F,
  0xF81F, 0xF81F, 0xF81F, 0xF81F, 0xF81F, 0x0251, 0x0273, 0x0272,
  0x0272, 0x0272, 0x0272, 0x0272, 0x0272, 0x0272, 0x0272, 0x0272,
  0x0231, 0x0210, 0x0211, 0x0211, 0x0211, 0x0211, 0x0211, 0x0211,
  0x0211, 0x0211, 0x0210, 0x0AD3, 0x2C5A, 0x2C5A, 0x2C5A, 0x2C5A,
  0x2C5A, 0x2C5A, 0x2C5A, 0x2C5A, 0x2C5A, 0x2C5A, 0x2C5A, 0x2C5A,
  0x2C5A, 0x2C5A, 0x2C5A, 0x2C5A, 0x2C5A, 0x2C5A, 0x2C5A, 0x2C5A,
  0x2C5A, 0x2C5A, 0x34BC, 0xF81F, 0xF81F, 0xF81F, 0xF81F, 0xF81F,
  0xF81F, 0xF81F, 0xF81F, 0xF81F, 0xF81F, 0x0273, 0x0251, 0x0251,
  0x0251, 0x0251, 0x0251, 0x0251, 0x0251, 0x0251, 0x0251, 0x0251,
  0x0251, 0x0251, 0x0251, 0x0251, 0x0251, 0x0251, 0x0251, 0x0251,
  0x0251, 0x0251, 0x0251, 0x0251, 0x2BFA, 0x2C1A, 0x2C1A, 0x2C1A,
  0x2C1A, 0x2C1A, 0x2C1A, 0x2C1A, 0x2C1A, 0x2C1A, 0x2C1A, 0x2C1A,
  0x2C1A, 0x2C1A, 0x2C1A, 0x2C1A, 0x2C1A, 0x2C1A, 0x2C1A, 0x2C1A,
  0x2C1A, 0x2C1A, 0x345C, 0xF81F, 0xF81F, 0xF81F, 0xF81F, 0xF81F,
  0xF81F, 0xF81F, 0xF81F, 0xF81F, 0xF81F, 0x0273, 0x0251, 0x0251,
  0x0251, 0x0251, 0x0251, 0x0251, 0x0251, 0x0251, 0x0251, 0x0251,
  0x0251, 0x0251, 0x0251, 0x0251, 0x0251, 0x0251, 0x0251, 0x0251,
  0x0251, 0x0251, 0x0231, 0x0252, 0x2C1A, 0x2C3A, 0x2C1A, 0x2C1A,
  0x2C1A, 0x2C1A, 0x2C1A, 0x2C1A, 0x2C1A, 0x2C1A, 0x2C1A, 0x2C1A,
  0x2C1A, 0x2C1A, 0x2C1A, 0x2C1A, 0x2C1A, 0x2C1A, 0x2C1A, 0x2C1A,
  0x2C1A, 0x2C1A, 0x347C, 0xF81F, 0xF81F, 0xF81F, 0xF81F, 0xF81F,
  0xF81F, 0xF81F, 0xF81F, 0xF81F, 0xF81F, 0x0273, 0x0251, 0x0251,
  0x0251, 0x0251, 0x0251, 0x0251, 0x0251, 0x0251, 0x0251, 0x0251,
  0x0251, 0x0251, 0x0251, 0x0251, 0x0251, 0x0251, 0x0251, 0x0251,
  0x0251, 0x0251, 0x0231, 0x0252, 0x2C1A, 0x2C3A, 0x2C1A, 0x2C1A,
  0x2C1A, 0x2C1A, 0x2C1A, 0x2C1A, 0x2C1A, 0x2C1A, 0x2C1A, 0x2C1A,
  0x2C1A, 0x2C1A, 0x2C1A, 0x2C1A, 0x2C1A, 0x2C1A, 0x2C1A, 0x2C1A,
  0x2C1A, 0x2C1A, 0x347C, 0xF81F, 0xF81F, 0xF81F, 0xF81F, 0xF81F,
  0xF81F, 0xF81F, 0xF81F, 0xF81F, 0xF81F, 0x0273, 0x0251, 0x0251,
  0x0251, 0x0211, 0x0211, 0x0231, 0x0251, 0x0251, 0x0231, 0x0211,
  0x0211, 0x0211, 0x0251, 0x0251, 0x0251, 0x0231, 0x0211, 0x0231,
  0x0251, 0x0251, 0x0231, 0x0252, 0x2C1A, 0x2C3A, 0x2C1A, 0x2C1A,
  0x2C1A, 0x2C1A, 0x2C1A, 0x2C1A, 0x2C1A, 0x2C1A, 0x2C1A, 0x2C1A,
  0x2C1A, 0x2C1A, 0x2C1A, 0x2C1A, 0x2C1A, 0x2C1A, 0x2C1A, 0x2C1A,
  0x2C1A, 0x2C1A, 0x347C, 0xF81F, 0xF81F, 0xF81F, 0xF81F, 0xF81F,
  0xF81F, 0xF81F, 0xF81F, 0xF81F, 0xF81F, 0x0273, 0x0251, 0x0231,
  0x12B2, 0xBE7C, 0xD71D, 0x3BB5, 0x0211, 0x0251, 0x12B2, 0xBE7C,
  0xD71D, 0x95BA, 0x0251, 0x0251, 0x0211, 0x7D18, 0xD71D, 0x8559,
  0x0211, 0x0251, 0x0231, 0x0252, 0x2C1A, 0x2C3A, 0x2C1A, 0x2C1A,
  0x2C1A, 0x2C1A, 0x2C1A, 0x2C1A, 0x2C1A, 0x2C1A, 0x2C1A, 0x2C1A,
  0x2C1A, 0x2C1A, 0x2C1A, 0x2C1A, 0x2C1A, 0x2C1A, 0x2C1A, 0x2C1A,
  0x2C1A, 0x2C1A, 0x347C, 0xF81F, 0xF81F, 0xF81F, 0xF81F, 0xF81F,
  0xF81F, 0xF81F, 0xF81F, 0xF81F, 0xF81F, 0x0273, 0x0251, 0x0251,
  0x0231, 0xC6BC, 0xFFFF, 0x7D18, 0x01F0, 0x0211, 0x3BB5, 0xFFFF,
  0xFFFF, 0xEFBF, 0x12B2, 0x0231, 0x0251, 0xCEDC, 0xFFFF, 0x74D8,
  0x01F0, 0x0251, 0x0231, 0x0252, 0x2C1A, 0x2C3A, 0x2C1A, 0x2C1A,
  0x2C1A, 0x2C1A, 0x2C1A, 0x2C1A, 0x2C1A, 0x2C1A, 0x2C1A, 0x2C1A,
  0x2C1A, 0x2C1A, 0x2C1A, 0x2C1A, 0x2C1A, 0x2C1A, 0x2C1A, 0x2C1A,
  0x2C1A, 0x2C1A, 0x347C, 0xF81F, 0xF81F, 0xF81F, 0xF81F, 0xF81F,
  0xF81F, 0xF81F, 0xF81F, 0xF81F, 0xF81F, 0x0273, 0x0251, 0x0251,
  0x01D0, 0x8559, 0xFFFF, 0xAE1B, 0x0211, 0x01F0, 0x6CB7, 0xFFFF,
  0xFFDF, 0xFFFF, 0x3BB5, 0x01F0, 0x12D2, 0xF7BF, 0xFFFF, 0x3B94,
  0x01F0, 0x0251, 0x0231, 0x0252, 0x2C1A, 0x2C3A, 0x2C1A, 0x2C1A,
  0x2C1A, 0x2C1A, 0x2C1A, 0x2C1A, 0x2C1A, 0x2C1A, 0x2C1A, 0x2C1A,
  0x2C1A, 0x2C1A, 0x2C1A, 0x2C1A, 0x2C1A, 0x2C1A, 0x2C1A, 0x2C1A,
  0x2C1A, 0x2C1A, 0x347C, 0xF81F, 0xF81F, 0xF81F, 0xF81F, 0xF81F,
  0xF81F, 0xF81F, 0xF81F, 0xF81F, 0xF81F, 0x0273, 0x0251, 0x0251,
  0x0211, 0x4C16, 0xFFFF, 0xD71D, 0x0A92, 0x0211, 0xAE1B, 0xFFFF,
  0xBE7C, 0xFFFF, 0x7D18, 0x01B0, 0x43D5, 0xFFFF, 0xE75E, 0x12B2,
  0x0231, 0x0251, 0x0231, 0x0252, 0x2C1A, 0x2C3A, 0x2C1A, 0x2C1A,
  0x2C1A, 0x2C1A, 0x2C1A, 0x2C1A, 0x2C1A, 0x2C1A, 0x2C1A, 0x2C1A,
  0x2C1A, 0x2C1A, 0x2C1A, 0x2C1A, 0x2C1A, 0x2C1A, 0x2C1A, 0x2C1A,
  0x2C1A, 0x2C1A, 0x347C, 0xF81F, 0xF81F, 0xF81F, 0xF81F, 0xF81F,
  0xF81F, 0xF81F, 0xF81F, 0xF81F, 0xF81F, 0x0273, 0x0251, 0x0251,
  0x0211, 0x1AF3, 0xF7DF, 0xFFDF, 0x2B33, 0x0231, 0xEF7E, 0xE77E,
  0x5C56, 0xFFFF, 0xB65B, 0x018F, 0x7CF8, 0xFFFF, 0xB67B, 0x0210,
  0x0251, 0x0251, 0x0231, 0x0252, 0x2C1A, 0x2C3A, 0x2C1A, 0x2C1A,
  0x2C1A, 0x2C1A, 0x2C1A, 0x2C1A, 0x2C1A, 0x2C1A, 0x2C1A, 0x2C1A,
  0x2C1A, 0x2C1A, 0x2C1A, 0x2C1A, 0x2C1A, 0x2C1A, 0x2C1A, 0x2C1A,
  0x2C1A, 0x2C1A, 0x347C, 0xF81F, 0xF81F, 0xF81F, 0xF81F, 0xF81F,
  0xF81F, 0xF81F, 0xF81F, 0xF81F, 0xF81F, 0x0273, 0x0251, 0x0251,
  0x0231, 0x0272, 0xC6BC, 0xFFFF, 0x4BF5, 0x1AF3, 0xFFFF, 0xC6BC,
  0x0A92, 0xF7DF, 0xDF5E, 0x0A51, 0xA5DA, 0xFFFF, 0x7D18, 0x01F0,
  0x0251, 0x0251, 0x0231, 0x0252, 0x2BFA, 0x2C1A, 0x2C1A, 0x2C1A,
  0x2C1A, 0x2C1A, 0x2C1A, 0x2C1A, 0x2C1A, 0x2C1A, 0x2C1A, 0x2C1A,
  0x2C1A, 0x2C1A, 0x2C1A, 0x2C1A, 0x2C1A, 0x2C1A, 0x2C1A, 0x2C1A,
  0x2C1A, 0x2C1A, 0x347C, 0xF81F, 0xF81F, 0xF81F, 0xF81F, 0xF81F,
  0xF81F, 0xF81F, 0xF81F, 0xF81F, 0xF81F, 0x0273, 0x0251, 0x0251,
  0x0251, 0x01F0, 0x9599, 0xFFFF, 0x74F8, 0x5C36, 0xFFFF, 0x9599,
  0x01F0, 0xC6BC, 0xFFFF, 0x3B94, 0xC69C, 0xFFFF, 0x43D5, 0x0211,
  0x0251, 0x0251, 0x0231, 0x0252, 0x2B78, 0x2B99, 0x2B99, 0x2B99,
  0x2B99, 0x2B99, 0x2B99, 0x2B99, 0x2B99, 0x2B99, 0x2B99, 0x2B99,
  0x2B99, 0x2B99, 0x2B99, 0x2B99, 0x2B99, 0x2B99, 0x2B99, 0x2B99,
  0x2B99, 0x2B99, 0x33DA, 0xF81F, 0xF81F, 0xF81F, 0xF81F, 0xF81F,
  0xF81F, 0xF81F, 0xF81F, 0xF81F, 0xF81F, 0x0273, 0x0251, 0x0251,
  0x0251, 0x01D0, 0x6477, 0xFFFF, 0xAE3B, 0x8D79, 0xFFFF, 0x5C56,
  0x01B0, 0x9599, 0xFFFF, 0x8539, 0xEF9E, 0xF7BF, 0x1AF3, 0x0211,
  0x0251, 0x0251, 0x0231, 0x0252, 0x2B78, 0x2B99, 0x2B99, 0x2B99,
  0x2B99, 0x2B99, 0x2B99, 0x2B99, 0x2B99, 0x2B99, 0x2B99, 0x2B99,
  0x2B99, 0x2B99, 0x2B99, 0x2B99, 0x2B99, 0x2B99, 0x2B99, 0x2B99,
  0x2B99, 0x2B99, 0x33DB, 0xF81F, 0xF81F, 0xF81F, 0xF81F, 0xF81F,
  0xF81F, 0xF81F, 0xF81F, 0xF81F, 0xF81F, 0x0273, 0x0251, 0x0251,
  0x0251, 0x0211, 0x2B54, 0xFFDF, 0xEF9F, 0xDF3D, 0xFFFF, 0x2B54,
  0x01B0, 0x6477, 0xFFFF, 0xE75E, 0xFFFF, 0xC69C, 0x0251, 0x0251,
  0x0251, 0x0251, 0x0231, 0x0252, 0x2B78, 0x2B99, 0x2B99, 0x2B99,
  0x2B99, 0x2B99, 0x2B99, 0x2B99, 0x2B99, 0x2B99, 0x2B99, 0x2B99,
  0x2B99, 0x2B99, 0x2B99, 0x2B99, 0x2B99, 0x2B99, 0x2B99, 0x2B99,
  0x2B99, 0x2B99, 0x33DB, 0xF81F, 0xF81F, 0xF81F, 0xF81F, 0xF81F,
  0xF81F, 0xF81F, 0xF81F, 0xF81F, 0xF81F, 0x0273, 0x0251, 0x0251,
  0x0251, 0x0231, 0x0251, 0xDF3D, 0xFFFF, 0xFFFF, 0xD71D, 0x12B2,
  0x01F1, 0x2B54, 0xF7DF, 0xFFFF, 0xFFFF, 0x9599, 0x01D0, 0x0251,
  0x0251, 0x0251, 0x0231, 0x0252, 0x2B78, 0x2B99, 0x2B99, 0x2B99,
  0x2B99, 0x2B99, 0x2B99, 0x2B99, 0x2B99, 0x2B99, 0x2B99, 0x2B99,
  0x2B99, 0x2B99, 0x2B99, 0x2B99, 0x2B99, 0x2B99, 0x2B99, 0x2B99,
  0x2B99, 0x2B99, 0x33DB, 0xF81F, 0xF81F, 0xF81F, 0xF81F, 0xF81F,
  0xF81F, 0xF81F, 0xF81F, 0xF81F, 0xF81F, 0x0273, 0x0251, 0x0251,
  0x0251, 0x0251, 0x0211, 0xAE1B, 0xFFFF, 0xFFFF, 0xAE3B, 0x0211,
  0x0251, 0x0251, 0xE77E, 0xFFFF, 0xFFFF, 0x5C56, 0x01F0, 0x0251,
  0x0251, 0x0251, 0x0231, 0x0252, 0x2B78, 0x2B99, 0x2B99, 0x2B99,
  0x2B99, 0x2B99, 0x2B99, 0x2B99, 0x2B99, 0x2B99, 0x2B99, 0x2B99,
  0x2B99, 0x2B99, 0x2B99, 0x2B99, 0x2B99, 0x2B99, 0x2B99, 0x2B99,
  0x2B99, 0x2B99, 0x33DB, 0xF81F, 0xF81F, 0xF81F, 0xF81F, 0xF81F,
  0xF81F, 0xF81F, 0xF81F, 0xF81F, 0xF81F, 0x0273, 0x0251, 0x0251,
  0x0251, 0x0251, 0x0211, 0x5C56, 0xD71D, 0xD71D, 0x6CB7, 0x01F0,
  0x0251, 0x0231, 0x9599, 0xD71D, 0xCEDD, 0x22F3, 0x0231, 0x0251,
  0x0251, 0x0251, 0x0231, 0x0252, 0x2B78, 0x2B99, 0x2B99, 0x2B99,
  0x2B99, 0x2B99, 0x2B99, 0x2B99, 0x2B99, 0x2B99, 0x2B99, 0x2B99,
  0x2B99, 0x2B99, 0x2B99, 0x2B99, 0x2B99, 0x2B99, 0x2B99, 0x2B99,
  0x2B99, 0x2B99, 0x33DB, 0xF81F, 0xF81F, 0xF81F, 0xF81F, 0xF81F,
  0xF81F, 0xF81F, 0xF81F, 0xF81F, 0xF81F, 0x0273, 0x0251, 0x0251,
  0x0251, 0x0251, 0x0251, 0x0231, 0x0211, 0x0211, 0x0231, 0x0251,
  0x0251, 0x0251, 0x0211, 0x0211, 0x0211, 0x0231, 0x0251, 0x0251,
  0x0251, 0x0251, 0x0231, 0x0252, 0x2B78, 0x2B99, 0x2B99, 0x2B99,
  0x2B99, 0x2B99, 0x2B99, 0x2B99, 0x2B99, 0x2B99, 0x2B99, 0x2B99,
  0x2B99, 0x2B99, 0x2B99, 0x2B99, 0x2B99, 0x2B99, 0x2B99, 0x2B99,
  0x2B99, 0x2B99, 0x33DB, 0xF81F, 0xF81F, 0xF81F, 0xF81F, 0xF81F,
  0xF81F, 0xF81F, 0xF81F, 0xF81F, 0xF81F, 0x0273, 0x0251, 0x0251,
  0x0251, 0x0251, 0x0251, 0x0251, 0x0251, 0x0251, 0x0251, 0x0251,
  0x0251, 0x0251, 0x0251, 0x0251, 0x0251, 0x0251, 0x0251, 0x0251,
  0x0251, 0x0251, 0x0231, 0x0252, 0x2B78, 0x2B99, 0x2B99, 0x2B99,
  0x2B99, 0x2B99, 0x2B99, 0x2B99, 0x2B99, 0x2B99, 0x2B99, 0x2B99,
  0x2B99, 0x2B99, 0x2B99, 0x2B99, 0x2B99, 0x2B99, 0x2B99, 0x2B99,
  0x2B99, 0x2B99, 0x33DB, 0xF81F, 0xF81F, 0xF81F, 0xF81F, 0xF81F,
  0xF81F, 0xF81F, 0xF81F, 0xF81F, 0xF81F, 0x0273, 0x0251, 0x0251,
  0x0251, 0x0251, 0x0251, 0x0251, 0x0251, 0x0251, 0x0251, 0x0251,
  0x0251, 0x0251, 0x0251, 0x0251, 0x0251, 0x0251, 0x0251, 0x0251,
  0x0251, 0x0251, 0x0231, 0x0252, 0x2B78, 0x2B99, 0x2B79, 0x2B79,
  0x2B79, 0x2B79, 0x2B79, 0x2B79, 0x2B79, 0x2B79, 0x2B79, 0x2B79,
  0x2B79, 0x2B79, 0x2B79, 0x2B79, 0x2B79, 0x2B79, 0x2B79, 0x2B79,
  0x2B79, 0x2B79, 0x33DB, 0xF81F, 0xF81F, 0xF81F, 0xF81F, 0xF81F,
  0xF81F, 0xF81F, 0xF81F, 0xF81F, 0xF81F, 0x0273, 0x0251, 0x0251,
  0x0251, 0x0251, 0x0251, 0x0251, 0x0251, 0x0251, 0x0251, 0x0251,
  0x0251, 0x0251, 0x0251, 0x0251, 0x0251, 0x0251, 0x0251, 0x0251,
  0x0251, 0x0251, 0x0231, 0x0252, 0x2B99, 0x33B9, 0x2B99, 0x2B99,
  0x2B99, 0x2B99, 0x2B99, 0x2B99, 0x2B99, 0x2B99, 0x2B99, 0x2B99,
  0x2B99, 0x2B99, 0x2B99, 0x2B99, 0x2B99, 0x2B99, 0x2B99, 0x2B99,
  0x2B99, 0x2B99, 0x33FB, 0xF81F, 0xF81F, 0xF81F, 0xF81F, 0xF81F,
  0xF81F, 0xF81F, 0xF81F, 0xF81F, 0xF81F, 0x0251, 0x0273, 0x0272,
  0x0272, 0x0272, 0x0272, 0x0272, 0x0272, 0x0272, 0x0272, 0x0272,
  0x0251, 0x0231, 0x0251, 0x0231, 0x0231, 0x0231, 0x0231, 0x0231,
  0x0231, 0x0231, 0x0231, 0x0A52, 0x2B17, 0x2B17, 0x2B17, 0x2B17,
  0x2B17, 0x2B17, 0x2B17, 0x2B17, 0x2B17, 0x2B17, 0x2B17, 0x2B17,
  0x2B17, 0x2B17, 0x2B17, 0x2B17, 0x2B17, 0x2B17, 0x2B17, 0x2B17,
  0x2B17, 0x2B17, 0x2B38, 0xF81F, 0xF81F, 0xF81F, 0xF81F, 0xF81F,
  0xF81F, 0xF81F, 0xF81F, 0xF81F, 0xF81F, 0xF81F, 0x0251, 0x0231,
  0x0251, 0x0251, 0x0251, 0x0251, 0x0251, 0x0251, 0x0251, 0x0251,
  0x0252, 0x0A73, 0x0A52, 0x0A52, 0x0A52, 0x0A52, 0x0A52, 0x0A52,
  0x0A52, 0x0A52, 0x0A53, 0x1A74, 0x2274, 0x2274, 0x2274, 0x2274,
  0x2274, 0x2274, 0x2274, 0x2274, 0x2274, 0x2274, 0x2274, 0x2274,
  0x2274, 0x2274, 0x2274, 0x2274, 0x2274, 0x2274, 0x2274, 0x2274,
  0x2274, 0x2274, 0x2296, 0xF81F, 0xF81F, 0xF81F, 0xF81F, 0xF81F,
  0xF81F, 0xF81F, 0xF81F, 0xF81F, 0xF81F, 0xF81F, 0xF81F, 0xF81F,
  0xF81F, 0xF81F, 0xF81F, 0xF81F, 0xF81F, 0xF81F, 0xF81F, 0xF81F,
  0x2295, 0x22B7, 0x2295, 0x2295, 0x2295, 0x2295, 0x2295, 0x2295,
  0x2295, 0x2295, 0x2295, 0x2295, 0x2295, 0x2295, 0x2295, 0x2295,
  0x2295, 0x2295, 0x2295, 0x2295, 0x2295, 0x2295, 0x2295, 0x2295,
  0x2295, 0x2295, 0x2295, 0x2295, 0x2295, 0x2295, 0x2295, 0x2295,
  0x2295, 0x2295, 0x22B7, 0xF81F, 0xF81F, 0xF81F, 0xF81F, 0xF81F,
  0xF81F, 0xF81F, 0xF81F, 0xF81F, 0xF81F, 0xF81F, 0xF81F, 0xF81F,
  0xF81F, 0xF81F, 0xF81F, 0xF81F, 0xF81F, 0xF81F, 0xF81F, 0xF81F,
  0x2275, 0x22B6, 0x1A95, 0x2295, 0x2295, 0x2295, 0x2295, 0x2295,
  0x2295, 0x2295, 0x2295, 0x2295, 0x2295, 0x2295, 0x2295, 0x2295,
  0x2295, 0x2295, 0x2295, 0x2295, 0x2295, 0x2295, 0x2295, 0x2295,
  0x2295, 0x2295, 0x2295, 0x2295, 0x2295, 0x2295, 0x2295, 0x2295,
  0x2295, 0x2295, 0x22B6, 0xF81F, 0xF81F, 0xF81F, 0xF81F, 0xF81F,
  0xF81F, 0xF81F, 0xF81F, 0xF81F, 0xF81F, 0xF81F, 0xF81F, 0xF81F,
  0xF81F, 0xF81F, 0xF81F, 0xF81F, 0xF81F, 0xF81F, 0xF81F, 0xF81F,
  0x2295, 0x22B6, 0x2295, 0x2295, 0x2295, 0x2295, 0x2295, 0x2295,
  0x2295, 0x2295, 0x2295, 0x2295, 0x2295, 0x2295, 0x2295, 0x2295,
  0x2295, 0x2295, 0x2295, 0x2295, 0x2295, 0x2295, 0x2295, 0x2295,
  0x2295, 0x2295, 0x2295, 0x2295, 0x2295, 0x2295, 0x2295, 0x2295,
  0x2295, 0x2295, 0x22B6, 0xF81F, 0xF81F, 0xF81F, 0xF81F, 0xF81F,
  0xF81F, 0xF81F, 0xF81F, 0xF81F, 0xF81F, 0xF81F, 0xF81F, 0xF81F,
  0xF81F, 0xF81F, 0xF81F, 0xF81F, 0xF81F, 0xF81F, 0xF81F, 0xF81F,
  0x2295, 0x22B6, 0x2295, 0x2295, 0x2295, 0x2295, 0x2295, 0x2295,
  0x2295, 0x2295, 0x2295, 0x2295, 0x2295, 0x2295, 0x2295, 0x2295,
  0x2295, 0x2295, 0x2295, 0x2295, 0x2295, 0x2295, 0x2295, 0x2295,
  0x2295, 0x2295, 0x2295, 0x2295, 0x2295, 0x2295, 0x2295, 0x2295,
  0x2295, 0x2295, 0x22B6, 0xF81F, 0xF81F, 0xF81F, 0xF81F, 0xF81F,
  0xF81F, 0xF81F, 0xF81F, 0xF81F, 0xF81F, 0xF81F, 0xF81F, 0xF81F,
  0xF81F, 0xF81F, 0xF81F, 0xF81F, 0xF81F, 0xF81F, 0xF81F, 0xF81F,
  0x2295, 0x22B6, 0x2295, 0x2295, 0x2295, 0x2295, 0x2295, 0x2295,
  0x2295, 0x2295, 0x2295, 0x2295, 0x2295, 0x2295, 0x2295, 0x2295,
  0x2295, 0x2295, 0x2295, 0x2295, 0x2295, 0x2295, 0x2295, 0x2295,
  0x2295, 0x2295, 0x2295, 0x2295, 0x2295, 0x2295, 0x2295, 0x2295,
  0x2295, 0x2295, 0x22B6, 0xF81F, 0xF81F, 0xF81F, 0xF81F, 0xF81F,
  0xF81F, 0xF81F, 0xF81F, 0xF81F, 0xF81F, 0xF81F, 0xF81F, 0xF81F,
  0xF81F, 0xF81F, 0xF81F, 0xF81F, 0xF81F, 0xF81F, 0xF81F, 0xF81F,
  0x2295, 0x22B6, 0x2295, 0x2295, 0x2295, 0x2295, 0x2295, 0x2295,
  0x2295, 0x2295, 0x2295, 0x2295, 0x2295, 0x2295, 0x2295, 0x2295,
  0x2295, 0x2295, 0x2295, 0x2295, 0x2295, 0x2295, 0x2295, 0x2295,
  0x2295, 0x2295, 0x2295, 0x2295, 0x2295, 0x2295, 0x2295, 0x2295,
  0x2295, 0x2295, 0x22B6, 0xF81F, 0xF81F, 0xF81F, 0xF81F, 0xF81F,
  0xF81F, 0xF81F, 0xF81F, 0xF81F, 0xF81F, 0xF81F, 0xF81F, 0xF81F,
  0xF81F, 0xF81F, 0xF81F, 0xF81F, 0xF81F, 0xF81F, 0xF81F, 0xF81F,
  0x2275, 0x22B6, 0x2295, 0x2295, 0x2295, 0x2295, 0x2295, 0x2295,
  0x2295, 0x2295, 0x2295, 0x2295, 0x2295, 0x2295, 0x2295, 0x2295,
  0x2295, 0x2295, 0x2295, 0x2295, 0x2295, 0x2295, 0x2295, 0x2295,
  0x2295, 0x2295, 0x2295, 0x2295, 0x2295, 0x2295, 0x2295, 0x2295,
  0x2295, 0x2275, 0x22B6, 0xF81F, 0xF81F, 0xF81F, 0xF81F, 0xF81F,
  0xF81F, 0xF81F, 0xF81F, 0xF81F, 0xF81F, 0xF81F, 0xF81F, 0xF81F,
  0xF81F, 0xF81F, 0xF81F, 0xF81F, 0xF81F, 0xF81F, 0xF81F, 0xF81F,
  0x2275, 0x22D7, 0x2295, 0x2295, 0x2295, 0x2295, 0x2295, 0x2295,
  0x2295, 0x2295, 0x2295, 0x2295, 0x2295, 0x2295, 0x2295, 0x2295,
  0x2295, 0x2295, 0x2295, 0x2295, 0x2295, 0x2295, 0x2295, 0x2295,
  0x2295, 0x2295, 0x2295, 0x2295, 0x2295, 0x2295, 0x2295, 0x2295,
  0x2295, 0x2295, 0x22B6, 0xF81F, 0xF81F, 0xF81F, 0xF81F, 0xF81F,
  0xF81F, 0xF81F, 0xF81F, 0xF81F, 0xF81F, 0xF81F, 0xF81F, 0xF81F,
  0xF81F, 0xF81F, 0xF81F, 0xF81F, 0xF81F, 0xF81F, 0xF81F, 0xF81F,
  0xF81F, 0x2295, 0x2295, 0x2295, 0x2275, 0x2275, 0x2275, 0x2275,
  0x2275, 0x2275, 0x2275, 0x2275, 0x2275, 0x2275, 0x2275, 0x2275,
  0x2275, 0x2275, 0x2275, 0x2275, 0x2275, 0x2275, 0x2275, 0x2275,
  0x2275, 0x2275, 0x2275, 0x2275, 0x2275, 0x2275, 0x2275, 0x2295,
  0x2295, 0x2295, 0x2275, 0xF81F, 0xF81F, 0xF81F, 0xF81F, 0xF81F,
  0xF81F, 0xF81F, 0xF81F, 0xF81F, 0xF81F, 0xF81F, 0xF81F, 0xF81F,
  0xF81F, 0xF81F, 0xF81F, 0xF81F, 0xF81F, 0xF81F, 0xF81F, 0xF81F,
  0xF81F, 0xF81F, 0xF81F, 0xF81F, 0xF81F, 0xF81F, 0xF81F, 0xF81F,
  0xF81F, 0xF81F, 0xF81F, 0xF81F, 0xF81F, 0xF81F, 0xF81F, 0xF81F,
  0xF81F, 0xF81F, 0xF81F, 0xF81F, 0xF81F, 0xF81F, 0xF81F, 0xF81F,
  0xF81F, 0xF81F, 0xF81F, 0xF81F, 0xF81F, 0xF81F, 0xF81F, 0xF81F,
  0xF81F, 0xF81F, 0xF81F, 0xF81F, 0xF81F, 0xF81F, 0xF81F, 0xF81F,
  0xF81F, 0xF81F, 0xF81F, 0xF81F, 0xF81F, 0xF81F, 0xF81F, 0xF81F,
  0xF81F, 0xF81F, 0xF81F, 0xF81F, 0xF81F, 0xF81F, 0xF81F, 0xF81F,
  0xF81F, 0xF81F, 0xF81F, 0xF81F, 0xF81F, 0xF81F, 0xF81F, 0xF81F,
  0xF81F, 0xF81F, 0xF81F, 0xF81F, 0xF81F, 0xF81F, 0xF81F, 0xF81F,
  0xF81F, 0xF81F, 0xF81F, 0xF81F, 0xF81F, 0xF81F, 0xF81F, 0xF81F,
  0xF81F, 0xF81F, 0xF81F, 0xF81F, 0xF81F, 0xF81F, 0xF81F, 0xF81F,
  0xF81F, 0xF81F, 0xF81F, 0xF81F, 0xF81F, 0xF81F, 0xF81F, 0xF81F,
  0xF81F, 0xF81F, 0xF81F, 0xF81F, 0xF81F, 0xF81F, 0xF81F, 0xF81F,
  0xF81F, 0xF81F, 0xF81F, 0xF81F, 0xF81F, 0xF81F, 0xF81F, 0xF81F,
  0xF81F, 0xF81F, 0xF81F, 0xF81F, 0xF81F, 0xF81F, 0xF81F, 0xF81F,
  0xF81F, 0xF81F, 0xF81F, 0xF81F, 0xF81F, 0xF81F, 0xF81F, 0xF81F,
  0xF81F, 0xF81F, 0xF81F, 0xF81F, 0xF81F, 0xF81F, 0xF81F, 0xF81F,
  0xF81F, 0xF81F, 0xF81F, 0xF81F, 0xF81F, 0xF81F, 0xF81F, 0xF81F,
  0xF81F, 0xF81F, 0xF81F, 0xF81F, 0xF81F, 0xF81F, 0xF81F, 0xF81F,
  0xF81F, 0xF81F, 0xF81F, 0xF81F, 0xF81F, 0xF81F, 0xF81F, 0xF81F,
  0xF81F, 0xF81F, 0xF81F, 0xF81F, 0xF81F, 0xF81F, 0xF81F, 0xF81F,
  0xF81F, 0xF81F, 0xF81F, 0xF81F, 0xF81F, 0xF81F, 0xF81F, 0xF81F,
  0xF81F, 0xF81F, 0xF81F, 0xF81F, 0xF81F, 0xF81F, 0xF81F, 0xF81F,
  0xF81F, 0xF81F, 0xF81F, 0xF81F, 0xF81F, 0xF81F, 0xF81F, 0xF81F,
  0xF81F, 0xF81F, 0xF81F, 0xF81F, 0xF81F, 0xF81F, 0xF81F, 0xF81F,
  0xF81F, 0xF81F, 0xF81F, 0xF81F, 0xF81F, 0xF81F, 0xF81F, 0xF81F,
  0xF81F, 0xF81F, 0xF81F, 0xF81F, 0xF81F, 0xF81F, 0xF81F, 0xF81F,
  0xF81F, 0xF81F, 0xF81F, 0xF81F, 0xF81F, 0xF81F, 0xF81F, 0xF81F,
  0xF81F, 0xF81F, 0xF81F, 0xF81F, 0xF81F, 0xF81F, 0xF81F, 0xF81F,
  0xF81F, 0xF81F, 0xF81F, 0xF81F, 0xF81F, 0xF81F, 0xF81F, 0xF81F,
  0xF81F, 0xF81F, 0xF81F, 0xF81F, 0xF81F, 0xF81F, 0xF81F, 0xF81F,
  0xF81F, 0xF81F, 0xF81F, 0xF81F, 0xF81F, 0xF81F, 0xF81F, 0xF81F,
  0xF81F, 0xF81F, 0xF81F, 0xF81F, 0xF81F, 0xF81F, 0xF81F, 0xF81F,
  0xF81F, 0xF81F, 0xF81F, 0xF81F, 0xF81F, 0xF81F, 0xF81F, 0xF81F,
  0xF81F, 0xF81F, 0xF81F, 0xF81F, 0xF81F, 0xF81F, 0xF81F, 0xF81F,
  0xF81F, 0xF81F, 0xF81F, 0xF81F, 0xF81F, 0xF81F, 0xF81F, 0xF81F,
  0xF81F, 0xF81F, 0xF81F, 0xF81F, 0xF81F, 0xF81F, 0xF81F, 0xF81F,
  0xF81F, 0xF81F, 0xF81F, 0xF81F, 0xF81F, 0xF81F, 0xF81F, 0xF81F,
  0xF81F, 0xF81F, 0xF81F, 0xF81F, 0xF81F, 0xF81F, 0xF81F, 0xF81F,
  0xF81F, 0xF81F, 0xF81F, 0xF81F, 0xF81F, 0xF81F, 0xF81F, 0xF81F,
  0xF81F, 0xF81F, 0xF81F, 0xF81F, 0xF81F, 0xF81F, 0xF81F, 0xF81F,
  0xF81F, 0xF81F, 0xF81F, 0xF81F, 0xF81F, 0xF81F, 0xF81F, 0xF81F,
  0xF81F, 0xF81F, 0xF81F, 0xF81F, 0xF81F, 0xF81F, 0xF81F, 0xF81F,
  0xF81F, 0xF81F, 0xF81F, 0xF81F, 0xF81F, 0xF81F, 0xF81F, 0xF81F,
  0xF81F, 0xF81F, 0xF81F, 0xF81F, 0xF81F, 0xF81F, 0xF81F, 0xF81F,
  0xF81F, 0xF81F, 0xF81F, 0xF81F, 0xF81F, 0xF81F, 0xF81F, 0xF81F,
  0xF81F, 0xF81F, 0xF81F, 0xF81F, 0xF81F, 0xF81F, 0xF81F, 0xF81F,
};

// 56x56 RGB565
const uint16_t icon_excel[3136] PROGMEM = {
  0xF81F, 0xF81F, 0xF81F, 0xF81F, 0xF81F, 0xF81F, 0xF81F, 0xF81F,
  0xF81F, 0xF81F, 0xF81F, 0xF81F, 0xF81F, 0xF81F, 0xF81F, 0xF81F,
  0xF81F, 0xF81F, 0xF81F, 0xF81F, 0xF81F, 0xF81F, 0xF81F, 0xF81F,
  0xF81F, 0xF81F, 0xF81F, 0xF81F, 0xF81F, 0xF81F, 0xF81F, 0xF81F,
  0xF81F, 0xF81F, 0xF81F, 0xF81F, 0xF81F, 0xF81F, 0xF81F, 0xF81F,
  0xF81F, 0xF81F, 0xF81F, 0xF81F, 0xF81F, 0xF81F, 0xF81F, 0xF81F,
  0xF81F, 0xF81F, 0xF81F, 0xF81F, 0xF81F, 0xF81F, 0xF81F, 0xF81F,
  0xF81F, 0xF81F, 0xF81F, 0xF81F, 0xF81F, 0xF81F, 0xF81F, 0xF81F,
  0xF81F, 0xF81F, 0xF81F, 0xF81F, 0xF81F, 0xF81F, 0xF81F, 0xF81F,
  0xF81F, 0xF81F, 0xF81F, 0xF81F, 0xF81F, 0xF81F, 0xF81F, 0xF81F,
  0xF81F, 0xF81F, 0xF81F, 0xF81F, 0xF81F, 0xF81F, 0xF81F, 0xF81F,
  0xF81F, 0xF81F, 0xF81F, 0xF81F, 0xF81F, 0xF81F, 0xF81F, 0xF81F,
  0xF81F, 0xF81F, 0xF81F, 0xF81F, 0xF81F, 0xF81F, 0xF81F, 0xF81F,
  0xF81F, 0xF81F, 0xF81F, 0xF81F, 0xF81F, 0xF81F, 0xF81F, 0xF81F,
  0xF81F, 0xF81F, 0xF81F, 0xF81F, 0xF81F, 0xF81F, 0xF81F, 0xF81F,
  0xF81F, 0xF81F, 0xF81F, 0xF81F, 0xF81F, 0xF81F, 0xF81F, 0xF81F,
  0xF81F, 0xF81F, 0xF81F, 0xF81F, 0xF81F, 0xF81F, 0xF81F, 0xF81F,
  0xF81F, 0xF81F, 0xF81F, 0xF81F, 0xF81F, 0xF81F, 0xF81F, 0xF81F,
  0xF81F, 0xF81F, 0xF81F, 0xF81F, 0xF81F, 0xF81F, 0xF81F, 0xF81F,
  0xF81F, 0xF81F, 0xF81F, 0xF81F, 0xF81F, 0xF81F, 0xF81F, 0xF81F,
  0xF81F, 0xF81F, 0xF81F, 0xF81F, 0xF81F, 0xF81F, 0xF81F, 0xF81F,
  0xF81F, 0xF81F, 0xF81F, 0xF81F, 0xF81F, 0xF81F, 0xF81F, 0xF81F,
  0xF81F, 0xF81F, 0xF81F, 0xF81F, 0xF81F, 0xF81F, 0xF81F, 0xF81F,
  0xF81F, 0xF81F, 0xF81F, 0xF81F, 0xF81F, 0xF81F, 0xF81F, 0xF81F,
  0xF81F, 0xF81F, 0xF81F, 0xF81F, 0xF81F, 0xF81F, 0xF81F, 0xF81F,
  0xF81F, 0xF81F, 0xF81F, 0xF81F, 0xF81F, 0xF81F, 0xF81F, 0xF81F,
  0xF81F, 0xF81F, 0xF81F, 0xF81F, 0xF81F, 0xF81F, 0xF81F, 0xF81F,
  0xF81F, 0xF81F, 0xF81F, 0xF81F, 0xF81F, 0xF81F, 0xF81F, 0xF81F,
  0xF81F, 0xF81F, 0xF81F, 0xF81F, 0xF81F, 0xF81F, 0xF81F, 0xF81F,
  0xF81F, 0xF81F, 0xF81F, 0xF81F, 0xF81F, 0xF81F, 0xF81F, 0xF81F,
  0xF81F, 0xF81F, 0xF81F, 0xF81F, 0xF81F, 0xF81F, 0xF81F, 0xF81F,
  0xF81F, 0xF81F, 0xF81F, 0xF81F, 0xF81F, 0xF81F, 0xF81F, 0xF81F,
  0xF81F, 0xF81F, 0xF81F, 0xF81F, 0xF81F, 0xF81F, 0xF81F, 0xF81F,
  0xF81F, 0xF81F, 0xF81F, 0xF81F, 0xF81F, 0xF81F, 0xF81F, 0xF81F,
  0xF81F, 0xF81F, 0xF81F, 0xF81F, 0xF81F, 0xF81F, 0xF81F, 0xF81F,
  0xF81F, 0xF81F, 0xF81F, 0xF81F, 0xF81F, 0xF81F, 0xF81F, 0xF81F,
  0xF81F, 0xF81F, 0xF81F, 0xF81F, 0xF81F, 0xF81F, 0xF81F, 0xF81F,
  0xF81F, 0xF81F, 0xF81F, 0xF81F, 0xF81F, 0xF81F, 0xF81F, 0xF81F,
  0xF81F, 0xF81F, 0xF81F, 0xF81F, 0xF81F, 0xF81F, 0xF81F, 0xF81F,
  0xF81F, 0xF81F, 0xF81F, 0xF81F, 0xF81F, 0xF81F, 0xF81F, 0xF81F,
  0xF81F, 0xF81F, 0xF81F, 0xF81F, 0xF81F, 0xF81F, 0xF81F, 0xF81F,
  0xF81F, 0xF81F, 0xF81F, 0xF81F, 0xF81F, 0xF81F, 0xF81F, 0xF81F,
  0xF81F, 0xF81F, 0xF81F, 0xF81F, 0xF81F, 0xF81F, 0xF81F, 0xF81F,
  0xF81F, 0xF81F, 0xF81F, 0xF81F, 0xF81F, 0xF81F, 0xF81F, 0xF81F,
  0xF81F, 0xF81F, 0xF81F, 0xF81F, 0xF81F, 0xF81F, 0xF81F, 0xF81F,
  0xF81F, 0xF81F, 0xF81F, 0xF81F, 0xF81F, 0xF81F, 0xF81F, 0xF81F,
  0xF81F, 0xF81F, 0xF81F, 0xF81F, 0xF81F, 0xF81F, 0xF81F, 0xF81F,
  0xF81F, 0xF81F, 0xF81F, 0xF81F, 0xF81F, 0xF81F, 0xF81F, 0xF81F,
  0xF81F, 0xF81F, 0xF81F, 0xF81F, 0xF81F, 0xF81F, 0xF81F, 0xF81F,
  0xF81F, 0xF81F, 0xF81F, 0xF81F, 0xF81F, 0xF81F, 0xF81F, 0xF81F,
  0xF81F, 0xF81F, 0xF81F, 0xF81F, 0xF81F, 0xF81F, 0xF81F, 0xF81F,
  0xF81F, 0x148A, 0x148A, 0x148A, 0x148A, 0x148A, 0x148A, 0x148A,
  0x148A, 0x148A, 0x148A, 0x148A, 0x148A, 0x148A, 0x148A, 0x148A,
  0x146A, 0x1CCB, 0x2E30, 0x2E0F, 0x2E0F, 0x2E0F, 0x2E0F, 0x2E0F,
  0x2E0F, 0x2E0F, 0x2E0F, 0x2E0F, 0x2E0F, 0x2E0F, 0x2E0F, 0x2E0F,
  0x2E0F, 0x2E30, 0x2E0F, 0xF81F, 0xF81F, 0xF81F, 0xF81F, 0xF81F,
  0xF81F, 0xF81F, 0xF81F, 0xF81F, 0xF81F, 0xF81F, 0xF81F, 0xF81F,
  0xF81F, 0xF81F, 0xF81F, 0xF81F, 0xF81F, 0xF81F, 0xF81F, 0xF81F,
  0x148A, 0x1D0B, 0x148A, 0x148A, 0x148A, 0x148A, 0x148A, 0x148A,
  0x148A, 0x148A, 0x148A, 0x148A, 0x148A, 0x148A, 0x148A, 0x148A,
  0x148A, 0x1CCB, 0x2E30, 0x2E30, 0x2E30, 0x2E30, 0x2E30, 0x2E30,
  0x2E30, 0x2E30, 0x2E30, 0x2E30, 0x2E30, 0x2E30, 0x2E30, 0x2E30,
  0x2E30, 0x2E30, 0x2E50, 0xF81F, 0xF81F, 0xF81F, 0xF81F, 0xF81F,
  0xF81F, 0xF81F, 0xF81F, 0xF81F, 0xF81F, 0xF81F, 0xF81F, 0xF81F,
  0xF81F, 0xF81F, 0xF81F, 0xF81F, 0xF81F, 0xF81F, 0xF81F, 0xF81F,
  0x148A, 0x14CB, 0x148A, 0x148A, 0x148A, 0x148A, 0x148A, 0x148A,
  0x148A, 0x148A, 0x148A, 0x148A, 0x148A, 0x148A, 0x148A, 0x148A,
  0x146A, 0x1CCB, 0x2E10, 0x2E0F, 0x2E0F, 0x2E0F, 0x2E0F, 0x2E0F,
  0x2E0F, 0x2E0F, 0x2E0F, 0x2E0F, 0x2E0F, 0x2E0F, 0x2E0F, 0x2E0F,
  0x2E0F, 0x2E0F, 0x2E91, 0xF81F, 0xF81F, 0xF81F, 0xF81F, 0xF81F,
  0xF81F, 0xF81F, 0xF81F, 0xF81F, 0xF81F, 0xF81F, 0xF81F, 0xF81F,
  0xF81F, 0xF81F, 0xF81F, 0xF81F, 0xF81F, 0xF81F, 0xF81F, 0xF81F,
  0x148A, 0x1CCB, 0x148A, 0x148A, 0x148A, 0x148A, 0x148A, 0x148A,
  0x148A, 0x148A, 0x148A, 0x148A, 0x148A, 0x148A, 0x148A, 0x148A,
  0x146A, 0x1CCB, 0x2E30, 0x2E0F, 0x2E0F, 0x2E0F, 0x2E0F, 0x2E0F,
  0x2E0F, 0x2E0F, 0x2E0F, 0x2E0F, 0x2E0F, 0x2E0F, 0x2E0F, 0x2E0F,
  0x2E0F, 0x2E0F, 0x2E91, 0xF81F, 0xF81F, 0xF81F, 0xF81F, 0xF81F,
  0xF81F, 0xF81F, 0xF81F, 0xF81F, 0xF81F, 0xF81F, 0xF81F, 0xF81F,
  0xF81F, 0xF81F, 0xF81F, 0xF81F, 0xF81F, 0xF81F, 0xF81F, 0xF81F,
  0x148A, 0x1CCB, 0x148A, 0x148A, 0x148A, 0x148A, 0x148A, 0x148A,
  0x148A, 0x148A, 0x148A, 0x148A, 0x148A, 0x148A, 0x148A, 0x148A,
  0x146A, 0x1CCB, 0x2E30, 0x2E0F, 0x2E0F, 0x2E0F, 0x2E0F, 0x2E0F,
  0x2E0F, 0x2E0F, 0x2E0F, 0x2E0F, 0x2E0F, 0x2E0F, 0x2E0F, 0x2E0F,
  0x2E0F, 0x2E0F, 0x2E91, 0xF81F, 0xF81F, 0xF81F, 0xF81F, 0xF81F,
  0xF81F, 0xF81F, 0xF81F, 0xF81F, 0xF81F, 0xF81F, 0xF81F, 0xF81F,
  0xF81F, 0xF81F, 0xF81F, 0xF81F, 0xF81F, 0xF81F, 0xF81F, 0xF81F,
  0x148A, 0x1CCB, 0x148A, 0x148A, 0x148A, 0x148A, 0x148A, 0x148A,
  0x148A, 0x148A, 0x148A, 0x148A, 0x148A, 0x148A, 0x148A, 0x148A,
  0x146A, 0x1CCB, 0x2E30, 0x2E0F, 0x2E0F, 0x2E0F, 0x2E0F, 0x2E0F,
  0x2E0F, 0x2E0F, 0x2E0F, 0x2E0F, 0x2E0F, 0x2E0F, 0x2E0F, 0x2E0F,
  0x2E0F, 0x2E0F, 0x2E91, 0xF81F, 0xF81F, 0xF81F, 0xF81F, 0xF81F,
  0xF81F, 0xF81F, 0xF81F, 0xF81F, 0xF81F, 0xF81F, 0xF81F, 0xF81F,
  0xF81F, 0xF81F, 0xF81F, 0xF81F, 0xF81F, 0xF81F, 0xF81F, 0xF81F,
  0x148A, 0x1CCB, 0x148A, 0x148A, 0x148A, 0x148A, 0x148A, 0x148A,
  0x148A, 0x148A, 0x148A, 0x148A, 0x148A, 0x148A, 0x148A, 0x148A,
  0x146A, 0x1CCB, 0x2E30, 0x2E0F, 0x2E0F, 0x2E0F, 0x2E0F, 0x2E0F,
  0x2E0F, 0x2E0F, 0x2E0F, 0x2E0F, 0x2E0F, 0x2E0F, 0x2E0F, 0x2E0F,
  0x2E0F, 0x2E0F, 0x2E91, 0xF81F, 0xF81F, 0xF81F, 0xF81F, 0xF81F,
  0xF81F, 0xF81F, 0xF81F, 0xF81F, 0xF81F, 0xF81F, 0xF81F, 0xF81F,
  0xF81F, 0xF81F, 0xF81F, 0xF81F, 0xF81F, 0xF81F, 0xF81F, 0xF81F,
  0x148A, 0x1CCB, 0x148A, 0x148A, 0x148A, 0x148A, 0x148A, 0x148A,
  0x148A, 0x148A, 0x148A, 0x148A, 0x148A, 0x148A, 0x148A, 0x148A,
  0x146A, 0x1CCB, 0x2E30, 0x2E0F, 0x2E0F, 0x2E0F, 0x2E0F, 0x2E0F,
  0x2E0F, 0x2E0F, 0x2E0F, 0x2E0F, 0x2E0F, 0x2E0F, 0x2E0F, 0x2E0F,
  0x2E0F, 0x2E0F, 0x2E91, 0xF81F, 0xF81F, 0xF81F, 0xF81F, 0xF81F,
  0xF81F, 0xF81F, 0xF81F, 0xF81F, 0xF81F, 0xF81F, 0xF81F, 0xF81F,
  0xF81F, 0xF81F, 0xF81F, 0xF81F, 0xF81F, 0xF81F, 0xF81F, 0xF81F,
  0x14AA, 0x1CEB, 0x148A, 0x148A, 0x148A, 0x148A, 0x148A, 0x148A,
  0x148A, 0x148A, 0x148A, 0x148A, 0x148A, 0x148A, 0x148A, 0x148A,
  0x146A, 0x1CCB, 0x2E30, 0x2E0F, 0x2E0F, 0x2E0F, 0x2E0F, 0x2E0F,
  0x2E0F, 0x2E0F, 0x2E0F, 0x2E0F, 0x2E0F, 0x2E0F, 0x2E0F, 0x2E0F,
  0x2E0F, 0x2E0F, 0x2E91, 0xF81F, 0xF81F, 0xF81F, 0xF81F, 0xF81F,
  0xF81F, 0xF81F, 0xF81F, 0xF81F, 0xF81F, 0xF81F, 0x0B86, 0x0B87,
  0x0B87, 0x0B87, 0x0B87, 0x0B87, 0x0B87, 0x0B87, 0x0B87, 0x0B87,
  0x0BC7, 0x13E8, 0x0BC8, 0x0BE8, 0x0BE8, 0x0BE8, 0x0BE8, 0x0BE8,
  0x0BE8, 0x0BE8, 0x13E8, 0x146A, 0x148A, 0x148A, 0x148A, 0x148A,
  0x148A, 0x1CCB, 0x2E30, 0x2E30, 0x2E30, 0x2E30, 0x2E30, 0x2E30,
  0x2E30, 0x2E30, 0x2E30, 0x2E30, 0x2E30, 0x2E30, 0x2E30, 0x2E30,
  0x2E30, 0x2E30, 0x2E91, 0xF81F, 0xF81F, 0xF81F, 0xF81F, 0xF81F,
  0xF81F, 0xF81F, 0xF81F, 0xF81F, 0xF81F, 0x0B87, 0x0BC7, 0x0BC7,
  0x0BC7, 0x0BC7, 0x0BC7, 0x0BC7, 0x0BC7, 0x0BC7, 0x0BC7, 0x0BC7,
  0x0B87, 0x0B66, 0x0B86, 0x0B86, 0x0B86, 0x0B86, 0x0B86, 0x0B86,
  0x0B86, 0x0B86, 0x0B66, 0x0BC7, 0x1449, 0x1449, 0x1449, 0x1449,
  0x1429, 0x148A, 0x25CE, 0x25AE, 0x25AE, 0x25AE, 0x25AE, 0x25AE,
  0x25AE, 0x25AE, 0x25AE, 0x25AE, 0x25AE, 0x25AE, 0x25AE, 0x25AE,
  0x25AE, 0x25AE, 0x262F, 0xF81F, 0xF81F, 0xF81F, 0xF81F, 0xF81F,
  0xF81F, 0xF81F, 0xF81F, 0xF81F, 0xF81F, 0x0BC7, 0x0B86, 0x0B86,
  0x0B86, 0x0B86, 0x0B86, 0x0B86, 0x0B86, 0x0B86, 0x0B86, 0x0B86,
  0x0B87, 0x0B87, 0x0B87, 0x0B87, 0x0B87, 0x0B87, 0x0B87, 0x0B87,
  0x0B87, 0x0B87, 0x0B87, 0x0B87, 0x0BE8, 0x0BE8, 0x0BE8, 0x0BE8,
  0x0BE8, 0x0C29, 0x1D6C, 0x1D4C, 0x1D4C, 0x1D4C, 0x1D4C, 0x1D4C,
  0x1D4C, 0x1D4C, 0x1D4C, 0x1D4C, 0x1D4C, 0x1D4C, 0x1D4C, 0x1D4C,
  0x1D4C, 0x1D4C, 0x1DAD, 0xF81F, 0xF81F, 0xF81F, 0xF81F, 0xF81F,
  0xF81F, 0xF81F, 0xF81F, 0xF81F, 0xF81F, 0x0BC7, 0x0B87, 0x0B87,
  0x0B87, 0x0B87, 0x0B87, 0x0B87, 0x0B87, 0x0B87, 0x0B87, 0x0B87,
  0x0B87, 0x0B87, 0x0B87, 0x0B87, 0x0B87, 0x0B87, 0x0B87, 0x0B87,
  0x0B87, 0x0B87, 0x0B87, 0x0B87, 0x0BE8, 0x0C08, 0x0C08, 0x0C08,
  0x0BE8, 0x0C49, 0x1D6C, 0x1D6C, 0x1D6C, 0x1D6C, 0x1D6C, 0x1D6C,
  0x1D6C, 0x1D6C, 0x1D6C, 0x1D6C, 0x1D6C, 0x1D6C, 0x1D6C, 0x1D6C,
  0x1D6C, 0x1D6C, 0x1DCD, 0xF81F, 0xF81F, 0xF81F, 0xF81F, 0xF81F,
  0xF81F, 0xF81F, 0xF81F, 0xF81F, 0xF81F, 0x0BC7, 0x0B87, 0x0B87,
  0x0B87, 0x0B87, 0x0B87, 0x0B87, 0x0B87, 0x0B87, 0x0B87, 0x0B87,
  0x0B87, 0x0B87, 0x0B87, 0x0B87, 0x0B87, 0x0B87, 0x0B87, 0x0B87,
  0x0B87, 0x0B87, 0x0B87, 0x0B87, 0x0BE8, 0x0C08, 0x0C08, 0x0C08,
  0x0BE8, 0x0C49, 0x1D6C, 0x1D6C, 0x1D6C, 0x1D6C, 0x1D6C, 0x1D6C,
  0x1D6C, 0x1D6C, 0x1D6C, 0x1D6C, 0x1D6C, 0x1D6C, 0x1D6C, 0x1D6C,
  0x1D6C, 0x1D6C, 0x1DCD, 0xF81F, 0xF81F, 0xF81F, 0xF81F, 0xF81F,
  0xF81F, 0xF81F, 0xF81F, 0xF81F, 0xF81F, 0x0BC7, 0x0B87, 0x0B87,
  0x0B87, 0x0B87, 0x0B87, 0x0B86, 0x0366, 0x0366, 0x0366, 0x0B87,
  0x0B87, 0x0B87, 0x0366, 0x0366, 0x0366, 0x0B87, 0x0B87, 0x0B87,
  0x0B87, 0x0B87, 0x0B87, 0x0B87, 0x0BE8, 0x0C08, 0x0C08, 0x0C08,
  0x0BE8, 0x0C49, 0x1D6C, 0x1D6C, 0x1D6C, 0x1D6C, 0x1D6C, 0x1D6C,
  0x1D6C, 0x1D6C, 0x1D6C, 0x1D6C, 0x1D6C, 0x1D6C, 0x1D6C, 0x1D6C,
  0x1D6C, 0x1D6C, 0x1DCD, 0xF81F, 0xF81F, 0xF81F, 0xF81F, 0xF81F,
  0xF81F, 0xF81F, 0xF81F, 0xF81F, 0xF81F, 0x0BC7, 0x0B87, 0x0B87,
  0x0B87, 0x0B87, 0x0365, 0x4CCD, 0xD73B, 0xD73B, 0x6530, 0x0345,
  0x13A7, 0x0345, 0x54CE, 0xD73B, 0xD73B, 0x3C6C, 0x0366, 0x0B87,
  0x0B87, 0x0B87, 0x0B87, 0x0B87, 0x0BE8, 0x0C08, 0x0C08, 0x0C08,
  0x0BE8, 0x0C49, 0x1D6C, 0x1D6C, 0x1D6C, 0x1D6C, 0x1D6C, 0x1D6C,
  0x1D6C, 0x1D6C, 0x1D6C, 0x1D6C, 0x1D6C, 0x1D6C, 0x1D6C, 0x1D6C,
  0x1D6C, 0x1D6C, 0x1DCD, 0xF81F, 0xF81F, 0xF81F, 0xF81F, 0xF81F,
  0xF81F, 0xF81F, 0xF81F, 0xF81F, 0xF81F, 0x0BC7, 0x0B87, 0x0B87,
  0x0B87, 0x0B87, 0x0B86, 0x0BA7, 0xCF1A, 0xFFFF, 0xDF5C, 0x1BC8,
  0x0B86, 0x13A7, 0xD73B, 0xFFFF, 0xB698, 0x0366, 0x0B87, 0x0B87,
  0x0B87, 0x0B87, 0x0B87, 0x0B87, 0x0BE8, 0x0C08, 0x0C08, 0x0C08,
  0x0BE8, 0x0C49, 0x1D6C, 0x1D6C, 0x1D6C, 0x1D6C, 0x1D6C, 0x1D6C,
  0x1D6C, 0x1D6C, 0x1D6C, 0x1D6C, 0x1D6C, 0x1D6C, 0x1D6C, 0x1D6C,
  0x1D6C, 0x1D6C, 0x1DCD, 0xF81F, 0xF81F, 0xF81F, 0xF81F, 0xF81F,
  0xF81F, 0xF81F, 0xF81F, 0xF81F, 0xF81F, 0x0BC7, 0x0B87, 0x0B87,
  0x0B87, 0x0B87, 0x0BA7, 0x0345, 0x448C, 0xF7DE, 0xFFFF, 0x7D92,
  0x0303, 0x7571, 0xFFFF, 0xEF9D, 0x2409, 0x0366, 0x0B87, 0x0B87,
  0x0B87, 0x0B87, 0x0B87, 0x0B87, 0x0BE8, 0x0C08, 0x0C08, 0x0C08,
  0x0BE8, 0x0C49, 0x1D6C, 0x1D6C, 0x1D6C, 0x1D6C, 0x1D6C, 0x1D6C,
  0x1D6C, 0x1D6C, 0x1D6C, 0x1D6C, 0x1D6C, 0x1D6C, 0x1D6C, 0x1D6C,
  0x1D6C, 0x1D6C, 0x1DCD, 0xF81F, 0xF81F, 0xF81F, 0xF81F, 0xF81F,
  0xF81F, 0xF81F, 0xF81F, 0xF81F, 0xF81F, 0x0BC7, 0x0B87, 0x0B87,
  0x0B87, 0x0B87, 0x0B87, 0x0BA7, 0x0345, 0x9E35, 0xFFFF, 0xDF5C,
  0x2C2A, 0xDF5C, 0xFFFF, 0x7571, 0x0345, 0x13A7, 0x0B87, 0x0B87,
  0x0B87, 0x0B87, 0x0B87, 0x0B87, 0x0BE8, 0x0C08, 0x0C08, 0x0C08,
  0x0BE8, 0x0C49, 0x1D6C, 0x1D6C, 0x1D6C, 0x1D6C, 0x1D6C, 0x1D6C,
  0x1D6C, 0x1D6C, 0x1D6C, 0x1D6C, 0x1D6C, 0x1D6C, 0x1D6C, 0x1D6C,
  0x1D6C, 0x1D6C, 0x1DCD, 0xF81F, 0xF81F, 0xF81F, 0xF81F, 0xF81F,
  0xF81F, 0xF81F, 0xF81F, 0xF81F, 0xF81F, 0x0BC7, 0x0B87, 0x0B87,
  0x0B87, 0x0B87, 0x0B87, 0x0B87, 0x0366, 0x2409, 0xEFBE, 0xFFFF,
  0xD75B, 0xFFFF, 0xCF1A, 0x0B87, 0x0B87, 0x0B87, 0x0B87, 0x0B87,
  0x0B87, 0x0B87, 0x0B87, 0x0B87, 0x0C08, 0x0C08, 0x0C08, 0x0C08,
  0x0BE8, 0x0C49, 0x1D6C, 0x1D6C, 0x1D6C, 0x1D6C, 0x1D6C, 0x1D6C,
  0x1D6C, 0x1D6C, 0x1D6C, 0x1D6C, 0x1D6C, 0x1D6C, 0x1D6C, 0x1D6C,
  0x1D6C, 0x1D6C, 0x1DCD, 0xF81F, 0xF81F, 0xF81F, 0xF81F, 0xF81F,
  0xF81F, 0xF81F, 0xF81F, 0xF81F, 0xF81F, 0x0BC7, 0x0B87, 0x0B87,
  0x0B87, 0x0B87, 0x0B87, 0x0B87, 0x0BA7, 0x0345, 0x7571, 0xFFFF,
  0xFFFF, 0xF7DF, 0x3C6C, 0x0366, 0x0BA7, 0x0B87, 0x0B87, 0x0B87,
  0x0B87, 0x0B87, 0x0B87, 0x0B87, 0x0BE8, 0x0BE8, 0x0BE8, 0x0BE8,
  0x0BC8, 0x0C29, 0x1D6C, 0x1D4C, 0x1D4C, 0x1D4C, 0x1D4C, 0x1D4C,
  0x1D4C, 0x1D4C, 0x1D4C, 0x1D4C, 0x1D4C, 0x1D4C, 0x1D4C, 0x1D4C,
  0x1D4C, 0x1D4C, 0x1DCD, 0xF81F, 0xF81F, 0xF81F, 0xF81F, 0xF81F,
  0xF81F, 0xF81F, 0xF81F, 0xF81F, 0xF81F, 0x0BC7, 0x0B87, 0x0B87,
  0x0B87, 0x0B87, 0x0B87, 0x0B87, 0x0BA7, 0x0345, 0x7DB2, 0xFFFF,
  0xFFFF, 0xF7DF, 0x448C, 0x0366, 0x0BA7, 0x0B87, 0x0B87, 0x0B87,
  0x0B87, 0x0B87, 0x0B87, 0x0B86, 0x1245, 0x1245, 0x1245, 0x1245,
  0x1225, 0x12A6, 0x14CA, 0x14AA, 0x14AA, 0x14AA, 0x14AA, 0x14AA,
  0x14AA, 0x14AA, 0x14AA, 0x14AA, 0x14AA, 0x14AA, 0x14AA, 0x14AA,
  0x14AA, 0x14AA, 0x150B, 0xF81F, 0xF81F, 0xF81F, 0xF81F, 0xF81F,
  0xF81F, 0xF81F, 0xF81F, 0xF81F, 0xF81F, 0x0BC7, 0x0B87, 0x0B87,
  0x0B87, 0x0B87, 0x0B87, 0x0B87, 0x0366, 0x344B, 0xF7DF, 0xF7DE,
  0xBED9, 0xFFFF, 0xCF1A, 0x0B87, 0x0B86, 0x0B87, 0x0B87, 0x0B87,
  0x0B87, 0x0B87, 0x0B87, 0x0B86, 0x1245, 0x1225, 0x1225, 0x1225,
  0x1205, 0x12A6, 0x14CA, 0x14AA, 0x14AA, 0x14AA, 0x14AA, 0x14AA,
  0x14AA, 0x14AA, 0x14AA, 0x14AA, 0x14AA, 0x14AA, 0x14AA, 0x14AA,
  0x14AA, 0x14AA, 0x150B, 0xF81F, 0xF81F, 0xF81F, 0xF81F, 0xF81F,
  0xF81F, 0xF81F, 0xF81F, 0xF81F, 0xF81F, 0x0BC7, 0x0B87, 0x0B87,
  0x0B87, 0x0B87, 0x0B87, 0x0B87, 0x0B86, 0xBED9, 0xFFFF, 0xA676,
  0x13C8, 0xE79D, 0xFFFF, 0x7D92, 0x0345, 0x0BA7, 0x0B87, 0x0B87,
  0x0B87, 0x0B87, 0x0B87, 0x0B86, 0x1245, 0x1225, 0x1225, 0x1245,
  0x1225, 0x12A6, 0x14CA, 0x14AA, 0x14AA, 0x14AA, 0x14AA, 0x14AA,
  0x14AA, 0x14AA, 0x14AA, 0x14AA, 0x14AA, 0x14AA, 0x14AA, 0x14AA,
  0x14AA, 0x14AA, 0x150B, 0xF81F, 0xF81F, 0xF81F, 0xF81F, 0xF81F,
  0xF81F, 0xF81F, 0xF81F, 0xF81F, 0xF81F, 0x0BC7, 0x0B87, 0x0B87,
  0x0B87, 0x0B87, 0x0BA7, 0x0345, 0x6D50, 0xFFFF, 0xF7DE, 0x3C6C,
  0x0324, 0x7D92, 0xFFFF, 0xEFBE, 0x2C2A, 0x0366, 0x0B87, 0x0B87,
  0x0B87, 0x0B87, 0x0B87, 0x0B86, 0x1245, 0x1225, 0x1225, 0x1245,
  0x1225, 0x12A6, 0x14CA, 0x14AA, 0x14AA, 0x14AA, 0x14AA, 0x14AA,
  0x14AA, 0x14AA, 0x14AA, 0x14AA, 0x14AA, 0x14AA, 0x14AA, 0x14AA,
  0x14AA, 0x14AA, 0x150B, 0xF81F, 0xF81F, 0xF81F, 0xF81F, 0xF81F,
  0xF81F, 0xF81F, 0xF81F, 0xF81F, 0xF81F, 0x0BC7, 0x0B87, 0x0B87,
  0x0B87, 0x0B87, 0x0366, 0x344A, 0xF7BE, 0xFFFF, 0x9E36, 0x0365,
  0x0B87, 0x13A7, 0xDF5C, 0xFFFF, 0xBED9, 0x0B87, 0x0B87, 0x0B87,
  0x0B87, 0x0B87, 0x0B87, 0x0B86, 0x1245, 0x1225, 0x1225, 0x1245,
  0x1225, 0x12A6, 0x14CA, 0x14AA, 0x14AA, 0x14AA, 0x14AA, 0x14AA,
  0x14AA, 0x14AA, 0x14AA, 0x14AA, 0x14AA, 0x14AA, 0x14AA, 0x14AA,
  0x14AA, 0x14AA, 0x150B, 0xF81F, 0xF81F, 0xF81F, 0xF81F, 0xF81F,
  0xF81F, 0xF81F, 0xF81F, 0xF81F, 0xF81F, 0x0BC7, 0x0B87, 0x0B87,
  0x0B87, 0x0B87, 0x0366, 0x85D3, 0xDF5B, 0xCF1A, 0x2C2A, 0x0366,
  0x13A7, 0x0345, 0x5D0F, 0xD73B, 0xD75B, 0x4CAD, 0x0366, 0x0B87,
  0x0B87, 0x0B87, 0x0B87, 0x0B86, 0x1245, 0x1225, 0x1225, 0x1245,
  0x1225, 0x12A6, 0x14CA, 0x14AA, 0x14AA, 0x14AA, 0x14AA, 0x14AA,
  0x14AA, 0x14AA, 0x14AA, 0x14AA, 0x14AA, 0x14AA, 0x14AA, 0x14AA,
  0x14AA, 0x14AA, 0x150B, 0xF81F, 0xF81F, 0xF81F, 0xF81F, 0xF81F,
  0xF81F, 0xF81F, 0xF81F, 0xF81F, 0xF81F, 0x0BC7, 0x0B87, 0x0B87,
  0x0B87, 0x0B87, 0x0B87, 0x0B86, 0x0366, 0x0366, 0x0B86, 0x0B87,
  0x0B87, 0x0B87, 0x0366, 0x0366, 0x0366, 0x0B87, 0x0B87, 0x0B87,
  0x0B87, 0x0B87, 0x0B87, 0x0B86, 0x1245, 0x1225, 0x1225, 0x1245,
  0x1225, 0x12A6, 0x14CA, 0x14AA, 0x14AA, 0x14AA, 0x14AA, 0x14AA,
  0x14AA, 0x14AA, 0x14AA, 0x14AA, 0x14AA, 0x14AA, 0x14AA, 0x14AA,
  0x14AA, 0x14AA, 0x150B, 0xF81F, 0xF81F, 0xF81F, 0xF81F, 0xF81F,
  0xF81F, 0xF81F, 0xF81F, 0xF81F, 0xF81F, 0x0BC7, 0x0B87, 0x0B87,
  0x0B87, 0x0B87, 0x0B87, 0x0B87, 0x0B87, 0x0B87, 0x0B87, 0x0B87,
  0x0B87, 0x0B87, 0x0B87, 0x0B87, 0x0B87, 0x0B87, 0x0B87, 0x0B87,
  0x0B87, 0x0B87, 0x0B87, 0x0B86, 0x1245, 0x1225, 0x1225, 0x1245,
  0x1225, 0x12A6, 0x14CA, 0x14AA, 0x14AA, 0x14AA, 0x14AA, 0x14AA,
  0x14AA, 0x14AA, 0x14AA, 0x14AA, 0x14AA, 0x14AA, 0x14AA, 0x14AA,
  0x14AA, 0x14AA, 0x150B, 0xF81F, 0xF81F, 0xF81F, 0xF81F, 0xF81F,
  0xF81F, 0xF81F, 0xF81F, 0xF81F, 0xF81F, 0x0BC7, 0x0B87, 0x0B87,
  0x0B87, 0x0B87, 0x0B87, 0x0B87, 0x0B87, 0x0B87, 0x0B87, 0x0B87,
  0x0B87, 0x0B87, 0x0B87, 0x0B87, 0x0B87, 0x0B87, 0x0B87, 0x0B87,
  0x0B87, 0x0B87, 0x0B87, 0x0B86, 0x1245, 0x1225, 0x1225, 0x1245,
  0x1225, 0x12A6, 0x14CA, 0x14AA, 0x14AA, 0x14AA, 0x14AA, 0x14AA,
  0x14AA, 0x14AA, 0x14AA, 0x14AA, 0x14AA, 0x14AA, 0x14AA, 0x14AA,
  0x14AA, 0x14AA, 0x150A, 0xF81F, 0xF81F, 0xF81F, 0xF81F, 0xF81F,
  0xF81F, 0xF81F, 0xF81F, 0xF81F, 0xF81F, 0x0BC7, 0x0B86, 0x0B86,
  0x0B86, 0x0B86, 0x0B86, 0x0B86, 0x0B86, 0x0B86, 0x0B86, 0x0B86,
  0x0B87, 0x0B87, 0x0B87, 0x0B87, 0x0B87, 0x0B87, 0x0B87, 0x0B87,
  0x0B87, 0x0B87, 0x0B87, 0x0B86, 0x1245, 0x1225, 0x1245, 0x1245,
  0x1225, 0x12A6, 0x14EA, 0x14CA, 0x14CA, 0x14CA, 0x14CA, 0x14CA,
  0x14CA, 0x14CA, 0x14CA, 0x14CA, 0x14CA, 0x14CA, 0x14CA, 0x14CA,
  0x14CA, 0x14CA, 0x152B, 0xF81F, 0xF81F, 0xF81F, 0xF81F, 0xF81F,
  0xF81F, 0xF81F, 0xF81F, 0xF81F, 0xF81F, 0x0B87, 0x0BC7, 0x0BC7,
  0x0BC7, 0x0BC7, 0x0BC7, 0x0BC7, 0x0BC7, 0x0BC7, 0x0BC7, 0x0BC7,
  0x0BA7, 0x0BA7, 0x0BA7, 0x0BA7, 0x0BA7, 0x0BA7, 0x0BA7, 0x0BA7,
  0x0BA7, 0x0BA7, 0x0BA7, 0x0B26, 0x1225, 0x1225, 0x1225, 0x1245,
  0x1225, 0x1A85, 0x1C09, 0x1C09, 0x1C09, 0x1C09, 0x1C09, 0x1C09,
  0x1C09, 0x1C09, 0x1C09, 0x1C09, 0x1C09, 0x1C09, 0x1C09, 0x1C09,
  0x1C09, 0x1C09, 0x1C29, 0xF81F, 0xF81F, 0xF81F, 0xF81F, 0xF81F,
  0xF81F, 0xF81F, 0xF81F, 0xF81F, 0xF81F, 0xF81F, 0x0B86, 0x0B87,
  0x0B87, 0x0B87, 0x0B87, 0x0B87, 0x0B87, 0x0B87, 0x0B87, 0x0B87,
  0x0B46, 0x1326, 0x1326, 0x1326, 0x1326, 0x1326, 0x1326, 0x1326,
  0x1326, 0x1326, 0x1306, 0x1265, 0x1A25, 0x1A25, 0x1A25, 0x1A25,
  0x1225, 0x1A65, 0x2B07, 0x2307, 0x2307, 0x2307, 0x2307, 0x2307,
  0x2307, 0x2307, 0x2307, 0x2307, 0x2307, 0x2307, 0x2307, 0x2307,
  0x2307, 0x2307, 0x2B48, 0xF81F, 0xF81F, 0xF81F, 0xF81F, 0xF81F,
  0xF81F, 0xF81F, 0xF81F, 0xF81F, 0xF81F, 0xF81F, 0xF81F, 0xF81F,
  0xF81F, 0xF81F, 0xF81F, 0xF81F, 0xF81F, 0xF81F, 0xF81F, 0xF81F,
  0x1A04, 0x1A45, 0x1A25, 0x1A25, 0x1A25, 0x1A25, 0x1A25, 0x1A25,
  0x1A25, 0x1A25, 0x1A25, 0x1A25, 0x1A45, 0x1A45, 0x1A45, 0x1A45,
  0x1225, 0x1A65, 0x2B48, 0x2328, 0x2328, 0x2328, 0x2328, 0x2328,
  0x2328, 0x2328, 0x2328, 0x2328, 0x2328, 0x2328, 0x2328, 0x2328,
  0x2328, 0x2328, 0x2B68, 0xF81F, 0xF81F, 0xF81F, 0xF81F, 0xF81F,
  0xF81F, 0xF81F, 0xF81F, 0xF81F, 0xF81F, 0xF81F, 0xF81F, 0xF81F,
  0xF81F, 0xF81F, 0xF81F, 0xF81F, 0xF81F, 0xF81F, 0xF81F, 0xF81F,
  0x1245, 0x1A65, 0x1A45, 0x1A45, 0x1A45, 0x1A45, 0x1A45, 0x1A45,
  0x1A45, 0x1A45, 0x1A45, 0x1A45, 0x1A45, 0x1A45, 0x1A45, 0x1A45,
  0x1225, 0x1A65, 0x2B28, 0x2327, 0x2327, 0x2327, 0x2327, 0x2327,
  0x2327, 0x2327, 0x2327, 0x2327, 0x2327, 0x2327, 0x2327, 0x2327,
  0x2327, 0x2327, 0x2B68, 0xF81F, 0xF81F, 0xF81F, 0xF81F, 0xF81F,
  0xF81F, 0xF81F, 0xF81F, 0xF81F, 0xF81F, 0xF81F, 0xF81F, 0xF81F,
  0xF81F, 0xF81F, 0xF81F, 0xF81F, 0xF81F, 0xF81F, 0xF81F, 0xF81F,
  0x1245, 0x1A65, 0x1A45, 0x1A45, 0x1A45, 0x1A45, 0x1A45, 0x1A45,
  0x1A45, 0x1A45, 0x1A45, 0x1A45, 0x1A45, 0x1A45, 0x1A45, 0x1A45,
  0x1225, 0x1A65, 0x2B28, 0x2327, 0x2327, 0x2327, 0x2327, 0x2327,
  0x2327, 0x2327, 0x2327, 0x2327, 0x2327, 0x2327, 0x2327, 0x2327,
  0x2327, 0x2327, 0x2B68, 0xF81F, 0xF81F, 0xF81F, 0xF81F, 0xF81F,
  0xF81F, 0xF81F, 0xF81F, 0xF81F, 0xF81F, 0xF81F, 0xF81F, 0xF81F,
  0xF81F, 0xF81F, 0xF81F, 0xF81F, 0xF81F, 0xF81F, 0xF81F, 0xF81F,
  0x1245, 0x1A65, 0x1A45, 0x1A45, 0x1A45, 0x1A45, 0x1A45, 0x1A45,
  0x1A45, 0x1A45, 0x1A45, 0x1A45, 0x1A45, 0x1A45, 0x1A45, 0x1A45,
  0x1225, 0x1A65, 0x2B28, 0x2327, 0x2327, 0x2327, 0x2327, 0x2327,
  0x2327, 0x2327, 0x2327, 0x2327, 0x2327, 0x2327, 0x2327, 0x2327,
  0x2327, 0x2327, 0x2B68, 0xF81F, 0xF81F, 0xF81F, 0xF81F, 0xF81F,
  0xF81F, 0xF81F, 0xF81F, 0xF81F, 0xF81F, 0xF81F, 0xF81F, 0xF81F,
  0xF81F, 0xF81F, 0xF81F, 0xF81F, 0xF81F, 0xF81F, 0xF81F, 0xF81F,
  0x1245, 0x1A65, 0x1A45, 0x1A45, 0x1A45, 0x1A45, 0x1A45, 0x1A45,
  0x1A45, 0x1A45, 0x1A45, 0x1A45, 0x1A45, 0x1A45, 0x1A45, 0x1A45,
  0x1225, 0x1A65, 0x2B28, 0x2327, 0x2327, 0x2327, 0x2327, 0x2327,
  0x2327, 0x2327, 0x2327, 0x2327, 0x2327, 0x2327, 0x2327, 0x2327,
  0x2327, 0x2327, 0x2B68, 0xF81F, 0xF81F, 0xF81F, 0xF81F, 0xF81F,
  0xF81F, 0xF81F, 0xF81F, 0xF81F, 0xF81F, 0xF81F, 0xF81F, 0xF81F,
  0xF81F, 0xF81F, 0xF81F, 0xF81F, 0xF81F, 0xF81F, 0xF81F, 0xF81F,
  0x1245, 0x1A65, 0x1A45, 0x1A45, 0x1A45, 0x1A45, 0x1A45, 0x1A45,
  0x1A45, 0x1A45, 0x1A45, 0x1A45, 0x1A45, 0x1A45, 0x1A45, 0x1A45,
  0x1225, 0x1A65, 0x2B28, 0x2327, 0x2327, 0x2327, 0x2327, 0x2327,
  0x2327, 0x2327, 0x2327, 0x2327, 0x2327, 0x2327, 0x2327, 0x2327,
  0x2327, 0x2327, 0x2B68, 0xF81F, 0xF81F, 0xF81F, 0xF81F, 0xF81F,
  0xF81F, 0xF81F, 0xF81F, 0xF81F, 0xF81F, 0xF81F, 0xF81F, 0xF81F,
  0xF81F, 0xF81F, 0xF81F, 0xF81F, 0xF81F, 0xF81F, 0xF81F, 0xF81F,
  0x1225, 0x1A65, 0x1A45, 0x1A45, 0x1A45, 0x1A45, 0x1A45, 0x1A45,
  0x1A45, 0x1A45, 0x1A45, 0x1A45, 0x1A45, 0x1A45, 0x1A45, 0x1A45,
  0x1225, 0x1A65, 0x2B28, 0x2327, 0x2327, 0x2327, 0x2327, 0x2327,
  0x2327, 0x2327, 0x2327, 0x2327, 0x2327, 0x2327, 0x2327, 0x2327,
  0x2327, 0x2327, 0x2B68, 0xF81F, 0xF81F, 0xF81F, 0xF81F, 0xF81F,
  0xF81F, 0xF81F, 0xF81F, 0xF81F, 0xF81F, 0xF81F, 0xF81F, 0xF81F,
  0xF81F, 0xF81F, 0xF81F, 0xF81F, 0xF81F, 0xF81F, 0xF81F, 0xF81F,
  0x1225, 0x1A65, 0x1A45, 0x1A45, 0x1A45, 0x1A45, 0x1A45, 0x1A45,
  0x1A45, 0x1A45, 0x1A45, 0x1A45, 0x1A45, 0x1A45, 0x1A45, 0x1A45,
  0x1245, 0x1A65, 0x2B48, 0x2B28, 0x2B28, 0x2B28, 0x2B28, 0x2B28,
  0x2B28, 0x2B28, 0x2B28, 0x2B28, 0x2B28, 0x2B28, 0x2B28, 0x2B28,
  0x2B28, 0x2B48, 0x2B48, 0xF81F, 0xF81F, 0xF81F, 0xF81F, 0xF81F,
  0xF81F, 0xF81F, 0xF81F, 0xF81F, 0xF81F, 0xF81F, 0xF81F, 0xF81F,
  0xF81F, 0xF81F, 0xF81F, 0xF81F, 0xF81F, 0xF81F, 0xF81F, 0xF81F,
  0xF81F, 0x1245, 0x1A45, 0x1A45, 0x1A45, 0x1A45, 0x1A45, 0x1A45,
  0x1A45, 0x1A45, 0x1A45, 0x1A45, 0x1A45, 0x1A45, 0x1A45, 0x1A45,
  0x1225, 0x1A65, 0x2328, 0x2327, 0x2327, 0x2327, 0x2327, 0x2327,
  0x2327, 0x2327, 0x2327, 0x2327, 0x2327, 0x2327, 0x2327, 0x2327,
  0x2327, 0x2328, 0x2327, 0xF81F, 0xF81F, 0xF81F, 0xF81F, 0xF81F,
  0xF81F, 0xF81F, 0xF81F, 0xF81F, 0xF81F, 0xF81F, 0xF81F, 0xF81F,
  0xF81F, 0xF81F, 0xF81F, 0xF81F, 0xF81F, 0xF81F, 0xF81F, 0xF81F,
  0xF81F, 0xF81F, 0xF81F, 0xF81F, 0xF81F, 0xF81F, 0xF81F, 0xF81F,
  0xF81F, 0xF81F, 0xF81F, 0xF81F, 0xF81F, 0xF81F, 0xF81F, 0xF81F,
  0xF81F, 0xF81F, 0xF81F, 0xF81F, 0xF81F, 0xF81F, 0xF81F, 0xF81F,
  0xF81F, 0xF81F, 0xF81F, 0xF81F, 0xF81F, 0xF81F, 0xF81F, 0xF81F,
  0xF81F, 0xF81F, 0xF81F, 0xF81F, 0xF81F, 0xF81F, 0xF81F, 0xF81F,
  0xF81F, 0xF81F, 0xF81F, 0xF81F, 0xF81F, 0xF81F, 0xF81F, 0xF81F,
  0xF81F, 0xF81F, 0xF81F, 0xF81F, 0xF81F, 0xF81F, 0xF81F, 0xF81F,
  0xF81F, 0xF81F, 0xF81F, 0xF81F, 0xF81F, 0xF81F, 0xF81F, 0xF81F,
  0xF81F, 0xF81F, 0xF81F, 0xF81F, 0xF81F, 0xF81F, 0xF81F, 0xF81F,
  0xF81F, 0xF81F, 0xF81F, 0xF81F, 0xF81F, 0xF81F, 0xF81F, 0xF81F,
  0xF81F, 0xF81F, 0xF81F, 0xF81F, 0xF81F, 0xF81F, 0xF81F, 0xF81F,
  0xF81F, 0xF81F, 0xF81F, 0xF81F, 0xF81F, 0xF81F, 0xF81F, 0xF81F,
  0xF81F, 0xF81F, 0xF81F, 0xF81F, 0xF81F, 0xF81F, 0xF81F, 0xF81F,
  0xF81F, 0xF81F, 0xF81F, 0xF81F, 0xF81F, 0xF81F, 0xF81F, 0xF81F,
  0xF81F, 0xF81F, 0xF81F, 0xF81F, 0xF81F, 0xF81F, 0xF81F, 0xF81F,
  0xF81F, 0xF81F, 0xF81F, 0xF81F, 0xF81F, 0xF81F, 0xF81F, 0xF81F,
  0xF81F, 0xF81F, 0xF81F, 0xF81F, 0xF81F, 0xF81F, 0xF81F, 0xF81F,
  0xF81F, 0xF81F, 0xF81F, 0xF81F, 0xF81F, 0xF81F, 0xF81F, 0xF81F,
  0xF81F, 0xF81F, 0xF81F, 0xF81F, 0xF81F, 0xF81F, 0xF81F, 0xF81F,
  0xF81F, 0xF81F, 0xF81F, 0xF81F, 0xF81F, 0xF81F, 0xF81F, 0xF81F,
  0xF81F, 0xF81F, 0xF81F, 0xF81F, 0xF81F, 0xF81F, 0xF81F, 0xF81F,
  0xF81F, 0xF81F, 0xF81F, 0xF81F, 0xF81F, 0xF81F, 0xF81F, 0xF81F,
  0xF81F, 0xF81F, 0xF81F, 0xF81F, 0xF81F, 0xF81F, 0xF81F, 0xF81F,
  0xF81F, 0xF81F, 0xF81F, 0xF81F, 0xF81F, 0xF81F, 0xF81F, 0xF81F,
  0xF81F, 0xF81F, 0xF81F, 0xF81F, 0xF81F, 0xF81F, 0xF81F, 0xF81F,
  0xF81F, 0xF81F, 0xF81F, 0xF81F, 0xF81F, 0xF81F, 0xF81F, 0xF81F,
  0xF81F, 0xF81F, 0xF81F, 0xF81F, 0xF81F, 0xF81F, 0xF81F, 0xF81F,
  0xF81F, 0xF81F, 0xF81F, 0xF81F, 0xF81F, 0xF81F, 0xF81F, 0xF81F,
  0xF81F, 0xF81F, 0xF81F, 0xF81F, 0xF81F, 0xF81F, 0xF81F, 0xF81F,
  0xF81F, 0xF81F, 0xF81F, 0xF81F, 0xF81F, 0xF81F, 0xF81F, 0xF81F,
  0xF81F, 0xF81F, 0xF81F, 0xF81F, 0xF81F, 0xF81F, 0xF81F, 0xF81F,
  0xF81F, 0xF81F, 0xF81F, 0xF81F, 0xF81F, 0xF81F, 0xF81F, 0xF81F,
  0xF81F, 0xF81F, 0xF81F, 0xF81F, 0xF81F, 0xF81F, 0xF81F, 0xF81F,
  0xF81F, 0xF81F, 0xF81F, 0xF81F, 0xF81F, 0xF81F, 0xF81F, 0xF81F,
  0xF81F, 0xF81F, 0xF81F, 0xF81F, 0xF81F, 0xF81F, 0xF81F, 0xF81F,
  0xF81F, 0xF81F, 0xF81F, 0xF81F, 0xF81F, 0xF81F, 0xF81F, 0xF81F,
  0xF81F, 0xF81F, 0xF81F, 0xF81F, 0xF81F, 0xF81F, 0xF81F, 0xF81F,
  0xF81F, 0xF81F, 0xF81F, 0xF81F, 0xF81F, 0xF81F, 0xF81F, 0xF81F,
  0xF81F, 0xF81F, 0xF81F, 0xF81F, 0xF81F, 0xF81F, 0xF81F, 0xF81F,
  0xF81F, 0xF81F, 0xF81F, 0xF81F, 0xF81F, 0xF81F, 0xF81F, 0xF81F,
  0xF81F, 0xF81F, 0xF81F, 0xF81F, 0xF81F, 0xF81F, 0xF81F, 0xF81F,
  0xF81F, 0xF81F, 0xF81F, 0xF81F, 0xF81F, 0xF81F, 0xF81F, 0xF81F,
  0xF81F, 0xF81F, 0xF81F, 0xF81F, 0xF81F, 0xF81F, 0xF81F, 0xF81F,
  0xF81F, 0xF81F, 0xF81F, 0xF81F, 0xF81F, 0xF81F, 0xF81F, 0xF81F,
  0xF81F, 0xF81F, 0xF81F, 0xF81F, 0xF81F, 0xF81F, 0xF81F, 0xF81F,
  0xF81F, 0xF81F, 0xF81F, 0xF81F, 0xF81F, 0xF81F, 0xF81F, 0xF81F,
  0xF81F, 0xF81F, 0xF81F, 0xF81F, 0xF81F, 0xF81F, 0xF81F, 0xF81F,
};

// 56x56 RGB565
const uint16_t icon_powerpoint[3136] PROGMEM = {
  0xF81F, 0xF81F, 0xF81F, 0xF81F, 0xF81F, 0xF81F, 0xF81F, 0xF81F,
  0xF81F, 0xF81F, 0xF81F, 0xF81F, 0xF81F, 0xF81F, 0xF81F, 0xF81F,
  0xF81F, 0xF81F, 0xF81F, 0xF81F, 0xF81F, 0xF81F, 0xF81F, 0xF81F,
  0xF81F, 0xF81F, 0xF81F, 0xF81F, 0xF81F, 0xF81F, 0xF81F, 0xF81F,
  0xF81F, 0xF81F, 0xF81F, 0xF81F, 0xF81F, 0xF81F, 0xF81F, 0xF81F,
  0xF81F, 0xF81F, 0xF81F, 0xF81F, 0xF81F, 0xF81F, 0xF81F, 0xF81F,
  0xF81F, 0xF81F, 0xF81F, 0xF81F, 0xF81F, 0xF81F, 0xF81F, 0xF81F,
  0xF81F, 0xF81F, 0xF81F, 0xF81F, 0xF81F, 0xF81F, 0xF81F, 0xF81F,
  0xF81F, 0xF81F, 0xF81F, 0xF81F, 0xF81F, 0xF81F, 0xF81F, 0xF81F,
  0xF81F, 0xF81F, 0xF81F, 0xF81F, 0xF81F, 0xF81F, 0xF81F, 0xF81F,
  0xF81F, 0xF81F, 0xF81F, 0xF81F, 0xF81F, 0xF81F, 0xF81F, 0xF81F,
  0xF81F, 0xF81F, 0xF81F, 0xF81F, 0xF81F, 0xF81F, 0xF81F, 0xF81F,
  0xF81F, 0xF81F, 0xF81F, 0xF81F, 0xF81F, 0xF81F, 0xF81F, 0xF81F,
  0xF81F, 0xF81F, 0xF81F, 0xF81F, 0xF81F, 0xF81F, 0xF81F, 0xF81F,
  0xF81F, 0xF81F, 0xF81F, 0xF81F, 0xF81F, 0xF81F, 0xF81F, 0xF81F,
  0xF81F, 0xF81F, 0xF81F, 0xF81F, 0xF81F, 0xF81F, 0xF81F, 0xF81F,
  0xF81F, 0xF81F, 0xF81F, 0xF81F, 0xF81F, 0xF81F, 0xF81F, 0xF81F,
  0xF81F, 0xF81F, 0xF81F, 0xF81F, 0xF81F, 0xF81F, 0xF81F, 0xF81F,
  0xF81F, 0xF81F, 0xF81F, 0xF81F, 0xF81F, 0xF81F, 0xF81F, 0xF81F,
  0xF81F, 0xF81F, 0xF81F, 0xF81F, 0xF81F, 0xF81F, 0xF81F, 0xF81F,
  0xF81F, 0xF81F, 0xF81F, 0xF81F, 0xF81F, 0xF81F, 0xF81F, 0xF81F,
  0xF81F, 0xF81F, 0xF81F, 0xF81F, 0xF81F, 0xF81F, 0xF81F, 0xF81F,
  0xF81F, 0xF81F, 0xF81F, 0xF81F, 0xF81F, 0xF81F, 0xF81F, 0xF81F,
  0xF81F, 0xF81F, 0xF81F, 0xF81F, 0xF81F, 0xF81F, 0xF81F, 0xF81F,
  0xF81F, 0xF81F, 0xF81F, 0xF81F, 0xF81F, 0xF81F, 0xF81F, 0xF81F,
  0xF81F, 0xF81F, 0xF81F, 0xF81F, 0xF81F, 0xF81F, 0xF81F, 0xF81F,
  0xF81F, 0xF81F, 0xF81F, 0xF81F, 0xF81F, 0xF81F, 0xF81F, 0xF81F,
  0xF81F, 0xF81F, 0xF81F, 0xF81F, 0xF81F, 0xF81F, 0xF81F, 0xF81F,
  0xF81F, 0xF81F, 0xF81F, 0xF81F, 0xF81F, 0xF81F, 0xF81F, 0xF81F,
  0xF81F, 0xF81F, 0xF81F, 0xF81F, 0xF81F, 0xF81F, 0xF81F, 0xF81F,
  0xF81F, 0xF81F, 0xF81F, 0xF81F, 0xF81F, 0xF81F, 0xF81F, 0xF81F,
  0xF81F, 0xF81F, 0xF81F, 0xF81F, 0xF81F, 0xF81F, 0xF81F, 0xF81F,
  0xF81F, 0xF81F, 0xF81F, 0xF81F, 0xF81F, 0xF81F, 0xF81F, 0xF81F,
  0xF81F, 0xF81F, 0xF81F, 0xF81F, 0xF81F, 0xF81F, 0xF81F, 0xF81F,
  0xF81F, 0xF81F, 0xF81F, 0xF81F, 0xF81F, 0xF81F, 0xF81F, 0xF81F,
  0xF81F, 0xF81F, 0xF81F, 0xF81F, 0xF81F, 0xF81F, 0xF81F, 0xF81F,
  0xF81F, 0xF81F, 0xF81F, 0xF81F, 0xF81F, 0xF81F, 0xF81F, 0xF81F,
  0xF81F, 0xF81F, 0xF81F, 0xF81F, 0xF81F, 0xF81F, 0xF81F, 0xF81F,
  0xF81F, 0xF81F, 0xF81F, 0xF81F, 0xF81F, 0xF81F, 0xF81F, 0xF81F,
  0xF81F, 0xF81F, 0xF81F, 0xF81F, 0xF81F, 0xF81F, 0xF81F, 0xF81F,
  0xF81F, 0xF81F, 0xF81F, 0xF81F, 0xF81F, 0xF81F, 0xF81F, 0xF81F,
  0xF81F, 0xF81F, 0xF81F, 0xF81F, 0xF81F, 0xF81F, 0xF81F, 0xF81F,
  0xF81F, 0xF81F, 0xF81F, 0xF81F, 0xF81F, 0xF81F, 0xF81F, 0xF81F,
  0xF81F, 0xF81F, 0xF81F, 0xF81F, 0xF81F, 0xF81F, 0xF81F, 0xF81F,
  0xF81F, 0xF81F, 0xF81F, 0xF81F, 0xF81F, 0xF81F, 0xF81F, 0xF81F,
  0xF81F, 0xF81F, 0xF81F, 0xF81F, 0xF81F, 0xF81F, 0xF81F, 0xF81F,
  0xF81F, 0xF81F, 0xF81F, 0xF81F, 0xF81F, 0xF81F, 0xF81F, 0xF81F,
  0xF81F, 0xF81F, 0xF81F, 0xF81F, 0xF81F, 0xF81F, 0xF81F, 0xF81F,
  0xF81F, 0xF81F, 0xF81F, 0xF81F, 0xF81F, 0xF81F, 0xF81F, 0xF81F,
  0xF81F, 0xF81F, 0xF81F, 0xF81F, 0xF81F, 0xF81F, 0xF81F, 0xF81F,
  0xF81F, 0xF81F, 0xF81F, 0xF81F, 0xF81F, 0xF81F, 0xF81F, 0xF81F,
  0xF81F, 0xF81F, 0xF81F, 0xF81F, 0xF81F, 0xF81F, 0xF81F, 0xF81F,
  0xF81F, 0xF81F, 0xC308, 0xC308, 0xBB28, 0xBAE8, 0xE46C, 0xFD2F,
  0xF50E, 0xF50F, 0xFD0F, 0xF81F, 0xF81F, 0xF81F, 0xF81F, 0xF81F,
  0xF81F, 0xF81F, 0xF81F, 0xF81F, 0xF81F, 0xF81F, 0xF81F, 0xF81F,
  0xF81F, 0xF81F, 0xF81F, 0xF81F, 0xF81F, 0xF81F, 0xF81F, 0xF81F,
  0xF81F, 0xF81F, 0xF81F, 0xF81F, 0xF81F, 0xF81F, 0xF81F, 0xF81F,
  0xF81F, 0xF81F, 0xF81F, 0xF81F, 0xF81F, 0xF81F, 0xF81F, 0xF81F,
  0xF81F, 0xF81F, 0xF81F, 0xF81F, 0xF81F, 0xF81F, 0xF81F, 0xC308,
  0xC308, 0xCB49, 0xCB49, 0xCB29, 0xC329, 0xC308, 0xEC6D, 0xFD4F,
  0xFD2F, 0xFD4F, 0xFD70, 0xFD4F, 0xFD2F, 0xF50E, 0xF81F, 0xF81F,
  0xF81F, 0xF81F, 0xF81F, 0xF81F, 0xF81F, 0xF81F, 0xF81F, 0xF81F,
  0xF81F, 0xF81F, 0xF81F, 0xF81F, 0xF81F, 0xF81F, 0xF81F, 0xF81F,
  0xF81F, 0xF81F, 0xF81F, 0xF81F, 0xF81F, 0xF81F, 0xF81F, 0xF81F,
  0xF81F, 0xF81F, 0xF81F, 0xF81F, 0xF81F, 0xF81F, 0xF81F, 0xF81F,
  0xF81F, 0xF81F, 0xF81F, 0xF81F, 0xC308, 0xC328, 0xCB49, 0xC329,
  0xC328, 0xC308, 0xBB08, 0xBB08, 0xC308, 0xBAE8, 0xE46D, 0xFD2F,
  0xF50E, 0xF50F, 0xF50E, 0xF50F, 0xFD2F, 0xFD4F, 0xFD4F, 0xFD2F,
  0xF81F, 0xF81F, 0xF81F, 0xF81F, 0xF81F, 0xF81F, 0xF81F, 0xF81F,
  0xF81F, 0xF81F, 0xF81F, 0xF81F, 0xF81F, 0xF81F, 0xF81F, 0xF81F,
  0xF81F, 0xF81F, 0xF81F, 0xF81F, 0xF81F, 0xF81F, 0xF81F, 0xF81F,
  0xF81F, 0xF81F, 0xF81F, 0xF81F, 0xF81F, 0xF81F, 0xF81F, 0xF81F,
  0xF81F, 0xF81F, 0xF81F, 0xC328, 0xCB49, 0xC328, 0xBB08, 0xBB08,
  0xBB08, 0xC308, 0xC308, 0xC308, 0xC328, 0xBAE8, 0xE46D, 0xFD2F,
  0xF50E, 0xF50F, 0xF50F, 0xF50F, 0xF50E, 0xF50F, 0xF50F, 0xFD4F,
  0xFD4F, 0xFD2F, 0xF81F, 0xF81F, 0xF81F, 0xF81F, 0xF81F, 0xF81F,
  0xF81F, 0xF81F, 0xF81F, 0xF81F, 0xF81F, 0xF81F, 0xF81F, 0xF81F,
  0xF81F, 0xF81F, 0xF81F, 0xF81F, 0xF81F, 0xF81F, 0xF81F, 0xF81F,
  0xF81F, 0xF81F, 0xF81F, 0xF81F, 0xF81F, 0xF81F, 0xF81F, 0xF81F,
  0xF81F, 0xC308, 0xC329, 0xC329, 0xBB08, 0xBB08, 0xC308, 0xC308,
  0xC308, 0xC308, 0xC308, 0xC308, 0xC328, 0xBAE8, 0xE46D, 0xFD2F,
  0xF50E, 0xF50F, 0xF50F, 0xF50F, 0xF50F, 0xF50F, 0xF50F, 0xF50E,
  0xF50E, 0xFD4F, 0xFD2F, 0xF81F, 0xF81F, 0xF81F, 0xF81F, 0xF81F,
  0xF81F, 0xF81F, 0xF81F, 0xF81F, 0xF81F, 0xF81F, 0xF81F, 0xF81F,
  0xF81F, 0xF81F, 0xF81F, 0xF81F, 0xF81F, 0xF81F, 0xF81F, 0xF81F,
  0xF81F, 0xF81F, 0xF81F, 0xF81F, 0xF81F, 0xF81F, 0xF81F, 0xF81F,
  0xC328, 0xCB49, 0xBB08, 0xBB08, 0xC308, 0xC308, 0xC308, 0xC308,
  0xC308, 0xC308, 0xC308, 0xC308, 0xC328, 0xBAE8, 0xE46D, 0xFD2F,
  0xF50E, 0xF50F, 0xF50F, 0xF50F, 0xF50F, 0xF50F, 0xF50F, 0xF50F,
  0xF50F, 0xF50E, 0xFD2F, 0xFD4F, 0xF81F, 0xF81F, 0xF81F, 0xF81F,
  0xF81F, 0xF81F, 0xF81F, 0xF81F, 0xF81F, 0xF81F, 0xF81F, 0xF81F,
  0xF81F, 0xF81F, 0xF81F, 0xF81F, 0xF81F, 0xF81F, 0xF81F, 0xF81F,
  0xF81F, 0xF81F, 0xF81F, 0xF81F, 0xF81F, 0xF81F, 0xF81F, 0xC328,
  0xCB49, 0xC308, 0xC308, 0xC308, 0xC308, 0xC308, 0xC308, 0xC308,
  0xC308, 0xC308, 0xC308, 0xC308, 0xC328, 0xBAE8, 0xE46D, 0xFD2F,
  0xF50E, 0xF50F, 0xF50F, 0xF50F, 0xF50F, 0xF50F, 0xF50F, 0xF50F,
  0xF50F, 0xF50F, 0xF50E, 0xF50F, 0xFD6F, 0xF81F, 0xF81F, 0xF81F,
  0xF81F, 0xF81F, 0xF81F, 0xF81F, 0xF81F, 0xF81F, 0xF81F, 0xF81F,
  0xF81F, 0xF81F, 0xF81F, 0xF81F, 0xF81F, 0xF81F, 0xF81F, 0xF81F,
  0xF81F, 0xF81F, 0xF81F, 0xF81F, 0xF81F, 0xF81F, 0xBB08, 0xCB49,
  0xBB08, 0xBB08, 0xBB08, 0xBB08, 0xBB08, 0xBB08, 0xBB08, 0xBB08,
  0xBB08, 0xBB08, 0xBB08, 0xC308, 0xC328, 0xBAE8, 0xE46D, 0xFD2F,
  0xF50E, 0xF50F, 0xF50F, 0xF50F, 0xF50F, 0xF50F, 0xF50F, 0xF50F,
  0xF50F, 0xF50F, 0xF50F, 0xF50E, 0xF50F, 0xFD4F, 0xF81F, 0xF81F,
  0xF81F, 0xF81F, 0xF81F, 0xF81F, 0xF81F, 0xF81F, 0xF81F, 0xF81F,
  0xF81F, 0xF81F, 0xF81F, 0xF81F, 0xF81F, 0xF81F, 0xF81F, 0xF81F,
  0xF81F, 0xF81F, 0xF81F, 0xF81F, 0xF81F, 0xC349, 0xD369, 0xC329,
  0xC329, 0xC329, 0xC329, 0xC329, 0xC329, 0xC329, 0xC329, 0xC329,
  0xC329, 0xC329, 0xC329, 0xC328, 0xC328, 0xBAE8, 0xE46D, 0xFD2F,
  0xF50E, 0xF50F, 0xF50F, 0xF50F, 0xF50F, 0xF50F, 0xF50F, 0xF50F,
  0xF50F, 0xF50F, 0xF50F, 0xF50F, 0xF50E, 0xFD2F, 0xFD2F, 0xF81F,
  0xF81F, 0xF81F, 0xF81F, 0xF81F, 0xF81F, 0xF81F, 0xF81F, 0xF81F,
  0xF81F, 0xF81F, 0xF81F, 0xF81F, 0xF81F, 0xF81F, 0x99A4, 0x9983,
  0x99A3, 0x9983, 0x9983, 0x9983, 0x99A4, 0xA205, 0xAA25, 0xA205,
  0xA205, 0xA205, 0xA205, 0xA205, 0xA205, 0xA205, 0xA205, 0xA205,
  0xA205, 0xA205, 0xAA25, 0xBAE8, 0xC329, 0xBAE8, 0xE46D, 0xFD2F,
  0xF50E, 0xF50F, 0xF50F, 0xF50F, 0xF50F, 0xF50F, 0xF50F, 0xF50F,
  0xF50F, 0xF50F, 0xF50F, 0xF50F, 0xF50F, 0xF50F, 0xFD4F, 0xF50F,
  0xF81F, 0xF81F, 0xF81F, 0xF81F, 0xF81F, 0xF81F, 0xF81F, 0xF81F,
  0xF81F, 0xF81F, 0xF81F, 0xF81F, 0xF81F, 0x99A3, 0xA1C4, 0xA1C4,
  0xA1C4, 0xA1C4, 0xA1C4, 0xA1C4, 0xA1A4, 0x9983, 0x9983, 0x9983,
  0x9983, 0x9983, 0x9983, 0x9983, 0x9983, 0x9983, 0x9983, 0x9983,
  0x9983, 0x9983, 0x9163, 0xA205, 0xC328, 0xBAE8, 0xE46D, 0xFD2F,
  0xF50E, 0xF50F, 0xF50F, 0xF50F, 0xF50F, 0xF50F, 0xF50F, 0xF50F,
  0xF50F, 0xF50F, 0xF50F, 0xF50F, 0xF50F, 0xF50F, 0xF50E, 0xFD6F,
  0xF81F, 0xF81F, 0xF81F, 0xF81F, 0xF81F, 0xF81F, 0xF81F, 0xF81F,
  0xF81F, 0xF81F, 0xF81F, 0xF81F, 0xF81F, 0xA1C4, 0x9983, 0x9983,
  0x9983, 0x9983, 0x9983, 0x9983, 0x9983, 0x99A3, 0x99A4, 0x99A4,
  0x99A4, 0x99A4, 0x99A4, 0x99A4, 0x99A4, 0x99A4, 0x99A4, 0x99A4,
  0x99A4, 0x99A4, 0x99A3, 0x99A4, 0xBB08, 0xBAE8, 0xE46D, 0xFD2F,
  0xF50E, 0xF50F, 0xF50F, 0xF50F, 0xF50F, 0xF50F, 0xF50F, 0xF50F,
  0xF50F, 0xF50F, 0xF50F, 0xF50F, 0xF50F, 0xF50F, 0xF50E, 0xFD2F,
  0xF50F, 0xF81F, 0xF81F, 0xF81F, 0xF81F, 0xF81F, 0xF81F, 0xF81F,
  0xF81F, 0xF81F, 0xF81F, 0xF81F, 0xF81F, 0xA1C4, 0x99A3, 0x99A3,
  0x99A3, 0x99A3, 0x99A3, 0x99A3, 0x99A3, 0x99A3, 0x99A3, 0x99A3,
  0x99A3, 0x99A3, 0x99A3, 0x99A3, 0x99A3, 0x99A3, 0x99A3, 0x99A3,
  0x99A3, 0x99A3, 0x9983, 0x99A4, 0xBB08, 0xBAE8, 0xE46D, 0xFD2F,
  0xF50E, 0xF50F, 0xF50F, 0xF50F, 0xF50F, 0xF50F, 0xF50F, 0xF50F,
  0xF50F, 0xF50F, 0xF50F, 0xF50F, 0xF50F, 0xF50F, 0xF50F, 0xF50E,
  0xFD4F, 0xF50E, 0xF81F, 0xF81F, 0xF81F, 0xF81F, 0xF81F, 0xF81F,
  0xF81F, 0xF81F, 0xF81F, 0xF81F, 0xF81F, 0xA1C4, 0x99A3, 0x99A3,
  0x99A3, 0x99A3, 0x99A3, 0x99A4, 0x99A4, 0x99A4, 0x99A4, 0x99A4,
  0x99A4, 0x99A4, 0x99A4, 0x99A4, 0x99A3, 0x99A3, 0x99A3, 0x99A3,
  0x99A3, 0x99A3, 0x9983, 0x99A4, 0xBB08, 0xBAE8, 0xE46D, 0xFD2F,
  0xF50E, 0xF50F, 0xF50F, 0xF50F, 0xF50F, 0xF50F, 0xF50F, 0xF50F,
  0xF50F, 0xF50F, 0xF50F, 0xF50F, 0xF50F, 0xF50F, 0xF50F, 0xF50E,
  0xFD2F, 0xF50E, 0xF81F, 0xF81F, 0xF81F, 0xF81F, 0xF81F, 0xF81F,
  0xF81F, 0xF81F, 0xF81F, 0xF81F, 0xF81F, 0xA1C4, 0x99A3, 0x99A3,
  0x99A3, 0x99A3, 0x99A4, 0x9983, 0x9162, 0x9962, 0x9162, 0x9162,
  0x9162, 0x9162, 0x9142, 0x9983, 0x99A4, 0x99A3, 0x99A3, 0x99A3,
  0x99A3, 0x99A3, 0x9983, 0x99A4, 0xBB08, 0xBAE8, 0xE46D, 0xFD2F,
  0xF50E, 0xF50F, 0xF50F, 0xF50F, 0xF50F, 0xF50F, 0xF50F, 0xF50F,
  0xF50F, 0xF50F, 0xF50F, 0xF50F, 0xF50F, 0xF50F, 0xF50F, 0xF50F,
  0xF50E, 0xFD4F, 0xF81F, 0xF81F, 0xF81F, 0xF81F, 0xF81F, 0xF81F,
  0xF81F, 0xF81F, 0xF81F, 0xF81F, 0xF81F, 0xA1C4, 0x99A3, 0x99A3,
  0x99A3, 0x99A4, 0x9142, 0xB34B, 0xEEFB, 0xEEDA, 0xF71B, 0xF71B,
  0xEEFB, 0xEE99, 0xCCD1, 0xA1E5, 0x9983, 0x99A4, 0x99A3, 0x99A3,
  0x99A3, 0x99A3, 0x9983, 0x99A4, 0xBB08, 0xBAE8, 0xE46D, 0xFD2F,
  0xF50E, 0xF50F, 0xF50F, 0xF50F, 0xF50F, 0xF50F, 0xF50F, 0xF50F,
  0xF50F, 0xF50F, 0xF50F, 0xF50F, 0xF50F, 0xF50F, 0xF50F, 0xF50F,
  0xF50F, 0xFD4F, 0xFD0E, 0xF81F, 0xF81F, 0xF81F, 0xF81F, 0xF81F,
  0xF81F, 0xF81F, 0xF81F, 0xF81F, 0xF81F, 0xA1C4, 0x99A3, 0x99A3,
  0x99A3, 0x99A4, 0x9121, 0xBBCD, 0xFFFF, 0xFFFF, 0xFFDF, 0xFFDF,
  0xFFFF, 0xFFFF, 0xFFFF, 0xE679, 0x99C4, 0x9983, 0x99A4, 0x99A3,
  0x99A3, 0x99A3, 0x9983, 0x99A4, 0xBB08, 0xBAE8, 0xE46D, 0xFD2F,
  0xF50E, 0xF50F, 0xF50F, 0xF50F, 0xF50F, 0xF50F, 0xF50F, 0xF50F,
  0xF50F, 0xF50F, 0xF50F, 0xF50F, 0xF50F, 0xF50F, 0xF50F, 0xF50F,
  0xF50F, 0xFD4F, 0xF50F, 0xF81F, 0xF81F, 0xF81F, 0xF81F, 0xF81F,
  0xF81F, 0xF81F, 0xF81F, 0xF81F, 0xF81F, 0xA1C4, 0x99A3, 0x99A3,
  0x99A3, 0x99A4, 0x9122, 0xBBAC, 0xFFFF, 0xFF9E, 0xAAA8, 0xA206,
  0xA246, 0xD4F2, 0xFFDF, 0xFFFF, 0xC42F, 0x9142, 0x99A4, 0x99A3,
  0x99A3, 0x99A3, 0x9983, 0x99A4, 0xBB08, 0xBAE8, 0xE46D, 0xFD2F,
  0xF50E, 0xF50F, 0xF50F, 0xF50F, 0xF50F, 0xF50F, 0xF50F, 0xF50F,
  0xF50F, 0xF50F, 0xF50F, 0xF50F, 0xF50F, 0xF50F, 0xF50F, 0xF50F,
  0xF50E, 0xFD2F, 0xF50E, 0xF81F, 0xF81F, 0xF81F, 0xF81F, 0xF81F,
  0xF81F, 0xF81F, 0xF81F, 0xF81F, 0xF81F, 0xA1C4, 0x99A3, 0x99A3,
  0x99A3, 0x99A4, 0x9122, 0xBBAC, 0xFFFF, 0xFF9E, 0xA205, 0x9963,
  0x9983, 0x9983, 0xF71B, 0xFFFF, 0xD574, 0x9163, 0x99A4, 0x99A3,
  0x99A3, 0x99A3, 0x9983, 0x99A4, 0xBB08, 0xBAE8, 0xE46D, 0xFD2F,
  0xF50E, 0xF50F, 0xF50F, 0xF50F, 0xF50F, 0xF50F, 0xF50F, 0xF50F,
  0xF50F, 0xF50F, 0xF50F, 0xF50F, 0xF50F, 0xF50F, 0xF50F, 0xF50F,
  0xF50F, 0xF50F, 0xF50F, 0xF81F, 0xF81F, 0xF81F, 0xF81F, 0xF81F,
  0xF81F, 0xF81F, 0xF81F, 0xF81F, 0xF81F, 0xA1C4, 0x99A3, 0x99A3,
  0x99A3, 0x99A4, 0x9122, 0xBBAC, 0xFFFF, 0xFF9E, 0xA1E5, 0x9162,
  0x9962, 0x99A4, 0xF73C, 0xFFFF, 0xD513, 0x9142, 0x99A4, 0x99A3,
  0x99A3, 0x99A3, 0x9983, 0x99A4, 0xBB08, 0xBAE8, 0xE46D, 0xFD2F,
  0xF50F, 0xF50F, 0xF50F, 0xF50F, 0xF50F, 0xF50F, 0xF50F, 0xF50F,
  0xF50F, 0xF50F, 0xF50F, 0xF50F, 0xF50F, 0xF50F, 0xF50F, 0xF50F,
  0xF50F, 0xF50F, 0xFD4F, 0xF81F, 0xF81F, 0xF81F, 0xF81F, 0xF81F,
  0xF81F, 0xF81F, 0xF81F, 0xF81F, 0xF81F, 0xA1C4, 0x99A3, 0x99A3,
  0x99A3, 0x99A4, 0x9122, 0xBBAD, 0xFFFF, 0xFFBE, 0xB2E9, 0xAA67,
  0xAAA8, 0xD554, 0xFFFF, 0xFFFF, 0xB32A, 0x9142, 0x99A4, 0x99A3,
  0x99A3, 0x99A3, 0x9983, 0x99A4, 0xC308, 0xBAE8, 0xE44C, 0xFD0E,
  0xF4EE, 0xF4EE, 0xF4EE, 0xF4EE, 0xF4EE, 0xF4EE, 0xF4EE, 0xF4EE,
  0xF4EE, 0xF4EE, 0xF4EE, 0xF4EE, 0xF4EE, 0xF4EE, 0xF4EE, 0xF4EE,
  0xF4EE, 0xF4EE, 0xFD2F, 0xF81F, 0xF81F, 0xF81F, 0xF81F, 0xF81F,
  0xF81F, 0xF81F, 0xF81F, 0xF81F, 0xF81F, 0xA1C4, 0x99A3, 0x99A3,
  0x99A3, 0x99A4, 0x9122, 0xBBAD, 0xFFFF, 0xFFDF, 0xFFFF, 0xFFFF,
  0xFFFF, 0xFFFF, 0xFFFF, 0xCCD2, 0x9162, 0x99A4, 0x99A3, 0x99A3,
  0x99A3, 0x99A3, 0x99A3, 0x99A4, 0xDA65, 0xDA65, 0xDA65, 0xDA86,
  0xDA86, 0xDA86, 0xDA86, 0xDA86, 0xDA86, 0xDA86, 0xDA86, 0xDA86,
  0xDA86, 0xDA86, 0xDA86, 0xDA86, 0xDA86, 0xDA86, 0xDA86, 0xDA86,
  0xDA86, 0xDA85, 0xEAA6, 0xF81F, 0xF81F, 0xF81F, 0xF81F, 0xF81F,
  0xF81F, 0xF81F, 0xF81F, 0xF81F, 0xF81F, 0xA1C4, 0x99A3, 0x99A3,
  0x99A3, 0x99A4, 0x9122, 0xBBAD, 0xFFFF, 0xFFDF, 0xEE99, 0xE679,
  0xE679, 0xDDB5, 0xB36B, 0x9962, 0x99A3, 0x99A3, 0x99A3, 0x99A3,
  0x99A3, 0x99A3, 0x99A3, 0x99A4, 0xDA45, 0xDA65, 0xDA45, 0xDA45,
  0xDA45, 0xDA45, 0xDA45, 0xDA45, 0xDA45, 0xDA45, 0xDA45, 0xDA45,
  0xDA45, 0xDA45, 0xDA45, 0xDA45, 0xDA45, 0xDA45, 0xDA45, 0xDA45,
  0xDA45, 0xDA45, 0xE265, 0xF81F, 0xF81F, 0xF81F, 0xF81F, 0xF81F,
  0xF81F, 0xF81F, 0xF81F, 0xF81F, 0xF81F, 0xA1C4, 0x99A3, 0x99A3,
  0x99A3, 0x99A4, 0x9122, 0xBBAC, 0xFFFF, 0xFF9E, 0x99A4, 0x9101,
  0x9142, 0x9142, 0x9142, 0x99A4, 0x99A3, 0x99A3, 0x99A3, 0x99A3,
  0x99A3, 0x99A3, 0x99A3, 0x99A4, 0xDA45, 0xDA65, 0xDA65, 0xDA65,
  0xDA65, 0xDA65, 0xDA65, 0xDA65, 0xDA65, 0xDA65, 0xDA65, 0xDA65,
  0xDA65, 0xDA65, 0xDA65, 0xDA65, 0xDA65, 0xDA65, 0xDA65, 0xDA65,
  0xDA65, 0xDA65, 0xDA65, 0xF81F, 0xF81F, 0xF81F, 0xF81F, 0xF81F,
  0xF81F, 0xF81F, 0xF81F, 0xF81F, 0xF81F, 0xA1C4, 0x99A3, 0x99A3,
  0x99A3, 0x99A4, 0x9122, 0xBBAC, 0xFFFF, 0xFF9E, 0xA226, 0x9983,
  0x99C4, 0x99A4, 0x99A4, 0x99A3, 0x99A3, 0x99A3, 0x99A3, 0x99A3,
  0x99A3, 0x99A3, 0x99A3, 0x99A4, 0xDA45, 0xDA65, 0xDA65, 0xDA65,
  0xDA65, 0xDA65, 0xDA65, 0xDA65, 0xDA65, 0xDA65, 0xDA65, 0xDA65,
  0xDA65, 0xDA65, 0xDA65, 0xDA65, 0xDA65, 0xDA65, 0xDA65, 0xDA65,
  0xDA65, 0xE265, 0xDA65, 0xF81F, 0xF81F, 0xF81F, 0xF81F, 0xF81F,
  0xF81F, 0xF81F, 0xF81F, 0xF81F, 0xF81F, 0xA1C4, 0x99A3, 0x99A3,
  0x99A3, 0x99A4, 0x9121, 0xBBCD, 0xFFFF, 0xFFDF, 0xA226, 0x9983,
  0x99A4, 0x99A3, 0x99A3, 0x99A3, 0x99A3, 0x99A3, 0x99A3, 0x99A3,
  0x99A3, 0x99A3, 0x99A3, 0x99A4, 0xDA45, 0xDA65, 0xDA65, 0xDA65,
  0xDA65, 0xDA65, 0xDA65, 0xDA65, 0xDA65, 0xDA65, 0xDA65, 0xDA65,
  0xDA65, 0xDA65, 0xDA65, 0xDA65, 0xDA65, 0xDA65, 0xDA65, 0xDA65,
  0xDA45, 0xE265, 0xDA65, 0xF81F, 0xF81F, 0xF81F, 0xF81F, 0xF81F,
  0xF81F, 0xF81F, 0xF81F, 0xF81F, 0xF81F, 0xA1C4, 0x99A3, 0x99A3,
  0x99A3, 0x99A4, 0x9142, 0xB34B, 0xEEFB, 0xEE99, 0xA205, 0x9983,
  0x99A4, 0x99A3, 0x99A3, 0x99A3, 0x99A3, 0x99A3, 0x99A3, 0x99A3,
  0x99A3, 0x99A3, 0x99A3, 0x99A4, 0xDA45, 0xDA65, 0xDA65, 0xDA65,
  0xDA65, 0xDA65, 0xDA65, 0xDA65, 0xDA65, 0xDA65, 0xDA65, 0xDA65,
  0xDA65, 0xDA65, 0xDA65, 0xDA65, 0xDA65, 0xDA65, 0xDA65, 0xDA65,
  0xDA45, 0xE285, 0xDA45, 0xF81F, 0xF81F, 0xF81F, 0xF81F, 0xF81F,
  0xF81F, 0xF81F, 0xF81F, 0xF81F, 0xF81F, 0xA1C4, 0x99A3, 0x99A3,
  0x99A3, 0x99A3, 0x99A4, 0x9983, 0x9162, 0x9963, 0x9983, 0x99A3,
  0x99A3, 0x99A3, 0x99A3, 0x99A3, 0x99A3, 0x99A3, 0x99A3, 0x99A3,
  0x99A3, 0x99A3, 0x99A3, 0x99A4, 0xDA45, 0xDA65, 0xDA65, 0xDA65,
  0xDA65, 0xDA65, 0xDA65, 0xDA65, 0xDA65, 0xDA65, 0xDA65, 0xDA65,
  0xDA65, 0xDA65, 0xDA65, 0xDA65, 0xDA65, 0xDA65, 0xDA65, 0xDA65,
  0xDA45, 0xE265, 0xF81F, 0xF81F, 0xF81F, 0xF81F, 0xF81F, 0xF81F,
  0xF81F, 0xF81F, 0xF81F, 0xF81F, 0xF81F, 0xA1C4, 0x99A3, 0x99A3,
  0x99A3, 0x99A3, 0x99A3, 0x99A4, 0x99A4, 0x99A4, 0x99A3, 0x99A3,
  0x99A3, 0x99A3, 0x99A3, 0x99A3, 0x99A3, 0x99A3, 0x99A3, 0x99A3,
  0x99A3, 0x99A3, 0x99A3, 0x99A4, 0xDA45, 0xDA65, 0xDA65, 0xDA65,
  0xDA65, 0xDA65, 0xDA65, 0xDA65, 0xDA65, 0xDA65, 0xDA65, 0xDA65,
  0xDA65, 0xDA65, 0xDA65, 0xDA65, 0xDA65, 0xDA65, 0xDA65, 0xDA65,
  0xE265, 0xDA65, 0xF81F, 0xF81F, 0xF81F, 0xF81F, 0xF81F, 0xF81F,
  0xF81F, 0xF81F, 0xF81F, 0xF81F, 0xF81F, 0xA1C4, 0x99A3, 0x99A3,
  0x99A3, 0x99A3, 0x99A3, 0x99A3, 0x99A3, 0x99A3, 0x99A3, 0x99A3,
  0x99A3, 0x99A3, 0x99A3, 0x99A3, 0x99A3, 0x99A3, 0x99A3, 0x99A3,
  0x99A3, 0x99A3, 0x99A3, 0x99A4, 0xDA45, 0xDA65, 0xDA65, 0xDA65,
  0xDA65, 0xDA65, 0xDA65, 0xDA65, 0xDA65, 0xDA65, 0xDA65, 0xDA65,
  0xDA65, 0xDA65, 0xDA65, 0xDA65, 0xDA65, 0xDA65, 0xDA65, 0xDA45,
  0xEA85, 0xDA65, 0xF81F, 0xF81F, 0xF81F, 0xF81F, 0xF81F, 0xF81F,
  0xF81F, 0xF81F, 0xF81F, 0xF81F, 0xF81F, 0xA1C4, 0x9983, 0x9983,
  0x9983, 0x9983, 0x9983, 0x9983, 0x9983, 0x99A3, 0x99A3, 0x99A3,
  0x99A3, 0x99A3, 0x99A3, 0x99A3, 0x99A3, 0x99A3, 0x99A3, 0x99A3,
  0x99A3, 0x99A3, 0x99A3, 0x99A4, 0xDA45, 0xDA65, 0xDA65, 0xDA65,
  0xDA65, 0xDA65, 0xDA65, 0xDA65, 0xDA65, 0xDA65, 0xDA65, 0xDA65,
  0xDA65, 0xDA65, 0xDA65, 0xDA65, 0xDA65, 0xDA65, 0xDA65, 0xDA65,
  0xDA45, 0xF81F, 0xF81F, 0xF81F, 0xF81F, 0xF81F, 0xF81F, 0xF81F,
  0xF81F, 0xF81F, 0xF81F, 0xF81F, 0xF81F, 0x99A3, 0xA1C4, 0xA1C4,
  0xA1C4, 0xA1C4, 0xA1C4, 0xA1C4, 0xA1A4, 0x9183, 0x9183, 0x9183,
  0x9183, 0x9183, 0x9183, 0x9183, 0x9183, 0x9183, 0x9183, 0x9183,
  0x9183, 0x9183, 0x9183, 0xA9C4, 0xDA65, 0xDA65, 0xDA65, 0xDA65,
  0xDA65, 0xDA65, 0xDA65, 0xDA65, 0xDA65, 0xDA65, 0xDA65, 0xDA65,
  0xDA65, 0xDA65, 0xDA65, 0xDA65, 0xDA65, 0xDA65, 0xDA45, 0xEA85,
  0xF81F, 0xF81F, 0xF81F, 0xF81F, 0xF81F, 0xF81F, 0xF81F, 0xF81F,
  0xF81F, 0xF81F, 0xF81F, 0xF81F, 0xF81F, 0xF81F, 0x99A4, 0x9983,
  0x99A3, 0x9983, 0x9983, 0x9983, 0x99A3, 0xA9C4, 0xB1E4, 0xA9C4,
  0xB1E4, 0xB1E4, 0xB1E4, 0xB1E4, 0xB1E4, 0xB1E4, 0xB1E4, 0xB1E4,
  0xB1E4, 0xB1C4, 0xB1E4, 0xD245, 0xDA65, 0xDA65, 0xDA65, 0xDA65,
  0xDA65, 0xDA65, 0xDA65, 0xDA65, 0xDA65, 0xDA65, 0xDA65, 0xDA65,
  0xDA65, 0xDA65, 0xDA65, 0xDA65, 0xDA65, 0xDA45, 0xE265, 0xDA65,
  0xF81F, 0xF81F, 0xF81F, 0xF81F, 0xF81F, 0xF81F, 0xF81F, 0xF81F,
  0xF81F, 0xF81F, 0xF81F, 0xF81F, 0xF81F, 0xF81F, 0xF81F, 0xF81F,
  0xF81F, 0xF81F, 0xF81F, 0xF81F, 0xF81F, 0xE265, 0xF285, 0xE265,
  0xE265, 0xE265, 0xE265, 0xE265, 0xE265, 0xE265, 0xE265, 0xE265,
  0xE265, 0xE265, 0xE265, 0xDA65, 0xDA65, 0xDA65, 0xDA65, 0xDA65,
  0xDA65, 0xDA65, 0xDA65, 0xDA65, 0xDA65, 0xDA65, 0xDA65, 0xDA65,
  0xDA65, 0xDA65, 0xDA65, 0xDA65, 0xDA65, 0xDA65, 0xDA65, 0xF81F,
  0xF81F, 0xF81F, 0xF81F, 0xF81F, 0xF81F, 0xF81F, 0xF81F, 0xF81F,
  0xF81F, 0xF81F, 0xF81F, 0xF81F, 0xF81F, 0xF81F, 0xF81F, 0xF81F,
  0xF81F, 0xF81F, 0xF81F, 0xF81F, 0xF81F, 0xF81F, 0xDA45, 0xEA85,
  0xDA45, 0xDA65, 0xDA65, 0xDA65, 0xDA65, 0xDA65, 0xDA65, 0xDA65,
  0xDA65, 0xDA65, 0xDA65, 0xDA65, 0xDA65, 0xDA65, 0xDA65, 0xDA65,
  0xDA65, 0xDA65, 0xDA65, 0xDA65, 0xDA65, 0xDA65, 0xDA65, 0xDA65,
  0xDA65, 0xDA65, 0xDA65, 0xDA65, 0xDA65, 0xE265, 0xF81F, 0xF81F,
  0xF81F, 0xF81F, 0xF81F, 0xF81F, 0xF81F, 0xF81F, 0xF81F, 0xF81F,
  0xF81F, 0xF81F, 0xF81F, 0xF81F, 0xF81F, 0xF81F, 0xF81F, 0xF81F,
  0xF81F, 0xF81F, 0xF81F, 0xF81F, 0xF81F, 0xF81F, 0xF81F, 0xDA65,
  0xEA85, 0xDA65, 0xDA65, 0xDA65, 0xDA65, 0xDA65, 0xDA65, 0xDA65,
  0xDA65, 0xDA65, 0xDA65, 0xDA65, 0xDA65, 0xDA65, 0xDA65, 0xDA65,
  0xDA65, 0xDA65, 0xDA65, 0xDA65, 0xDA65, 0xDA65, 0xDA65, 0xDA65,
  0xDA65, 0xDA65, 0xDA45, 0xDA65, 0xEA85, 0xF81F, 0xF81F, 0xF81F,
  0xF81F, 0xF81F, 0xF81F, 0xF81F, 0xF81F, 0xF81F, 0xF81F, 0xF81F,
  0xF81F, 0xF81F, 0xF81F, 0xF81F, 0xF81F, 0xF81F, 0xF81F, 0xF81F,
  0xF81F, 0xF81F, 0xF81F, 0xF81F, 0xF81F, 0xF81F, 0xF81F, 0xF81F,
  0xDA65, 0xEA85, 0xDA45, 0xDA45, 0xDA65, 0xDA65, 0xDA65, 0xDA65,
  0xDA65, 0xDA65, 0xDA65, 0xDA65, 0xDA65, 0xDA65, 0xDA65, 0xDA65,
  0xDA65, 0xDA65, 0xDA65, 0xDA65, 0xDA65, 0xDA65, 0xDA65, 0xDA65,
  0xDA65, 0xDA45, 0xE265, 0xE265, 0xF81F, 0xF81F, 0xF81F, 0xF81F,
  0xF81F, 0xF81F, 0xF81F, 0xF81F, 0xF81F, 0xF81F, 0xF81F, 0xF81F,
  0xF81F, 0xF81F, 0xF81F, 0xF81F, 0xF81F, 0xF81F, 0xF81F, 0xF81F,
  0xF81F, 0xF81F, 0xF81F, 0xF81F, 0xF81F, 0xF81F, 0xF81F, 0xF81F,
  0xF81F, 0xDA45, 0xE265, 0xE265, 0xDA45, 0xDA65, 0xDA65, 0xDA65,
  0xDA65, 0xDA65, 0xDA65, 0xDA65, 0xDA65, 0xDA65, 0xDA65, 0xDA65,
  0xDA65, 0xDA65, 0xDA65, 0xDA65, 0xDA65, 0xDA65, 0xDA65, 0xDA45,
  0xDA45, 0xEA85, 0xDA65, 0xF81F, 0xF81F, 0xF81F, 0xF81F, 0xF81F,
  0xF81F, 0xF81F, 0xF81F, 0xF81F, 0xF81F, 0xF81F, 0xF81F, 0xF81F,
  0xF81F, 0xF81F, 0xF81F, 0xF81F, 0xF81F, 0xF81F, 0xF81F, 0xF81F,
  0xF81F, 0xF81F, 0xF81F, 0xF81F, 0xF81F, 0xF81F, 0xF81F, 0xF81F,
  0xF81F, 0xF81F, 0xF81F, 0xE265, 0xEA85, 0xE265, 0xDA45, 0xDA45,
  0xDA65, 0xDA65, 0xDA65, 0xDA65, 0xDA65, 0xDA65, 0xDA65, 0xDA65,
  0xDA65, 0xDA65, 0xDA65, 0xDA65, 0xDA65, 0xDA45, 0xDA45, 0xE265,
  0xE265, 0xDA65, 0xF81F, 0xF81F, 0xF81F, 0xF81F, 0xF81F, 0xF81F,
  0xF81F, 0xF81F, 0xF81F, 0xF81F, 0xF81F, 0xF81F, 0xF81F, 0xF81F,
  0xF81F, 0xF81F, 0xF81F, 0xF81F, 0xF81F, 0xF81F, 0xF81F, 0xF81F,
  0xF81F, 0xF81F, 0xF81F, 0xF81F, 0xF81F, 0xF81F, 0xF81F, 0xF81F,
  0xF81F, 0xF81F, 0xF81F, 0xF81F, 0xDA65, 0xE265, 0xEA85, 0xE265,
  0xDA65, 0xDA65, 0xDA45, 0xDA45, 0xDA65, 0xDA65, 0xDA65, 0xDA65,
  0xDA65, 0xDA45, 0xDA65, 0xDA45, 0xE265, 0xE285, 0xE285, 0xDA65,
  0xF81F, 0xF81F, 0xF81F, 0xF81F, 0xF81F, 0xF81F, 0xF81F, 0xF81F,
  0xF81F, 0xF81F, 0xF81F, 0xF81F, 0xF81F, 0xF81F, 0xF81F, 0xF81F,
  0xF81F, 0xF81F, 0xF81F, 0xF81F, 0xF81F, 0xF81F, 0xF81F, 0xF81F,
  0xF81F, 0xF81F, 0xF81F, 0xF81F, 0xF81F, 0xF81F, 0xF81F, 0xF81F,
  0xF81F, 0xF81F, 0xF81F, 0xF81F, 0xF81F, 0xF81F, 0xF81F, 0xDA65,
  0xDA65, 0xEA85, 0xEA85, 0xE265, 0xE265, 0xE265, 0xE265, 0xE265,
  0xE265, 0xE265, 0xEA85, 0xE285, 0xDA65, 0xDA65, 0xF81F, 0xF81F,
  0xF81F, 0xF81F, 0xF81F, 0xF81F, 0xF81F, 0xF81F, 0xF81F, 0xF81F,
  0xF81F, 0xF81F, 0xF81F, 0xF81F, 0xF81F, 0xF81F, 0xF81F, 0xF81F,
  0xF81F, 0xF81F, 0xF81F, 0xF81F, 0xF81F, 0xF81F, 0xF81F, 0xF81F,
  0xF81F, 0xF81F, 0xF81F, 0xF81F, 0xF81F, 0xF81F, 0xF81F, 0xF81F,
  0xF81F, 0xF81F, 0xF81F, 0xF81F, 0xF81F, 0xF81F, 0xF81F, 0xF81F,
  0xF81F, 0xF81F, 0xDA65, 0xDA65, 0xDA45, 0xDA65, 0xDA45, 0xDA65,
  0xDA65, 0xDA65, 0xDA65, 0xF81F, 0xF81F, 0xF81F, 0xF81F, 0xF81F,
  0xF81F, 0xF81F, 0xF81F, 0xF81F, 0xF81F, 0xF81F, 0xF81F, 0xF81F,
  0xF81F, 0xF81F, 0xF81F, 0xF81F, 0xF81F, 0xF81F, 0xF81F, 0xF81F,
  0xF81F, 0xF81F, 0xF81F, 0xF81F, 0xF81F, 0xF81F, 0xF81F, 0xF81F,
  0xF81F, 0xF81F, 0xF81F, 0xF81F, 0xF81F, 0xF81F, 0xF81F, 0xF81F,
  0xF81F, 0xF81F, 0xF81F, 0xF81F, 0xF81F, 0xF81F, 0xF81F, 0xF81F,
  0xF81F, 0xF81F, 0xF81F, 0xF81F, 0xF81F, 0xF81F, 0xF81F, 0xF81F,
  0xF81F, 0xF81F, 0xF81F, 0xF81F, 0xF81F, 0xF81F, 0xF81F, 0xF81F,
  0xF81F, 0xF81F, 0xF81F, 0xF81F, 0xF81F, 0xF81F, 0xF81F, 0xF81F,
  0xF81F, 0xF81F, 0xF81F, 0xF81F, 0xF81F, 0xF81F, 0xF81F, 0xF81F,
  0xF81F, 0xF81F, 0xF81F, 0xF81F, 0xF81F, 0xF81F, 0xF81F, 0xF81F,
  0xF81F, 0xF81F, 0xF81F, 0xF81F, 0xF81F, 0xF81F, 0xF81F, 0xF81F,
  0xF81F, 0xF81F, 0xF81F, 0xF81F, 0xF81F, 0xF81F, 0xF81F, 0xF81F,
  0xF81F, 0xF81F, 0xF81F, 0xF81F, 0xF81F, 0xF81F, 0xF81F, 0xF81F,
  0xF81F, 0xF81F, 0xF81F, 0xF81F, 0xF81F, 0xF81F, 0xF81F, 0xF81F,
  0xF81F, 0xF81F, 0xF81F, 0xF81F, 0xF81F, 0xF81F, 0xF81F, 0xF81F,
  0xF81F, 0xF81F, 0xF81F, 0xF81F, 0xF81F, 0xF81F, 0xF81F, 0xF81F,
  0xF81F, 0xF81F, 0xF81F, 0xF81F, 0xF81F, 0xF81F, 0xF81F, 0xF81F,
  0xF81F, 0xF81F, 0xF81F, 0xF81F, 0xF81F, 0xF81F, 0xF81F, 0xF81F,
  0xF81F, 0xF81F, 0xF81F, 0xF81F, 0xF81F, 0xF81F, 0xF81F, 0xF81F,
  0xF81F, 0xF81F, 0xF81F, 0xF81F, 0xF81F, 0xF81F, 0xF81F, 0xF81F,
  0xF81F, 0xF81F, 0xF81F, 0xF81F, 0xF81F, 0xF81F, 0xF81F, 0xF81F,
  0xF81F, 0xF81F, 0xF81F, 0xF81F, 0xF81F, 0xF81F, 0xF81F, 0xF81F,
  0xF81F, 0xF81F, 0xF81F, 0xF81F, 0xF81F, 0xF81F, 0xF81F, 0xF81F,
  0xF81F, 0xF81F, 0xF81F, 0xF81F, 0xF81F, 0xF81F, 0xF81F, 0xF81F,
  0xF81F, 0xF81F, 0xF81F, 0xF81F, 0xF81F, 0xF81F, 0xF81F, 0xF81F,
  0xF81F, 0xF81F, 0xF81F, 0xF81F, 0xF81F, 0xF81F, 0xF81F, 0xF81F,
  0xF81F, 0xF81F, 0xF81F, 0xF81F, 0xF81F, 0xF81F, 0xF81F, 0xF81F,
  0xF81F, 0xF81F, 0xF81F, 0xF81F, 0xF81F, 0xF81F, 0xF81F, 0xF81F,
  0xF81F, 0xF81F, 0xF81F, 0xF81F, 0xF81F, 0xF81F, 0xF81F, 0xF81F,
  0xF81F, 0xF81F, 0xF81F, 0xF81F, 0xF81F, 0xF81F, 0xF81F, 0xF81F,
  0xF81F, 0xF81F, 0xF81F, 0xF81F, 0xF81F, 0xF81F, 0xF81F, 0xF81F,
  0xF81F, 0xF81F, 0xF81F, 0xF81F, 0xF81F, 0xF81F, 0xF81F, 0xF81F,
  0xF81F, 0xF81F, 0xF81F, 0xF81F, 0xF81F, 0xF81F, 0xF81F, 0xF81F,
  0xF81F, 0xF81F, 0xF81F, 0xF81F, 0xF81F, 0xF81F, 0xF81F, 0xF81F,
  0xF81F, 0xF81F, 0xF81F, 0xF81F, 0xF81F, 0xF81F, 0xF81F, 0xF81F,
  0xF81F, 0xF81F, 0xF81F, 0xF81F, 0xF81F, 0xF81F, 0xF81F, 0xF81F,
  0xF81F, 0xF81F, 0xF81F, 0xF81F, 0xF81F, 0xF81F, 0xF81F, 0xF81F,
  0xF81F, 0xF81F, 0xF81F, 0xF81F, 0xF81F, 0xF81F, 0xF81F, 0xF81F,
  0xF81F, 0xF81F, 0xF81F, 0xF81F, 0xF81F, 0xF81F, 0xF81F, 0xF81F,
  0xF81F, 0xF81F, 0xF81F, 0xF81F, 0xF81F, 0xF81F, 0xF81F, 0xF81F,
  0xF81F, 0xF81F, 0xF81F, 0xF81F, 0xF81F, 0xF81F, 0xF81F, 0xF81F,
  0xF81F, 0xF81F, 0xF81F, 0xF81F, 0xF81F, 0xF81F, 0xF81F, 0xF81F,
  0xF81F, 0xF81F, 0xF81F, 0xF81F, 0xF81F, 0xF81F, 0xF81F, 0xF81F,
  0xF81F, 0xF81F, 0xF81F, 0xF81F, 0xF81F, 0xF81F, 0xF81F, 0xF81F,
  0xF81F, 0xF81F, 0xF81F, 0xF81F, 0xF81F, 0xF81F, 0xF81F, 0xF81F,
  0xF81F, 0xF81F, 0xF81F, 0xF81F, 0xF81F, 0xF81F, 0xF81F, 0xF81F,
  0xF81F, 0xF81F, 0xF81F, 0xF81F, 0xF81F, 0xF81F, 0xF81F, 0xF81F,
  0xF81F, 0xF81F, 0xF81F, 0xF81F, 0xF81F, 0xF81F, 0xF81F, 0xF81F,
  0xF81F, 0xF81F, 0xF81F, 0xF81F, 0xF81F, 0xF81F, 0xF81F, 0xF81F,
  0xF81F, 0xF81F, 0xF81F, 0xF81F, 0xF81F, 0xF81F, 0xF81F, 0xF81F,
  0xF81F, 0xF81F, 0xF81F, 0xF81F, 0xF81F, 0xF81F, 0xF81F, 0xF81F,
};

// 56x56 RGB565
const uint16_t icon_outlook[3136] PROGMEM = {
  0xF81F, 0xF81F, 0xF81F, 0xF81F, 0xF81F, 0xF81F, 0xF81F, 0xF81F,
  0xF81F, 0xF81F, 0xF81F, 0xF81F, 0xF81F, 0xF81F, 0xF81F, 0xF81F,
  0xF81F, 0xF81F, 0xF81F, 0xF81F, 0xF81F, 0xF81F, 0xF81F, 0xF81F,
  0xF81F, 0xF81F, 0xF81F, 0xF81F, 0xF81F, 0xF81F, 0xF81F, 0xF81F,
  0xF81F, 0xF81F, 0xF81F, 0xF81F, 0xF81F, 0xF81F, 0xF81F, 0xF81F,
  0xF81F, 0xF81F, 0xF81F, 0xF81F, 0xF81F, 0xF81F, 0xF81F, 0xF81F,
  0xF81F, 0xF81F, 0xF81F, 0xF81F, 0xF81F, 0xF81F, 0xF81F, 0xF81F,
  0xF81F, 0xF81F, 0xF81F, 0xF81F, 0xF81F, 0xF81F, 0xF81F, 0xF81F,
  0xF81F, 0xF81F, 0xF81F, 0xF81F, 0xF81F, 0xF81F, 0xF81F, 0xF81F,
  0xF81F, 0xF81F, 0xF81F, 0xF81F, 0xF81F, 0xF81F, 0xF81F, 0xF81F,
  0xF81F, 0xF81F, 0xF81F, 0xF81F, 0xF81F, 0xF81F, 0xF81F, 0xF81F,
  0xF81F, 0xF81F, 0xF81F, 0xF81F, 0xF81F, 0xF81F, 0xF81F, 0xF81F,
  0xF81F, 0xF81F, 0xF81F, 0xF81F, 0xF81F, 0xF81F, 0xF81F, 0xF81F,
  0xF81F, 0xF81F, 0xF81F, 0xF81F, 0xF81F, 0xF81F, 0xF81F, 0xF81F,
  0xF81F, 0xF81F, 0xF81F, 0xF81F, 0xF81F, 0xF81F, 0xF81F, 0xF81F,
  0xF81F, 0xF81F, 0xF81F, 0xF81F, 0xF81F, 0xF81F, 0xF81F, 0xF81F,
  0xF81F, 0xF81F, 0xF81F, 0xF81F, 0xF81F, 0xF81F, 0xF81F, 0xF81F,
  0xF81F, 0xF81F, 0xF81F, 0xF81F, 0xF81F, 0xF81F, 0xF81F, 0xF81F,
  0xF81F, 0xF81F, 0xF81F, 0xF81F, 0xF81F, 0xF81F, 0xF81F, 0xF81F,
  0xF81F, 0xF81F, 0xF81F, 0xF81F, 0xF81F, 0xF81F, 0xF81F, 0xF81F,
  0xF81F, 0xF81F, 0xF81F, 0xF81F, 0xF81F, 0xF81F, 0xF81F, 0xF81F,
  0xF81F, 0xF81F, 0xF81F, 0xF81F, 0xF81F, 0xF81F, 0xF81F, 0xF81F,
  0xF81F, 0xF81F, 0xF81F, 0xF81F, 0xF81F, 0xF81F, 0xF81F, 0xF81F,
  0xF81F, 0xF81F, 0xF81F, 0xF81F, 0xF81F, 0xF81F, 0xF81F, 0xF81F,
  0xF81F, 0xF81F, 0xF81F, 0xF81F, 0xF81F, 0xF81F, 0xF81F, 0xF81F,
  0xF81F, 0xF81F, 0xF81F, 0xF81F, 0xF81F, 0xF81F, 0xF81F, 0xF81F,
  0xF81F, 0xF81F, 0xF81F, 0xF81F, 0xF81F, 0xF81F, 0xF81F, 0xF81F,
  0xF81F, 0xF81F, 0xF81F, 0xF81F, 0xF81F, 0xF81F, 0xF81F, 0xF81F,
  0xF81F, 0xF81F, 0xF81F, 0xF81F, 0xF81F, 0xF81F, 0xF81F, 0xF81F,
  0xF81F, 0xF81F, 0xF81F, 0xF81F, 0xF81F, 0xF81F, 0xF81F, 0xF81F,
  0xF81F, 0xF81F, 0xF81F, 0xF81F, 0xF81F, 0xF81F, 0xF81F, 0xF81F,
  0xF81F, 0xF81F, 0xF81F, 0xF81F, 0xF81F, 0xF81F, 0xF81F, 0xF81F,
  0xF81F, 0xF81F, 0xF81F, 0xF81F, 0xF81F, 0xF81F, 0xF81F, 0xF81F,
  0xF81F, 0xF81F, 0xF81F, 0xF81F, 0xF81F, 0xF81F, 0xF81F, 0xF81F,
  0xF81F, 0xF81F, 0xF81F, 0xF81F, 0xF81F, 0xF81F, 0xF81F, 0xF81F,
  0xF81F, 0xF81F, 0xF81F, 0xF81F, 0xF81F, 0xF81F, 0xF81F, 0xF81F,
  0xF81F, 0xF81F, 0xF81F, 0xF81F, 0xF81F, 0xF81F, 0xF81F, 0xF81F,
  0xF81F, 0xF81F, 0xF81F, 0xF81F, 0xF81F, 0xF81F, 0xF81F, 0xF81F,
  0xF81F, 0xF81F, 0xF81F, 0xF81F, 0xF81F, 0xF81F, 0xF81F, 0xF81F,
  0xF81F, 0xF81F, 0xF81F, 0xF81F, 0xF81F, 0xF81F, 0xF81F, 0xF81F,
  0xF81F, 0xF81F, 0xF81F, 0xF81F, 0xF81F, 0xF81F, 0xF81F, 0xF81F,
  0xF81F, 0xF81F, 0xF81F, 0xF81F, 0xF81F, 0xF81F, 0xF81F, 0xF81F,
  0xF81F, 0xF81F, 0xF81F, 0xF81F, 0xF81F, 0xF81F, 0xF81F, 0xF81F,
  0xF81F, 0xF81F, 0xF81F, 0xF81F, 0xF81F, 0xF81F, 0xF81F, 0xF81F,
  0xF81F, 0xF81F, 0xF81F, 0xF81F, 0xF81F, 0xF81F, 0xF81F, 0xF81F,
  0xF81F, 0xF81F, 0xF81F, 0xF81F, 0xF81F, 0xF81F, 0xF81F, 0xF81F,
  0xF81F, 0xF81F, 0xF81F, 0xF81F, 0xF81F, 0xF81F, 0xF81F, 0xF81F,
  0xF81F, 0xF81F, 0xF81F, 0xF81F, 0xF81F, 0xF81F, 0xF81F, 0xF81F,
  0xF81F, 0xF81F, 0xF81F, 0xF81F, 0xF81F, 0xF81F, 0xF81F, 0xF81F,
  0xF81F, 0xF81F, 0xF81F, 0xF81F, 0xF81F, 0xF81F, 0xF81F, 0xF81F,
  0xF81F, 0xF81F, 0xF81F, 0xF81F, 0xF81F, 0xF81F, 0xF81F, 0xF81F,
  0xF81F, 0xF81F, 0xF81F, 0x0A53, 0x0A53, 0x0A53, 0x0A53, 0x0A53,
  0x0A53, 0x0A53, 0x0A53, 0x0A53, 0x0A53, 0x0A53, 0x0A53, 0x0A53,
  0x0A53, 0x0A53, 0x0A53, 0x0A53, 0x0A53, 0x0A53, 0x0A53, 0x0A53,
  0x0A53, 0x0A53, 0x0A53, 0x0A53, 0x0A53, 0x0A53, 0x0A53, 0x0A53,
  0x0A53, 0xF81F, 0xF81F, 0xF81F, 0xF81F, 0xF81F, 0xF81F, 0xF81F,
  0xF81F, 0xF81F, 0xF81F, 0xF81F, 0xF81F, 0xF81F, 0xF81F, 0xF81F,
  0xF81F, 0xF81F, 0xF81F, 0xF81F, 0xF81F, 0xF81F, 0xF81F, 0xF81F,
  0xF81F, 0xF81F, 0xF81F, 0x0A94, 0x0A53, 0x0A53, 0x0A53, 0x0A53,
  0x0A53, 0x0A53, 0x0A53, 0x0A53, 0x0A53, 0x0A53, 0x0A53, 0x0A53,
  0x0A53, 0x0A53, 0x0A53, 0x0A53, 0x0A53, 0x0A53, 0x0A53, 0x0A53,
  0x0A53, 0x0A53, 0x0A53, 0x0A53, 0x0A53, 0x0A53, 0x0A53, 0x0A53,
  0x0A74, 0x0A53, 0xF81F, 0xF81F, 0xF81F, 0xF81F, 0xF81F, 0xF81F,
  0xF81F, 0xF81F, 0xF81F, 0xF81F, 0xF81F, 0xF81F, 0xF81F, 0xF81F,
  0xF81F, 0xF81F, 0xF81F, 0xF81F, 0xF81F, 0xF81F, 0xF81F, 0xF81F,
  0xF81F, 0xF81F, 0xF81F, 0x0A74, 0x0A53, 0x0A53, 0x0A53, 0x0A53,
  0x0A53, 0x0A53, 0x0A53, 0x0A53, 0x0A53, 0x0A32, 0x0A32, 0x0A32,
  0x0A32, 0x0A32, 0x0A32, 0x0A32, 0x0A32, 0x0A32, 0x0A33, 0x0A32,
  0x0A32, 0x0A32, 0x0A32, 0x0A32, 0x0A32, 0x0A32, 0x0A32, 0x0A32,
  0x0A32, 0x0A32, 0xF81F, 0xF81F, 0xF81F, 0xF81F, 0xF81F, 0xF81F,
  0xF81F, 0xF81F, 0xF81F, 0xF81F, 0xF81F, 0xF81F, 0xF81F, 0xF81F,
  0xF81F, 0xF81F, 0xF81F, 0xF81F, 0xF81F, 0xF81F, 0xF81F, 0xF81F,
  0xF81F, 0xF81F, 0xF81F, 0x1AD6, 0x1AD5, 0x12D5, 0x12D5, 0x12D5,
  0x12D5, 0x12D5, 0x12D5, 0x12D5, 0x12D5, 0x13D8, 0x13F8, 0x13F8,
  0x13F8, 0x13F8, 0x13F8, 0x13F8, 0x13F8, 0x13F8, 0x13D8, 0x1C79,
  0x259C, 0x255C, 0x255C, 0x255C, 0x255C, 0x255C, 0x255C, 0x255C,
  0x255C, 0x255C, 0xF81F, 0xF81F, 0xF81F, 0xF81F, 0xF81F, 0xF81F,
  0xF81F, 0xF81F, 0xF81F, 0xF81F, 0xF81F, 0xF81F, 0xF81F, 0xF81F,
  0xF81F, 0xF81F, 0xF81F, 0xF81F, 0xF81F, 0xF81F, 0xF81F, 0xF81F,
  0xF81F, 0xF81F, 0xF81F, 0x1B58, 0x1B16, 0x1B16, 0x1B16, 0x1B16,
  0x1B16, 0x1B16, 0x1B16, 0x1B16, 0x1B16, 0x147A, 0x14DB, 0x14BB,
  0x14BB, 0x14BB, 0x14BB, 0x14BB, 0x14BB, 0x14BB, 0x149A, 0x255C,
  0x36FF, 0x36BF, 0x36BF, 0x36BF, 0x36BF, 0x36BF, 0x36BF, 0x36BF,
  0x36BF, 0x36BF, 0xF81F, 0xF81F, 0xF81F, 0xF81F, 0xF81F, 0xF81F,
  0xF81F, 0xF81F, 0xF81F, 0xF81F, 0xF81F, 0xF81F, 0xF81F, 0xF81F,
  0xF81F, 0xF81F, 0xF81F, 0xF81F, 0xF81F, 0xF81F, 0xF81F, 0xF81F,
  0xF81F, 0xF81F, 0xF81F, 0x1B37, 0x1AF5, 0x1AF5, 0x1AF5, 0x1AF5,
  0x1AF5, 0x1AF5, 0x1AF5, 0x1AF6, 0x1AF5, 0x1459, 0x149A, 0x147A,
  0x147A, 0x147A, 0x147A, 0x147A, 0x147A, 0x149A, 0x145A, 0x1D3C,
  0x2E9F, 0x2E5F, 0x2E5F, 0x2E5F, 0x2E5F, 0x2E5F, 0x2E5F, 0x2E5F,
  0x2E5F, 0x2E5F, 0xF81F, 0xF81F, 0xF81F, 0xF81F, 0xF81F, 0xF81F,
  0xF81F, 0xF81F, 0xF81F, 0xF81F, 0xF81F, 0xF81F, 0xF81F, 0xF81F,
  0xF81F, 0xF81F, 0xF81F, 0xF81F, 0xF81F, 0xF81F, 0xF81F, 0xF81F,
  0xF81F, 0xF81F, 0xF81F, 0x1B37, 0x1AF5, 0x1AF6, 0x1AF6, 0x1AF6,
  0x1AF6, 0x1AF6, 0x1AF6, 0x1B16, 0x1B15, 0x1459, 0x149A, 0x149A,
  0x149A, 0x149A, 0x149A, 0x149A, 0x149A, 0x149A, 0x147A, 0x1D3C,
  0x369F, 0x2E7F, 0x2E7F, 0x2E7F, 0x2E7F, 0x2E7F, 0x2E7F, 0x2E7F,
  0x2E7F, 0x2E7F, 0xF81F, 0xF81F, 0xF81F, 0xF81F, 0xF81F, 0xF81F,
  0xF81F, 0xF81F, 0xF81F, 0xF81F, 0xF81F, 0xF81F, 0xF81F, 0xF81F,
  0xF81F, 0xF81F, 0xF81F, 0xF81F, 0xF81F, 0xF81F, 0xF81F, 0xF81F,
  0xF81F, 0xF81F, 0xF81F, 0x1B37, 0x1AF5, 0x1AF5, 0x1AF5, 0x1AF5,
  0x1AF5, 0x1AF5, 0x1AF5, 0x1B16, 0x1B15, 0x1459, 0x149A, 0x149A,
  0x149A, 0x149A, 0x149A, 0x149A, 0x149A, 0x149A, 0x147A, 0x1D3C,
  0x369F, 0x2E7F, 0x2E7F, 0x2E7F, 0x2E7F, 0x2E7F, 0x2E7F, 0x2E7F,
  0x2E7F, 0x2E7F, 0xF81F, 0xF81F, 0xF81F, 0xF81F, 0xF81F, 0xF81F,
  0xF81F, 0xF81F, 0xF81F, 0xF81F, 0xF81F, 0xF81F, 0xF81F, 0xF81F,
  0xF81F, 0xF81F, 0xF81F, 0xF81F, 0xF81F, 0xF81F, 0xF81F, 0xF81F,
  0xF81F, 0xF81F, 0xF81F, 0x2358, 0x1B16, 0x1B16, 0x1B16, 0x1B16,
  0x1B16, 0x1B16, 0x1B16, 0x1B16, 0x1B15, 0x1459, 0x149A, 0x149A,
  0x149A, 0x149A, 0x149A, 0x149A, 0x149A, 0x149A, 0x147A, 0x1D3C,
  0x369F, 0x2E7F, 0x2E7F, 0x2E7F, 0x2E7F, 0x2E7F, 0x2E7F, 0x2E7F,
  0x2E7F, 0x2E7F, 0xF81F, 0xF81F, 0xF81F, 0xF81F, 0xF81F, 0xF81F,
  0xF81F, 0xF81F, 0xF81F, 0xF81F, 0xF81F, 0xF81F, 0x0251, 0x0231,
  0x0251, 0x0251, 0x0251, 0x0251, 0x0251, 0x0251, 0x0251, 0x0251,
  0x0251, 0x0251, 0x0252, 0x0A93, 0x0A72, 0x0A93, 0x0A93, 0x0A93,
  0x0A93, 0x0A73, 0x0A93, 0x1AF5, 0x1B16, 0x1459, 0x149A, 0x149A,
  0x149A, 0x149A, 0x149A, 0x149A, 0x149A, 0x149A, 0x147A, 0x1D3C,
  0x369F, 0x2E7F, 0x2E7F, 0x2E7F, 0x2E7F, 0x2E7F, 0x2E7F, 0x2E7F,
  0x2E7F, 0x2E7F, 0xF81F, 0xF81F, 0xF81F, 0xF81F, 0xF81F, 0xF81F,
  0xF81F, 0xF81F, 0xF81F, 0xF81F, 0xF81F, 0x0251, 0x0273, 0x0272,
  0x0272, 0x0272, 0x0272, 0x0272, 0x0272, 0x0272, 0x0272, 0x0272,
  0x0272, 0x0272, 0x0252, 0x0231, 0x0231, 0x0231, 0x0231, 0x0231,
  0x0231, 0x0231, 0x0231, 0x0272, 0x1B16, 0x1459, 0x149A, 0x149A,
  0x149A, 0x149A, 0x149A, 0x149A, 0x149A, 0x149A, 0x147A, 0x1D3C,
  0x369F, 0x2E7F, 0x2E7F, 0x2E7F, 0x2E7F, 0x2E7F, 0x2E7F, 0x2E7F,
  0x2E7F, 0x2E7F, 0xF81F, 0xF81F, 0xF81F, 0xF81F, 0xF81F, 0xF81F,
  0xF81F, 0xF81F, 0xF81F, 0xF81F, 0xF81F, 0x0273, 0x0251, 0x0251,
  0x0251, 0x0251, 0x0251, 0x0251, 0x0251, 0x0251, 0x0251, 0x0251,
  0x0251, 0x0251, 0x0231, 0x0251, 0x0251, 0x0251, 0x0251, 0x0251,
  0x0251, 0x0251, 0x0251, 0x0252, 0x1AF5, 0x145A, 0x14BB, 0x149A,
  0x149A, 0x149A, 0x149A, 0x149A, 0x149A, 0x149A, 0x147A, 0x1D3C,
  0x36BF, 0x2E7F, 0x2E7F, 0x2E7F, 0x2E7F, 0x2E7F, 0x2E7F, 0x2E7F,
  0x2E7F, 0x2E7F, 0xF81F, 0xF81F, 0xF81F, 0xF81F, 0xF81F, 0xF81F,
  0xF81F, 0xF81F, 0xF81F, 0xF81F, 0xF81F, 0x0273, 0x0251, 0x0251,
  0x0251, 0x0251, 0x0251, 0x0251, 0x0251, 0x0251, 0x0251, 0x0251,
  0x0251, 0x0251, 0x0251, 0x0251, 0x0251, 0x0251, 0x0251, 0x0251,
  0x0251, 0x0251, 0x0251, 0x0251, 0x12D5, 0x1BF9, 0x1C3A, 0x1C3A,
  0x1C3A, 0x1C3A, 0x1C3A, 0x1C3A, 0x1C3A, 0x1C3A, 0x141A, 0x1CFC,
  0x2E3F, 0x261F, 0x261F, 0x261F, 0x261F, 0x261F, 0x261F, 0x261F,
  0x261F, 0x261F, 0xF81F, 0xF81F, 0xF81F, 0xF81F, 0xF81F, 0xF81F,
  0xF81F, 0xF81F, 0xF81F, 0xF81F, 0xF81F, 0x0273, 0x0251, 0x0251,
  0x0251, 0x0251, 0x0251, 0x0251, 0x0251, 0x0251, 0x0251, 0x0211,
  0x0211, 0x0231, 0x0251, 0x0251, 0x0251, 0x0251, 0x0251, 0x0251,
  0x0251, 0x0251, 0x0251, 0x0252, 0x0275, 0x1B79, 0x23BA, 0x23BA,
  0x23BA, 0x23BA, 0x23BA, 0x23BA, 0x23BA, 0x23BA, 0x239A, 0x1C5C,
  0x1DDF, 0x1D9F, 0x1D9F, 0x1D9F, 0x1D9F, 0x1D9F, 0x1D9F, 0x1D9F,
  0x1D9F, 0x1D9F, 0xF81F, 0xF81F, 0xF81F, 0xF81F, 0xF81F, 0xF81F,
  0xF81F, 0xF81F, 0xF81F, 0xF81F, 0xF81F, 0x0273, 0x0251, 0x0251,
  0x0251, 0x0251, 0x0251, 0x0251, 0x0231, 0x01F0, 0x0251, 0x2333,
  0x2B54, 0x12B2, 0x0211, 0x0211, 0x0251, 0x0251, 0x0251, 0x0251,
  0x0251, 0x0251, 0x0251, 0x0252, 0x0275, 0x1B99, 0x23DA, 0x23BA,
  0x23BA, 0x23BA, 0x23BA, 0x23BA, 0x23BA, 0x23BA, 0x239A, 0x1C7C,
  0x1DDF, 0x1D9F, 0x1DBF, 0x1DBF, 0x1DBF, 0x1DBF, 0x1DBF, 0x1DBF,
  0x1DBF, 0x1DBF, 0xF81F, 0xF81F, 0xF81F, 0xF81F, 0xF81F, 0xF81F,
  0xF81F, 0xF81F, 0xF81F, 0xF81F, 0xF81F, 0x0273, 0x0251, 0x0251,
  0x0251, 0x0251, 0x0251, 0x0231, 0x0A72, 0x7D18, 0xD71D, 0xF7BF,
  0xFFDF, 0xE75E, 0xAE3B, 0x3374, 0x0211, 0x0251, 0x0251, 0x0251,
  0x0251, 0x0251, 0x0251, 0x0252, 0x0275, 0x1B99, 0x23DA, 0x23BA,
  0x23BA, 0x23BA, 0x23BA, 0x23BA, 0x23BA, 0x23BA, 0x239A, 0x1C7C,
  0x1DDF, 0x1D9F, 0x1DBF, 0x1DBF, 0x1DBF, 0x1DBF, 0x1DBF, 0x1DBF,
  0x1DBF, 0x1DBF, 0xF81F, 0xF81F, 0xF81F, 0xF81F, 0xF81F, 0xF81F,
  0xF81F, 0xF81F, 0xF81F, 0xF81F, 0xF81F, 0x0273, 0x0251, 0x0251,
  0x0251, 0x0251, 0x0231, 0x1292, 0xBE9C, 0xFFFF, 0xFFFF, 0xF7DF,
  0xEF9E, 0xFFFF, 0xFFFF, 0xF7DF, 0x5436, 0x0211, 0x0251, 0x0251,
  0x0251, 0x0251, 0x0251, 0x0252, 0x0275, 0x1B99, 0x23DA, 0x23BA,
  0x23BA, 0x23BA, 0x23BA, 0x23BA, 0x23BA, 0x23BA, 0x239A, 0x1C7C,
  0x1DDF, 0x1D9F, 0x1DBF, 0x1DBF, 0x1DBF, 0x1DBF, 0x1DBF, 0x1DBF,
  0x1DBF, 0x1DBF, 0xF81F, 0xF81F, 0xF81F, 0xF81F, 0xF81F, 0xF81F,
  0xF81F, 0xF81F, 0xF81F, 0xF81F, 0xF81F, 0x0273, 0x0251, 0x0251,
  0x0251, 0x0251, 0x0211, 0x9DDA, 0xFFFF, 0xFFFF, 0x8D59, 0x22F3,
  0x0A92, 0x4BF5, 0xD71D, 0xFFFF, 0xF7BF, 0x2B34, 0x0211, 0x0251,
  0x0251, 0x0251, 0x0251, 0x0252, 0x0275, 0x1B99, 0x23DA, 0x23BA,
  0x23BA, 0x23BA, 0x23BA, 0x23BA, 0x23BA, 0x23BA, 0x239A, 0x1C7C,
  0x1DDF, 0x1D9F, 0x1DBF, 0x1DBF, 0x1DBF, 0x1DBF, 0x1DBF, 0x1DBF,
  0x1DBF, 0x1DBF, 0xF81F, 0xF81F, 0xF81F, 0xF81F, 0xF81F, 0xF81F,
  0xF81F, 0xF81F, 0xF81F, 0xF81F, 0xF81F, 0x0273, 0x0251, 0x0251,
  0x0251, 0x0211, 0x2B54, 0xFFDF, 0xFFFF, 0x9DBA, 0x01D0, 0x0231,
  0x0251, 0x01D0, 0x3374, 0xF7BF, 0xFFFF, 0x95BA, 0x01F0, 0x0251,
  0x0251, 0x0251, 0x0251, 0x0252, 0x0275, 0x1B99, 0x23DA, 0x23BA,
  0x23BA, 0x23BA, 0x23BA, 0x23BA, 0x23BA, 0x23BA, 0x239A, 0x1C7C,
  0x1DDF, 0x1D9F, 0x1DBF, 0x1DBF, 0x1DBF, 0x1DBF, 0x1DBF, 0x1DBF,
  0x1DBF, 0x1DBF, 0xF81F, 0xF81F, 0xF81F, 0xF81F, 0xF81F, 0xF81F,
  0xF81F, 0xF81F, 0xF81F, 0xF81F, 0xF81F, 0x0273, 0x0251, 0x0251,
  0x0251, 0x01D0, 0x74D8, 0xFFFF, 0xF7BF, 0x3374, 0x0211, 0x0271,
  0x0251, 0x0272, 0x01F0, 0xAE3B, 0xFFFF, 0xD6FD, 0x0A92, 0x0231,
  0x0251, 0x0251, 0x0251, 0x0252, 0x0275, 0x1B99, 0x23DA, 0x23BA,
  0x23BA, 0x23BA, 0x23BA, 0x23BA, 0x23BA, 0x23BA, 0x239A, 0x1C7C,
  0x1DDF, 0x1D9F, 0x1DBF, 0x1DBF, 0x1DBF, 0x1DBF, 0x1DBF, 0x1DBF,
  0x1DBF, 0x1DBF, 0xF81F, 0xF81F, 0xF81F, 0xF81F, 0xF81F, 0xF81F,
  0xF81F, 0xF81F, 0xF81F, 0xF81F, 0xF81F, 0x0273, 0x0251, 0x0251,
  0x0251, 0x01F0, 0x8D79, 0xFFFF, 0xDF3E, 0x12B2, 0x0231, 0x0251,
  0x0251, 0x0251, 0x01F0, 0x7D18, 0xFFFF, 0xEF9E, 0x1AF3, 0x0211,
  0x0251, 0x0251, 0x0251, 0x0252, 0x0275, 0x1B9A, 0x23DA, 0x23BA,
  0x23BA, 0x23BA, 0x23BA, 0x23BA, 0x23BA, 0x23DA, 0x239A, 0x1C5C,
  0x1DDF, 0x1DBF, 0x1DBF, 0x1DBF, 0x1DBF, 0x1DBF, 0x1DBF, 0x1DBF,
  0x1DBF, 0x1DBF, 0x1A54, 0xF81F, 0xF81F, 0xF81F, 0xF81F, 0xF81F,
  0xF81F, 0xF81F, 0xF81F, 0xF81F, 0xF81F, 0x0273, 0x0251, 0x0251,
  0x0251, 0x01F0, 0x9599, 0xFFFF, 0xDF3D, 0x0A92, 0x0231, 0x0251,
  0x0251, 0x0251, 0x01F0, 0x7D18, 0xFFFF, 0xF7BF, 0x22F3, 0x0211,
  0x0251, 0x0251, 0x0251, 0x0252, 0x0275, 0x1B9A, 0x23DA, 0x23BA,
  0x23BA, 0x23BA, 0x23BA, 0x23BA, 0x23BA, 0x23BA, 0x239A, 0x1C7C,
  0x1DFF, 0x1DBF, 0x1D9F, 0x1D9F, 0x1D9F, 0x1D9F, 0x1D9F, 0x1D9F,
  0x1D9F, 0x1D9F, 0x19F3, 0xF81F, 0xF81F, 0xF81F, 0xF81F, 0xF81F,
  0xF81F, 0xF81F, 0xF81F, 0xF81F, 0xF81F, 0x0273, 0x0251, 0x0251,
  0x0251, 0x01D0, 0x7D18, 0xFFFF, 0xEFBF, 0x2B34, 0x0211, 0x0251,
  0x0251, 0x0271, 0x01F0, 0xA5FA, 0xFFFF, 0xDF1D, 0x12B2, 0x0231,
  0x0251, 0x0251, 0x0251, 0x0251, 0x0A33, 0x1338, 0x1359, 0x1359,
  0x1359, 0x1359, 0x1359, 0x1359, 0x1359, 0x1359, 0x1338, 0x139A,
  0x13FC, 0x13FB, 0x13DB, 0x13FB, 0x13FB, 0x13DB, 0x13FB, 0x13FB,
  0x13DB, 0x0BBB, 0x249A, 0xF81F, 0xF81F, 0xF81F, 0xF81F, 0xF81F,
  0xF81F, 0xF81F, 0xF81F, 0xF81F, 0xF81F, 0x0273, 0x0251, 0x0251,
  0x0251, 0x0211, 0x3BB5, 0xFFFF, 0xFFFF, 0x8538, 0x01D0, 0x0251,
  0x0251, 0x01F0, 0x1AF3, 0xE77E, 0xFFFF, 0xA5FA, 0x0211, 0x0251,
  0x0251, 0x0251, 0x0251, 0x0251, 0x0A13, 0x1318, 0x1359, 0x1338,
  0x1338, 0x1338, 0x1338, 0x1338, 0x1338, 0x1339, 0x1338, 0x1359,
  0x0B9B, 0x0B9B, 0x0B9B, 0x0B9B, 0x0B9B, 0x0B9B, 0x0B7A, 0x0B7A,
  0x141C, 0x259E, 0x373F, 0xF81F, 0xF81F, 0xF81F, 0xF81F, 0xF81F,
  0xF81F, 0xF81F, 0xF81F, 0xF81F, 0xF81F, 0x0273, 0x0251, 0x0251,
  0x0251, 0x0251, 0x0231, 0xBE7C, 0xFFFF, 0xF7BF, 0x6477, 0x0251,
  0x0231, 0x22F3, 0xBE9C, 0xFFFF, 0xFFFF, 0x3B95, 0x0211, 0x0251,
  0x0251, 0x0251, 0x0251, 0x0251, 0x0A33, 0x1318, 0x1359, 0x1338,
  0x1338, 0x1338, 0x1338, 0x1338, 0x1338, 0x1339, 0x1338, 0x1359,
  0x0BBB, 0x0B9B, 0x0BBB, 0x13BB, 0x0B9B, 0x0B7A, 0x13FB, 0x255E,
  0x2E7F, 0x2EBF, 0x36FF, 0xF81F, 0xF81F, 0xF81F, 0xF81F, 0xF81F,
  0xF81F, 0xF81F, 0xF81F, 0xF81F, 0xF81F, 0x0273, 0x0251, 0x0251,
  0x0251, 0x0251, 0x0211, 0x2313, 0xDF5E, 0xFFFF, 0xFFFF, 0xDF1D,
  0xCEDC, 0xF7DF, 0xFFFF, 0xFFFF, 0x7CF8, 0x0211, 0x0251, 0x0251,
  0x0251, 0x0251, 0x0251, 0x0251, 0x0A33, 0x1318, 0x1359, 0x1338,
  0x1338, 0x1338, 0x1338, 0x1338, 0x1338, 0x1339, 0x1338, 0x1359,
  0x0BBB, 0x0BBB, 0x0B9B, 0x0B7A, 0x13BB, 0x1CFD, 0x2E5F, 0x36BF,
  0x2E9F, 0x2E7F, 0x371F, 0xF81F, 0xF81F, 0xF81F, 0xF81F, 0xF81F,
  0xF81F, 0xF81F, 0xF81F, 0xF81F, 0xF81F, 0x0273, 0x0251, 0x0251,
  0x0251, 0x0251, 0x0251, 0x0211, 0x1AF3, 0xA5FA, 0xEF9E, 0xFFFF,
  0xFFFF, 0xFFFF, 0xD6FD, 0x5C56, 0x0211, 0x0251, 0x0251, 0x0251,
  0x0251, 0x0251, 0x0251, 0x0251, 0x0A33, 0x1318, 0x1359, 0x1338,
  0x1338, 0x1338, 0x1338, 0x1338, 0x1338, 0x1339, 0x1338, 0x1379,
  0x0BBB, 0x0B7A, 0x0B9B, 0x1CBC, 0x2E1F, 0x36BF, 0x2E9F, 0x2E7F,
  0x2E9F, 0x2E9F, 0x371F, 0xF81F, 0xF81F, 0xF81F, 0xF81F, 0xF81F,
  0xF81F, 0xF81F, 0xF81F, 0xF81F, 0xF81F, 0x0273, 0x0251, 0x0251,
  0x0251, 0x0251, 0x0251, 0x0251, 0x0231, 0x0211, 0x2313, 0x4BF5,
  0x4C16, 0x3B94, 0x0272, 0x01F0, 0x0251, 0x0251, 0x0251, 0x0251,
  0x0251, 0x0251, 0x0251, 0x0251, 0x0A13, 0x1318, 0x1359, 0x1338,
  0x1338, 0x1338, 0x1338, 0x1338, 0x1338, 0x1359, 0x1338, 0x1339,
  0x0B9B, 0x145C, 0x25BE, 0x2EBF, 0x2E9F, 0x2E7F, 0x2E9F, 0x2E9F,
  0x2E9F, 0x2E9F, 0x371F, 0xF81F, 0xF81F, 0xF81F, 0xF81F, 0xF81F,
  0xF81F, 0xF81F, 0xF81F, 0xF81F, 0xF81F, 0x0273, 0x0251, 0x0251,
  0x0251, 0x0251, 0x0251, 0x0251, 0x0251, 0x0251, 0x0211, 0x01F0,
  0x01F0, 0x0211, 0x0231, 0x0251, 0x0251, 0x0251, 0x0251, 0x0251,
  0x0251, 0x0251, 0x0251, 0x0252, 0x0A53, 0x12F7, 0x1359, 0x1358,
  0x1338, 0x1338, 0x1338, 0x1338, 0x1359, 0x1338, 0x12F8, 0x13DA,
  0x257E, 0x2E9F, 0x36BF, 0x2E7F, 0x2E7F, 0x2E9F, 0x2E9F, 0x2E9F,
  0x2E9F, 0x2E9F, 0x371F, 0xF81F, 0xF81F, 0xF81F, 0xF81F, 0xF81F,
  0xF81F, 0xF81F, 0xF81F, 0xF81F, 0xF81F, 0x0273, 0x0251, 0x0251,
  0x0251, 0x0251, 0x0251, 0x0251, 0x0251, 0x0251, 0x0251, 0x0251,
  0x0251, 0x0251, 0x0251, 0x0251, 0x0251, 0x0251, 0x0251, 0x0251,
  0x0251, 0x0251, 0x0231, 0x0272, 0x147A, 0x13D9, 0x1338, 0x1338,
  0x1338, 0x1338, 0x1359, 0x1338, 0x1318, 0x1379, 0x24DC, 0x2E5F,
  0x36BF, 0x2E9F, 0x2E7F, 0x2E9F, 0x2E9F, 0x2E9F, 0x2E9F, 0x2E9F,
  0x2E9F, 0x2E9F, 0x371F, 0xF81F, 0xF81F, 0xF81F, 0xF81F, 0xF81F,
  0xF81F, 0xF81F, 0xF81F, 0xF81F, 0xF81F, 0x0273, 0x0251, 0x0251,
  0x0251, 0x0251, 0x0251, 0x0251, 0x0251, 0x0251, 0x0251, 0x0251,
  0x0251, 0x0251, 0x0251, 0x0251, 0x0251, 0x0251, 0x0251, 0x0251,
  0x0251, 0x0251, 0x0251, 0x0272, 0x14FC, 0x153C, 0x149B, 0x13B9,
  0x1338, 0x1338, 0x1318, 0x1338, 0x1C9B, 0x2E1E, 0x2EBF, 0x2E9F,
  0x2E7F, 0x2E9F, 0x2E9F, 0x2E9F, 0x2E9F, 0x2E9F, 0x2E9F, 0x2E9F,
  0x2E9F, 0x2E9F, 0x371F, 0xF81F, 0xF81F, 0xF81F, 0xF81F, 0xF81F,
  0xF81F, 0xF81F, 0xF81F, 0xF81F, 0xF81F, 0x0251, 0x0273, 0x0272,
  0x0272, 0x0272, 0x0272, 0x0272, 0x0272, 0x0272, 0x0272, 0x0272,
  0x0231, 0x0210, 0x0210, 0x0210, 0x0210, 0x0210, 0x0210, 0x0210,
  0x0210, 0x0211, 0x0210, 0x02F4, 0x14FC, 0x14FC, 0x151C, 0x151C,
  0x145B, 0x1379, 0x1C3A, 0x2DDE, 0x2EBF, 0x2E9F, 0x2E7F, 0x2E7F,
  0x2E9F, 0x2E9F, 0x2E9F, 0x2E9F, 0x2E9F, 0x2E9F, 0x2E9F, 0x2E9F,
  0x2E9F, 0x2E9F, 0x371F, 0xF81F, 0xF81F, 0xF81F, 0xF81F, 0xF81F,
  0xF81F, 0xF81F, 0xF81F, 0xF81F, 0xF81F, 0xF81F, 0x0251, 0x0231,
  0x0251, 0x0251, 0x0251, 0x0251, 0x0251, 0x0251, 0x0251, 0x0251,
  0x02F4, 0x0355, 0x0334, 0x0335, 0x0335, 0x0335, 0x0335, 0x0335,
  0x0335, 0x0315, 0x0B76, 0x14BB, 0x151C, 0x14FC, 0x14FC, 0x14FC,
  0x151C, 0x14FC, 0x25BE, 0x2E9F, 0x2E9F, 0x2E7F, 0x2E7F, 0x2E9F,
  0x2E9F, 0x2E9F, 0x2E9F, 0x2E9F, 0x2E9F, 0x2E9F, 0x2E9F, 0x2E9F,
  0x2E9F, 0x2E9F, 0x371F, 0xF81F, 0xF81F, 0xF81F, 0xF81F, 0xF81F,
  0xF81F, 0xF81F, 0xF81F, 0xF81F, 0xF81F, 0xF81F, 0xF81F, 0xF81F,
  0xF81F, 0xF81F, 0xF81F, 0xF81F, 0xF81F, 0xF81F, 0xF81F, 0xF81F,
  0x155D, 0x159F, 0x153C, 0x153D, 0x153D, 0x153D, 0x153D, 0x153D,
  0x153D, 0x153D, 0x153D, 0x151C, 0x14FC, 0x14FC, 0x14FC, 0x14FC,
  0x14FC, 0x151C, 0x14FC, 0x151C, 0x25FE, 0x2E9F, 0x369F, 0x2E9F,
  0x2E9F, 0x2E9F, 0x2E9F, 0x2E9F, 0x2E9F, 0x2E9F, 0x2E9F, 0x2E9F,
  0x2E9F, 0x2E9F, 0x371F, 0xF81F, 0xF81F, 0xF81F, 0xF81F, 0xF81F,
  0xF81F, 0xF81F, 0xF81F, 0xF81F, 0xF81F, 0xF81F, 0xF81F, 0xF81F,
  0xF81F, 0xF81F, 0xF81F, 0xF81F, 0xF81F, 0xF81F, 0xF81F, 0xF81F,
  0x14FC, 0x155E, 0x14FC, 0x14FC, 0x14FC, 0x14FC, 0x14FC, 0x14FC,
  0x14FC, 0x14FC, 0x14FC, 0x14FC, 0x14FC, 0x14FC, 0x14FC, 0x14FC,
  0x14FC, 0x14FC, 0x14FC, 0x14FC, 0x14FC, 0x1D5D, 0x261E, 0x2E9F,
  0x2E9F, 0x2E7F, 0x2E9F, 0x2E9F, 0x2E9F, 0x2E9F, 0x2E9F, 0x2E9F,
  0x2E9F, 0x2E9F, 0x371F, 0xF81F, 0xF81F, 0xF81F, 0xF81F, 0xF81F,
  0xF81F, 0xF81F, 0xF81F, 0xF81F, 0xF81F, 0xF81F, 0xF81F, 0xF81F,
  0xF81F, 0xF81F, 0xF81F, 0xF81F, 0xF81F, 0xF81F, 0xF81F, 0xF81F,
  0x14FC, 0x155E, 0x14FC, 0x14FC, 0x14FC, 0x14FC, 0x14FC, 0x14FC,
  0x14FC, 0x14FC, 0x14FC, 0x14FC, 0x14FC, 0x14FC, 0x14FC, 0x14FC,
  0x14FC, 0x14FC, 0x14FC, 0x14FC, 0x14FC, 0x14FC, 0x14FC, 0x1D7D,
  0x2E3F, 0x369F, 0x2E9F, 0x2E7F, 0x2E9F, 0x2E9F, 0x2E9F, 0x2E9F,
  0x2E9F, 0x2E9F, 0x371F, 0xF81F, 0xF81F, 0xF81F, 0xF81F, 0xF81F,
  0xF81F, 0xF81F, 0xF81F, 0xF81F, 0xF81F, 0xF81F, 0xF81F, 0xF81F,
  0xF81F, 0xF81F, 0xF81F, 0xF81F, 0xF81F, 0xF81F, 0xF81F, 0xF81F,
  0x14FC, 0x155E, 0x14FC, 0x14FC, 0x14FC, 0x14FC, 0x14FC, 0x14FC,
  0x14FC, 0x14FC, 0x14FC, 0x14FC, 0x14FC, 0x14FC, 0x14FC, 0x14FC,
  0x14FC, 0x14FC, 0x14FC, 0x14FC, 0x14FC, 0x151C, 0x14FC, 0x14FC,
  0x151C, 0x1DBD, 0x2E5F, 0x369F, 0x2E9F, 0x2E7F, 0x2E9F, 0x2E9F,
  0x2E9F, 0x2E9F, 0x371F, 0xF81F, 0xF81F, 0xF81F, 0xF81F, 0xF81F,
  0xF81F, 0xF81F, 0xF81F, 0xF81F, 0xF81F, 0xF81F, 0xF81F, 0xF81F,
  0xF81F, 0xF81F, 0xF81F, 0xF81F, 0xF81F, 0xF81F, 0xF81F, 0xF81F,
  0x14FC, 0x155E, 0x14FC, 0x14FC, 0x14FC, 0x14FC, 0x14FC, 0x14FC,
  0x14FC, 0x14FC, 0x14FC, 0x14FC, 0x14FC, 0x14FC, 0x14FC, 0x14FC,
  0x14FC, 0x14FC, 0x14FC, 0x14FC, 0x14FC, 0x14FC, 0x14FC, 0x151C,
  0x14FC, 0x14FC, 0x151C, 0x25DE, 0x2E7F, 0x2E9F, 0x2E9F, 0x2E7F,
  0x2E9F, 0x2E9F, 0x371F, 0xF81F, 0xF81F, 0xF81F, 0xF81F, 0xF81F,
  0xF81F, 0xF81F, 0xF81F, 0xF81F, 0xF81F, 0xF81F, 0xF81F, 0xF81F,
  0xF81F, 0xF81F, 0xF81F, 0xF81F, 0xF81F, 0xF81F, 0xF81F, 0xF81F,
  0x14FC, 0x155E, 0x14FC, 0x14FC, 0x14FC, 0x14FC, 0x14FC, 0x14FC,
  0x14FC, 0x14FC, 0x14FC, 0x14FC, 0x14FC, 0x14FC, 0x14FC, 0x14FC,
  0x14FC, 0x14FC, 0x14FC, 0x14FC, 0x14FC, 0x14FC, 0x14FC, 0x14FC,
  0x14FC, 0x151C, 0x14FC, 0x14FC, 0x1D3C, 0x261E, 0x2E9F, 0x2E9F,
  0x2E7F, 0x2E9F, 0x371F, 0xF81F, 0xF81F, 0xF81F, 0xF81F, 0xF81F,
  0xF81F, 0xF81F, 0xF81F, 0xF81F, 0xF81F, 0xF81F, 0xF81F, 0xF81F,
  0xF81F, 0xF81F, 0xF81F, 0xF81F, 0xF81F, 0xF81F, 0xF81F, 0xF81F,
  0x14FC, 0x155E, 0x151C, 0x14FC, 0x14FC, 0x14FC, 0x14FC, 0x14FC,
  0x14FC, 0x14FC, 0x14FC, 0x14FC, 0x14FC, 0x14FC, 0x14FC, 0x14FC,
  0x14FC, 0x14FC, 0x14FC, 0x14FC, 0x14FC, 0x14FC, 0x14FC, 0x14FC,
  0x14FC, 0x14FC, 0x14FC, 0x14FC, 0x14FC, 0x14FC, 0x1D5D, 0x2E3F,
  0x2E9F, 0x2E9F, 0x371F, 0xF81F, 0xF81F, 0xF81F, 0xF81F, 0xF81F,
  0xF81F, 0xF81F, 0xF81F, 0xF81F, 0xF81F, 0xF81F, 0xF81F, 0xF81F,
  0xF81F, 0xF81F, 0xF81F, 0xF81F, 0xF81F, 0xF81F, 0xF81F, 0xF81F,
  0x14FB, 0x157E, 0x14FC, 0x151C, 0x151C, 0x151C, 0x151C, 0x151C,
  0x151C, 0x151C, 0x151C, 0x151C, 0x151C, 0x151C, 0x151C, 0x151C,
  0x151C, 0x151C, 0x151C, 0x151C, 0x151C, 0x151C, 0x151C, 0x151C,
  0x151C, 0x151C, 0x151C, 0x151C, 0x151C, 0x151C, 0x14FC, 0x151C,
  0x1DBE, 0x2E5F, 0x36DF, 0xF81F, 0xF81F, 0xF81F, 0xF81F, 0xF81F,
  0xF81F, 0xF81F, 0xF81F, 0xF81F, 0xF81F, 0xF81F, 0xF81F, 0xF81F,
  0xF81F, 0xF81F, 0xF81F, 0xF81F, 0xF81F, 0xF81F, 0xF81F, 0xF81F,
  0xF81F, 0x153C, 0x151C, 0x14FC, 0x14FC, 0x14FC, 0x14FC, 0x14FC,
  0x14FC, 0x14FC, 0x14FC, 0x14FC, 0x14FC, 0x14FC, 0x14FC, 0x14FC,
  0x14FC, 0x14FC, 0x14FC, 0x14FC, 0x14FC, 0x14FC, 0x14FC, 0x14FC,
  0x14FC, 0x14FC, 0x14FC, 0x14FC, 0x14FC, 0x14FC, 0x14FC, 0x14FC,
  0x14DB, 0x155D, 0x25FE, 0xF81F, 0xF81F, 0xF81F, 0xF81F, 0xF81F,
  0xF81F, 0xF81F, 0xF81F, 0xF81F, 0xF81F, 0xF81F, 0xF81F, 0xF81F,
  0xF81F, 0xF81F, 0xF81F, 0xF81F, 0xF81F, 0xF81F, 0xF81F, 0xF81F,
  0xF81F, 0xF81F, 0xF81F, 0xF81F, 0xF81F, 0xF81F, 0xF81F, 0xF81F,
  0xF81F, 0xF81F, 0xF81F, 0xF81F, 0xF81F, 0xF81F, 0xF81F, 0xF81F,
  0xF81F, 0xF81F, 0xF81F, 0xF81F, 0xF81F, 0xF81F, 0xF81F, 0xF81F,
  0xF81F, 0xF81F, 0xF81F, 0xF81F, 0xF81F, 0xF81F, 0xF81F, 0xF81F,
  0xF81F, 0xF81F, 0xF81F, 0xF81F, 0xF81F, 0xF81F, 0xF81F, 0xF81F,
  0xF81F, 0xF81F, 0xF81F, 0xF81F, 0xF81F, 0xF81F, 0xF81F, 0xF81F,
  0xF81F, 0xF81F, 0xF81F, 0xF81F, 0xF81F, 0xF81F, 0xF81F, 0xF81F,
  0xF81F, 0xF81F, 0xF81F, 0xF81F, 0xF81F, 0xF81F, 0xF81F, 0xF81F,
  0xF81F, 0xF81F, 0xF81F, 0xF81F, 0xF81F, 0xF81F, 0xF81F, 0xF81F,
  0xF81F, 0xF81F, 0xF81F, 0xF81F, 0xF81F, 0xF81F, 0xF81F, 0xF81F,
  0xF81F, 0xF81F, 0xF81F, 0xF81F, 0xF81F, 0xF81F, 0xF81F, 0xF81F,
  0xF81F, 0xF81F, 0xF81F, 0xF81F, 0xF81F, 0xF81F, 0xF81F, 0xF81F,
  0xF81F, 0xF81F, 0xF81F, 0xF81F, 0xF81F, 0xF81F, 0xF81F, 0xF81F,
  0xF81F, 0xF81F, 0xF81F, 0xF81F, 0xF81F, 0xF81F, 0xF81F, 0xF81F,
  0xF81F, 0xF81F, 0xF81F, 0xF81F, 0xF81F, 0xF81F, 0xF81F, 0xF81F,
  0xF81F, 0xF81F, 0xF81F, 0xF81F, 0xF81F, 0xF81F, 0xF81F, 0xF81F,
  0xF81F, 0xF81F, 0xF81F, 0xF81F, 0xF81F, 0xF81F, 0xF81F, 0xF81F,
  0xF81F, 0xF81F, 0xF81F, 0xF81F, 0xF81F, 0xF81F, 0xF81F, 0xF81F,
  0xF81F, 0xF81F, 0xF81F, 0xF81F, 0xF81F, 0xF81F, 0xF81F, 0xF81F,
  0xF81F, 0xF81F, 0xF81F, 0xF81F, 0xF81F, 0xF81F, 0xF81F, 0xF81F,
  0xF81F, 0xF81F, 0xF81F, 0xF81F, 0xF81F, 0xF81F, 0xF81F, 0xF81F,
  0xF81F, 0xF81F, 0xF81F, 0xF81F, 0xF81F, 0xF81F, 0xF81F, 0xF81F,
  0xF81F, 0xF81F, 0xF81F, 0xF81F, 0xF81F, 0xF81F, 0xF81F, 0xF81F,
  0xF81F, 0xF81F, 0xF81F, 0xF81F, 0xF81F, 0xF81F, 0xF81F, 0xF81F,
  0xF81F, 0xF81F, 0xF81F, 0xF81F, 0xF81F, 0xF81F, 0xF81F, 0xF81F,
  0xF81F, 0xF81F, 0xF81F, 0xF81F, 0xF81F, 0xF81F, 0xF81F, 0xF81F,
  0xF81F, 0xF81F, 0xF81F, 0xF81F, 0xF81F, 0xF81F, 0xF81F, 0xF81F,
  0xF81F, 0xF81F, 0xF81F, 0xF81F, 0xF81F, 0xF81F, 0xF81F, 0xF81F,
  0xF81F, 0xF81F, 0xF81F, 0xF81F, 0xF81F, 0xF81F, 0xF81F, 0xF81F,
  0xF81F, 0xF81F, 0xF81F, 0xF81F, 0xF81F, 0xF81F, 0xF81F, 0xF81F,
  0xF81F, 0xF81F, 0xF81F, 0xF81F, 0xF81F, 0xF81F, 0xF81F, 0xF81F,
  0xF81F, 0xF81F, 0xF81F, 0xF81F, 0xF81F, 0xF81F, 0xF81F, 0xF81F,
  0xF81F, 0xF81F, 0xF81F, 0xF81F, 0xF81F, 0xF81F, 0xF81F, 0xF81F,
  0xF81F, 0xF81F, 0xF81F, 0xF81F, 0xF81F, 0xF81F, 0xF81F, 0xF81F,
  0xF81F, 0xF81F, 0xF81F, 0xF81F, 0xF81F, 0xF81F, 0xF81F, 0xF81F,
  0xF81F, 0xF81F, 0xF81F, 0xF81F, 0xF81F, 0xF81F, 0xF81F, 0xF81F,
  0xF81F, 0xF81F, 0xF81F, 0xF81F, 0xF81F, 0xF81F, 0xF81F, 0xF81F,
  0xF81F, 0xF81F, 0xF81F, 0xF81F, 0xF81F, 0xF81F, 0xF81F, 0xF81F,
  0xF81F, 0xF81F, 0xF81F, 0xF81F, 0xF81F, 0xF81F, 0xF81F, 0xF81F,
  0xF81F, 0xF81F, 0xF81F, 0xF81F, 0xF81F, 0xF81F, 0xF81F, 0xF81F,
  0xF81F, 0xF81F, 0xF81F, 0xF81F, 0xF81F, 0xF81F, 0xF81F, 0xF81F,
  0xF81F, 0xF81F, 0xF81F, 0xF81F, 0xF81F, 0xF81F, 0xF81F, 0xF81F,
  0xF81F, 0xF81F, 0xF81F, 0xF81F, 0xF81F, 0xF81F, 0xF81F, 0xF81F,
  0xF81F, 0xF81F, 0xF81F, 0xF81F, 0xF81F, 0xF81F, 0xF81F, 0xF81F,
  0xF81F, 0xF81F, 0xF81F, 0xF81F, 0xF81F, 0xF81F, 0xF81F, 0xF81F,
  0xF81F, 0xF81F, 0xF81F, 0xF81F, 0xF81F, 0xF81F, 0xF81F, 0xF81F,
  0xF81F, 0xF81F, 0xF81F, 0xF81F, 0xF81F, 0xF81F, 0xF81F, 0xF81F,
};

// 56x56 RGB565
const uint16_t icon_onenote[3136] PROGMEM = {
  0xF81F, 0xF81F, 0xF81F, 0xF81F, 0xF81F, 0xF81F, 0xF81F, 0xF81F,
  0xF81F, 0xF81F, 0xF81F, 0xF81F, 0xF81F, 0xF81F, 0xF81F, 0xF81F,
  0xF81F, 0xF81F, 0xF81F, 0xF81F, 0xF81F, 0xF81F, 0xF81F, 0xF81F,
  0xF81F, 0xF81F, 0xF81F, 0xF81F, 0xF81F, 0xF81F, 0xF81F, 0xF81F,
  0xF81F, 0xF81F, 0xF81F, 0xF81F, 0xF81F, 0xF81F, 0xF81F, 0xF81F,
  0xF81F, 0xF81F, 0xF81F, 0xF81F, 0xF81F, 0xF81F, 0xF81F, 0xF81F,
  0xF81F, 0xF81F, 0xF81F, 0xF81F, 0xF81F, 0xF81F, 0xF81F, 0xF81F,
  0xF81F, 0xF81F, 0xF81F, 0xF81F, 0xF81F, 0xF81F, 0xF81F, 0xF81F,
  0xF81F, 0xF81F, 0xF81F, 0xF81F, 0xF81F, 0xF81F, 0xF81F, 0xF81F,
  0xF81F, 0xF81F, 0xF81F, 0xF81F, 0xF81F, 0xF81F, 0xF81F, 0xF81F,
  0xF81F, 0xF81F, 0xF81F, 0xF81F, 0xF81F, 0xF81F, 0xF81F, 0xF81F,
  0xF81F, 0xF81F, 0xF81F, 0xF81F, 0xF81F, 0xF81F, 0xF81F, 0xF81F,
  0xF81F, 0xF81F, 0xF81F, 0xF81F, 0xF81F, 0xF81F, 0xF81F, 0xF81F,
  0xF81F, 0xF81F, 0xF81F, 0xF81F, 0xF81F, 0xF81F, 0xF81F, 0xF81F,
  0xF81F, 0xF81F, 0xF81F, 0xF81F, 0xF81F, 0xF81F, 0xF81F, 0xF81F,
  0xF81F, 0xF81F, 0xF81F, 0xF81F, 0xF81F, 0xF81F, 0xF81F, 0xF81F,
  0xF81F, 0xF81F, 0xF81F, 0xF81F, 0xF81F, 0xF81F, 0xF81F, 0xF81F,
  0xF81F, 0xF81F, 0xF81F, 0xF81F, 0xF81F, 0xF81F, 0xF81F, 0xF81F,
  0xF81F, 0xF81F, 0xF81F, 0xF81F, 0xF81F, 0xF81F, 0xF81F, 0xF81F,
  0xF81F, 0xF81F, 0xF81F, 0xF81F, 0xF81F, 0xF81F, 0xF81F, 0xF81F,
  0xF81F, 0xF81F, 0xF81F, 0xF81F, 0xF81F, 0xF81F, 0xF81F, 0xF81F,
  0xF81F, 0xF81F, 0xF81F, 0xF81F, 0xF81F, 0xF81F, 0xF81F, 0xF81F,
  0xF81F, 0xF81F, 0xF81F, 0xF81F, 0xF81F, 0xF81F, 0xF81F, 0xF81F,
  0xF81F, 0xF81F, 0xF81F, 0xF81F, 0xF81F, 0xF81F, 0xF81F, 0xF81F,
  0xF81F, 0xF81F, 0xF81F, 0xF81F, 0xF81F, 0xF81F, 0xF81F, 0xF81F,
  0xF81F, 0xF81F, 0xF81F, 0xF81F, 0xF81F, 0xF81F, 0xF81F, 0xF81F,
  0xF81F, 0xF81F, 0xF81F, 0xF81F, 0xF81F, 0xF81F, 0xF81F, 0xF81F,
  0xF81F, 0xF81F, 0xF81F, 0xF81F, 0xF81F, 0xF81F, 0xF81F, 0xF81F,
  0xF81F, 0xF81F, 0xF81F, 0xF81F, 0xF81F, 0xF81F, 0xF81F, 0xF81F,
  0xF81F, 0xF81F, 0xF81F, 0xF81F, 0xF81F, 0xF81F, 0xF81F, 0xF81F,
  0xF81F, 0xF81F, 0xF81F, 0xF81F, 0xF81F, 0xF81F, 0xF81F, 0xF81F,
  0xF81F, 0xF81F, 0xF81F, 0xF81F, 0xF81F, 0xF81F, 0xF81F, 0xF81F,
  0xF81F, 0xF81F, 0xF81F, 0xF81F, 0xF81F, 0xF81F, 0xF81F, 0xF81F,
  0xF81F, 0xF81F, 0xF81F, 0xF81F, 0xF81F, 0xF81F, 0xF81F, 0xF81F,
  0xF81F, 0xF81F, 0xF81F, 0xF81F, 0xF81F, 0xF81F, 0xF81F, 0xF81F,
  0xF81F, 0xF81F, 0xF81F, 0xF81F, 0xF81F, 0xF81F, 0xF81F, 0xF81F,
  0xF81F, 0xF81F, 0xF81F, 0xF81F, 0xF81F, 0xF81F, 0xF81F, 0xF81F,
  0xF81F, 0xF81F, 0xF81F, 0xF81F, 0xF81F, 0xF81F, 0xF81F, 0xF81F,
  0xF81F, 0xF81F, 0xF81F, 0xF81F, 0xF81F, 0xF81F, 0xF81F, 0xF81F,
  0xF81F, 0xF81F, 0xF81F, 0xF81F, 0xF81F, 0xF81F, 0xF81F, 0xF81F,
  0xF81F, 0xF81F, 0xF81F, 0xF81F, 0xF81F, 0xF81F, 0xF81F, 0xF81F,
  0xF81F, 0xF81F, 0xF81F, 0xF81F, 0xF81F, 0xF81F, 0xF81F, 0xF81F,
  0xF81F, 0xF81F, 0xF81F, 0xF81F, 0xF81F, 0xF81F, 0xF81F, 0xF81F,
  0xF81F, 0xF81F, 0xF81F, 0xF81F, 0xF81F, 0xF81F, 0xF81F, 0xF81F,
  0xF81F, 0xF81F, 0xF81F, 0xF81F, 0xF81F, 0xF81F, 0xF81F, 0xF81F,
  0xF81F, 0xF81F, 0xF81F, 0xF81F, 0xF81F, 0xF81F, 0xF81F, 0xF81F,
  0xF81F, 0xF81F, 0xF81F, 0xF81F, 0xF81F, 0xF81F, 0xF81F, 0xF81F,
  0xF81F, 0xF81F, 0xF81F, 0xF81F, 0xF81F, 0xF81F, 0xF81F, 0xF81F,
  0xF81F, 0xF81F, 0xF81F, 0xF81F, 0xF81F, 0xF81F, 0xF81F, 0xF81F,
  0xF81F, 0xF81F, 0xF81F, 0xF81F, 0xF81F, 0xF81F, 0xF81F, 0xF81F,
  0xF81F, 0xF81F, 0xF81F, 0xF81F, 0xF81F, 0xF81F, 0xF81F, 0xF81F,
  0xF81F, 0xD37F, 0xD37F, 0xD37F, 0xD37F, 0xD37F, 0xD37F, 0xD37F,
  0xD37F, 0xD37F, 0xD37F, 0xD37F, 0xD37F, 0xD37F, 0xD37F, 0xD37F,
  0xD37F, 0xD37F, 0xD37F, 0xD37F, 0xD37F, 0xD37F, 0xD37F, 0xD37F,
  0xCB5F, 0xB29C, 0xB29C, 0xB29C, 0xB29C, 0xB29C, 0xB29C, 0xBABC,
  0xBA9C, 0xBABD, 0xB29C, 0xF81F, 0xF81F, 0xF81F, 0xF81F, 0xF81F,
  0xF81F, 0xF81F, 0xF81F, 0xF81F, 0xF81F, 0xF81F, 0xF81F, 0xF81F,
  0xF81F, 0xF81F, 0xF81F, 0xF81F, 0xF81F, 0xF81F, 0xF81F, 0xF81F,
  0xD37F, 0xEBDF, 0xD37F, 0xDB9F, 0xDB9F, 0xDB9F, 0xDB9F, 0xDB9F,
  0xDB9F, 0xDB9F, 0xDB9F, 0xDB9F, 0xDB9F, 0xDB9F, 0xDB9F, 0xDB9F,
  0xDB9F, 0xDB9F, 0xDB9F, 0xDB9F, 0xDB9F, 0xDB9F, 0xDB9F, 0xDB9F,
  0xD37F, 0xBABC, 0xBABD, 0xBABD, 0xBABD, 0xBABD, 0xBABD, 0xBABD,
  0xBABC, 0xBABD, 0xC2DE, 0xF81F, 0xF81F, 0xF81F, 0xF81F, 0xF81F,
  0xF81F, 0xF81F, 0xF81F, 0xF81F, 0xF81F, 0xF81F, 0xF81F, 0xF81F,
  0xF81F, 0xF81F, 0xF81F, 0xF81F, 0xF81F, 0xF81F, 0xF81F, 0xF81F,
  0xD37F, 0xE3BF, 0xD37F, 0xD37F, 0xD37F, 0xD37F, 0xD37F, 0xD37F,
  0xD37F, 0xD37F, 0xD37F, 0xD37F, 0xD37F, 0xD37F, 0xD37F, 0xD37F,
  0xD37F, 0xD37F, 0xD37F, 0xD37F, 0xD37F, 0xD37F, 0xD37F, 0xD37F,
  0xCB5F, 0xB29C, 0xB2BC, 0xB2BC, 0xB2BC, 0xB2BC, 0xB2BC, 0xB2BC,
  0xBABC, 0xBA9C, 0xC2DE, 0xF81F, 0xF81F, 0xF81F, 0xF81F, 0xF81F,
  0xF81F, 0xF81F, 0xF81F, 0xF81F, 0xF81F, 0xF81F, 0xF81F, 0xF81F,
  0xF81F, 0xF81F, 0xF81F, 0xF81F, 0xF81F, 0xF81F, 0xF81F, 0xF81F,
  0xD37F, 0xE3BF, 0xD37F, 0xD37F, 0xD37F, 0xD37F, 0xD37F, 0xD37F,
  0xD37F, 0xD37F, 0xD37F, 0xD37F, 0xD37F, 0xD37F, 0xD37F, 0xD37F,
  0xD37F, 0xD37F, 0xD37F, 0xD37F, 0xD37F, 0xD37F, 0xD37F, 0xD37F,
  0xD35F, 0xB29C, 0xBABC, 0xBABC, 0xBABC, 0xBABC, 0xBABC, 0xBABC,
  0xBABC, 0xBABC, 0xC2DE, 0xF81F, 0xF81F, 0xF81F, 0xF81F, 0xF81F,
  0xF81F, 0xF81F, 0xF81F, 0xF81F, 0xF81F, 0xF81F, 0xF81F, 0xF81F,
  0xF81F, 0xF81F, 0xF81F, 0xF81F, 0xF81F, 0xF81F, 0xF81F, 0xF81F,
  0xD37F, 0xE3BF, 0xD37F, 0xD37F, 0xD37F, 0xD37F, 0xD37F, 0xD37F,
  0xD37F, 0xD37F, 0xD37F, 0xD37F, 0xD37F, 0xD37F, 0xD37F, 0xD37F,
  0xD37F, 0xD37F, 0xD37F, 0xD37F, 0xD37F, 0xD37F, 0xD37F, 0xD37F,
  0xD35F, 0xB29C, 0xBABC, 0xBABC, 0xBABC, 0xBABC, 0xBABC, 0xBABC,
  0xBABC, 0xBABC, 0xC2DE, 0xF81F, 0xF81F, 0xF81F, 0xF81F, 0xF81F,
  0xF81F, 0xF81F, 0xF81F, 0xF81F, 0xF81F, 0xF81F, 0xF81F, 0xF81F,
  0xF81F, 0xF81F, 0xF81F, 0xF81F, 0xF81F, 0xF81F, 0xF81F, 0xF81F,
  0xD37F, 0xE3BF, 0xD37F, 0xD37F, 0xD37F, 0xD37F, 0xD37F, 0xD37F,
  0xD37F, 0xD37F, 0xD37F, 0xD37F, 0xD37F, 0xD37F, 0xD37F, 0xD37F,
  0xD37F, 0xD37F, 0xD37F, 0xD37F, 0xD37F, 0xD37F, 0xD37F, 0xD37F,
  0xD35F, 0xB29C, 0xBABC, 0xBABC, 0xBABC, 0xBABC, 0xBABC, 0xBABC,
  0xBABC, 0xBABC, 0xC2DE, 0xF81F, 0xF81F, 0xF81F, 0xF81F, 0xF81F,
  0xF81F, 0xF81F, 0xF81F, 0xF81F, 0xF81F, 0xF81F, 0xF81F, 0xF81F,
  0xF81F, 0xF81F, 0xF81F, 0xF81F, 0xF81F, 0xF81F, 0xF81F, 0xF81F,
  0xD37F, 0xE3BF, 0xD37F, 0xD37F, 0xD37F, 0xD37F, 0xD37F, 0xD37F,
  0xD37F, 0xD37F, 0xD37F, 0xD37F, 0xD37F, 0xD37F, 0xD37F, 0xD37F,
  0xD37F, 0xD37F, 0xD37F, 0xD37F, 0xD37F, 0xD37F, 0xD37F, 0xD37F,
  0xD35F, 0xB29C, 0xBABC, 0xBABC, 0xBABC, 0xBABC, 0xBABC, 0xBABC,
  0xBABC, 0xBABC, 0xC2DE, 0xF81F, 0xF81F, 0xF81F, 0xF81F, 0xF81F,
  0xF81F, 0xF81F, 0xF81F, 0xF81F, 0xF81F, 0xF81F, 0xF81F, 0xF81F,
  0xF81F, 0xF81F, 0xF81F, 0xF81F, 0xF81F, 0xF81F, 0xF81F, 0xF81F,
  0xD35F, 0xE3BF, 0xD35F, 0xD37F, 0xD37F, 0xD37F, 0xD37F, 0xD37F,
  0xD37F, 0xD37F, 0xD37F, 0xD37F, 0xD37F, 0xD37F, 0xD37F, 0xD37F,
  0xD37F, 0xD37F, 0xD37F, 0xD37F, 0xD37F, 0xD37F, 0xD37F, 0xD37F,
  0xD35F, 0xB29C, 0xBABC, 0xBABC, 0xBABC, 0xBABC, 0xBABC, 0xBABC,
  0xBABC, 0xBABC, 0xC2DE, 0xF81F, 0xF81F, 0xF81F, 0xF81F, 0xF81F,
  0xF81F, 0xF81F, 0xF81F, 0xF81F, 0xF81F, 0xF81F, 0xF81F, 0xF81F,
  0xF81F, 0xF81F, 0xF81F, 0xF81F, 0xF81F, 0xF81F, 0xF81F, 0xF81F,
  0xE3BF, 0xEBFF, 0xDBBF, 0xDBBF, 0xDBBF, 0xDBBF, 0xDBBF, 0xDBBF,
  0xDBBF, 0xDBBF, 0xDBBF, 0xD39F, 0xD37F, 0xD37F, 0xD37F, 0xD37F,
  0xD37F, 0xD37F, 0xD37F, 0xD37F, 0xD37F, 0xD37F, 0xD37F, 0xD37F,
  0xD35F, 0xB29C, 0xBA9C, 0xBA9C, 0xBA9C, 0xBA9C, 0xBA9C, 0xBA9C,
  0xBA9C, 0xBA9C, 0xC2DE, 0xF81F, 0xF81F, 0xF81F, 0xF81F, 0xF81F,
  0xF81F, 0xF81F, 0xF81F, 0xF81F, 0xF81F, 0xF81F, 0x60B4, 0x60B4,
  0x60B4, 0x60B4, 0x60B4, 0x60B4, 0x60B4, 0x60B4, 0x60B4, 0x60B4,
  0x8177, 0x89B8, 0x8998, 0x8998, 0x8998, 0x8998, 0x8998, 0x8998,
  0x8998, 0x8998, 0x91F9, 0xCB3E, 0xDB9F, 0xD37F, 0xD37F, 0xD37F,
  0xD37F, 0xD37F, 0xD37F, 0xD37F, 0xD37F, 0xD37F, 0xD37F, 0xD37F,
  0xD35F, 0xBABC, 0xBABC, 0xBABC, 0xBABC, 0xBABC, 0xBABC, 0xBABC,
  0xBABC, 0xBABC, 0xCAFF, 0xF81F, 0xF81F, 0xF81F, 0xF81F, 0xF81F,
  0xF81F, 0xF81F, 0xF81F, 0xF81F, 0xF81F, 0x60B4, 0x68D6, 0x68D5,
  0x68D5, 0x68D5, 0x68D5, 0x68D5, 0x68D5, 0x68D5, 0x68D5, 0x68D5,
  0x6094, 0x5893, 0x5893, 0x5893, 0x5893, 0x5893, 0x5893, 0x5893,
  0x5893, 0x5893, 0x5873, 0x8177, 0xD37F, 0xD37F, 0xD37F, 0xD37F,
  0xD37F, 0xD37F, 0xD37F, 0xD37F, 0xD37F, 0xD37F, 0xD37F, 0xD39F,
  0xCB5F, 0xAA3C, 0xAA3C, 0xAA3C, 0xAA3C, 0xAA3C, 0xAA3C, 0xAA3C,
  0xAA3C, 0xAA3C, 0xBA7E, 0xF81F, 0xF81F, 0xF81F, 0xF81F, 0xF81F,
  0xF81F, 0xF81F, 0xF81F, 0xF81F, 0xF81F, 0x68D6, 0x60B4, 0x60B4,
  0x60B4, 0x60B4, 0x60B4, 0x60B4, 0x60B4, 0x60B4, 0x60B4, 0x60B4,
  0x60D4, 0x60D4, 0x60D4, 0x60D4, 0x60D4, 0x60D4, 0x60D4, 0x60D4,
  0x60D4, 0x60D4, 0x60B4, 0x68D4, 0xD35F, 0xD37F, 0xD37F, 0xD37F,
  0xD37F, 0xD37F, 0xD37F, 0xD37F, 0xD37F, 0xD37F, 0xD37F, 0xD39F,
  0xCB3F, 0x99BB, 0xA1DB, 0xA1DB, 0xA1DB, 0xA1DB, 0xA1DB, 0xA1DB,
  0xA1DB, 0xA1DB, 0xA9FD, 0xF81F, 0xF81F, 0xF81F, 0xF81F, 0xF81F,
  0xF81F, 0xF81F, 0xF81F, 0xF81F, 0xF81F, 0x68D6, 0x60B4, 0x60B4,
  0x60B4, 0x60B4, 0x60B4, 0x60B4, 0x60B4, 0x60B4, 0x60B4, 0x60B4,
  0x60B4, 0x60B4, 0x60B4, 0x60B4, 0x60B4, 0x60B4, 0x60B4, 0x60B4,
  0x60B4, 0x60B4, 0x60B4, 0x68D4, 0xD35F, 0xD37F, 0xD37F, 0xD37F,
  0xD37F, 0xD37F, 0xD37F, 0xD37F, 0xD37F, 0xD37F, 0xD37F, 0xD39F,
  0xCB3F, 0xA1DB, 0xA1DB, 0xA1DB, 0xA1DB, 0xA1DB, 0xA1DB, 0xA1DB,
  0xA1DB, 0xA1DB, 0xB21E, 0xF81F, 0xF81F, 0xF81F, 0xF81F, 0xF81F,
  0xF81F, 0xF81F, 0xF81F, 0xF81F, 0xF81F, 0x68D6, 0x60B4, 0x60B4,
  0x60B4, 0x60B4, 0x60B4, 0x60D4, 0x60D4, 0x60D4, 0x60D4, 0x60B4,
  0x60B4, 0x60B4, 0x60B4, 0x60D4, 0x60D4, 0x60D4, 0x60B4, 0x60B4,
  0x60B4, 0x60B4, 0x60B4, 0x68D4, 0xD35F, 0xD37F, 0xD37F, 0xD37F,
  0xD37F, 0xD37F, 0xD37F, 0xD37F, 0xD37F, 0xD37F, 0xD37F, 0xD39F,
  0xCB3F, 0xA1DB, 0xA1DB, 0xA1DB, 0xA1DB, 0xA1DB, 0xA1DB, 0xA1DB,
  0xA1DB, 0xA1DB, 0xA9FE, 0xF81F, 0xF81F, 0xF81F, 0xF81F, 0xF81F,
  0xF81F, 0xF81F, 0xF81F, 0xF81F, 0xF81F, 0x68D6, 0x60B4, 0x60B4,
  0x60B4, 0x60B4, 0x60B4, 0x6094, 0x6074, 0x5874, 0x60B4, 0x60D4,
  0x60B4, 0x60B4, 0x60B4, 0x6094, 0x6074, 0x6094, 0x60D4, 0x60B4,
  0x60B4, 0x60B4, 0x60B4, 0x68D4, 0xD35F, 0xD37F, 0xD37F, 0xD37F,
  0xD37F, 0xD37F, 0xD37F, 0xD37F, 0xD37F, 0xD37F, 0xD37F, 0xD39F,
  0xCB3F, 0xA1DB, 0xA1DB, 0xA1DB, 0xA1DB, 0xA1DB, 0xA1DB, 0xA1DB,
  0xA1DB, 0xA1DB, 0xA9FE, 0xF81F, 0xF81F, 0xF81F, 0xF81F, 0xF81F,
  0xF81F, 0xF81F, 0xF81F, 0xF81F, 0xF81F, 0x68D6, 0x60B4, 0x60B4,
  0x60B4, 0x60B4, 0x60B4, 0xCD7B, 0xE6BD, 0xDE3D, 0x7155, 0x6094,
  0x60D4, 0x60D4, 0x5853, 0xC53B, 0xE6BD, 0xA398, 0x5853, 0x60D4,
  0x60B4, 0x60B4, 0x60B4, 0x68D4, 0xD35F, 0xD37F, 0xD37F, 0xD37F,
  0xD37F, 0xD37F, 0xD37F, 0xD37F, 0xD37F, 0xD37F, 0xD37F, 0xD39F,
  0xCB3F, 0xA1DB, 0xA1DB, 0xA1DB, 0xA1DB, 0xA1DB, 0xA1DB, 0xA1DB,
  0xA1DB, 0xA1DB, 0xA9FE, 0xF81F, 0xF81F, 0xF81F, 0xF81F, 0xF81F,
  0xF81F, 0xF81F, 0xF81F, 0xF81F, 0xF81F, 0x68D6, 0x60B4, 0x60B4,
  0x60B4, 0x60B4, 0x60B4, 0xE6BD, 0xFFFF, 0xFFFF, 0xC51B, 0x5873,
  0x60D4, 0x60D4, 0x5853, 0xDE5D, 0xFFFF, 0xB45A, 0x5833, 0x68D4,
  0x60B4, 0x60B4, 0x60B4, 0x68D4, 0xD35F, 0xD37F, 0xD37F, 0xD37F,
  0xD37F, 0xD37F, 0xD37F, 0xD37F, 0xD37F, 0xD37F, 0xD37F, 0xD39F,
  0xCB3F, 0xA1DB, 0xA1DB, 0xA1DB, 0xA1DB, 0xA1DB, 0xA1DB, 0xA1DB,
  0xA1DB, 0xA1DB, 0xA9FE, 0xF81F, 0xF81F, 0xF81F, 0xF81F, 0xF81F,
  0xF81F, 0xF81F, 0xF81F, 0xF81F, 0xF81F, 0x68D6, 0x60B4, 0x60B4,
  0x60B4, 0x60B4, 0x60B4, 0xDE7D, 0xFFFF, 0xFFFF, 0xFFFF, 0x8A97,
  0x5873, 0x68F4, 0x5853, 0xD61C, 0xFFFF, 0xAC39, 0x5833, 0x68D4,
  0x60B4, 0x60B4, 0x60B4, 0x68D4, 0xD35F, 0xD37F, 0xD37F, 0xD37F,
  0xD37F, 0xD37F, 0xD37F, 0xD37F, 0xD37F, 0xD37F, 0xD37F, 0xD39F,
  0xCB3F, 0xA1DB, 0xA1DB, 0xA1DB, 0xA1DB, 0xA1DB, 0xA1DB, 0xA1DB,
  0xA1DB, 0xA1DB, 0xA9FE, 0xF81F, 0xF81F, 0xF81F, 0xF81F, 0xF81F,
  0xF81F, 0xF81F, 0xF81F, 0xF81F, 0xF81F, 0x68D6, 0x60B4, 0x60B4,
  0x60B4, 0x60B4, 0x60B4, 0xDE7D, 0xFFFF, 0xDE5D, 0xFFFF, 0xE6DE,
  0x68F4, 0x60D4, 0x5853, 0xD61C, 0xFFFF, 0xAC39, 0x5833, 0x68D4,
  0x60B4, 0x60B4, 0x60B4, 0x68D4, 0xD35F, 0xD37F, 0xD37F, 0xD37F,
  0xD37F, 0xD37F, 0xD37F, 0xD37F, 0xD37F, 0xD37F, 0xD37F, 0xD39F,
  0xCB3F, 0xA1DB, 0xA1DB, 0xA1DB, 0xA1DB, 0xA1DB, 0xA1DB, 0xA1DB,
  0xA1DB, 0xA1DB, 0xA9FE, 0xF81F, 0xF81F, 0xF81F, 0xF81F, 0xF81F,
  0xF81F, 0xF81F, 0xF81F, 0xF81F, 0xF81F, 0x68D6, 0x60B4, 0x60B4,
  0x60B4, 0x60B4, 0x60B4, 0xDE5D, 0xFFFF, 0x9B78, 0xC53B, 0xFFFF,
  0xB47A, 0x5873, 0x5873, 0xD61C, 0xFFFF, 0xAC39, 0x5833, 0x68D4,
  0x60B4, 0x60B4, 0x60B4, 0x68D4, 0xD35F, 0xD37F, 0xD37F, 0xD37F,
  0xD37F, 0xD37F, 0xD37F, 0xD37F, 0xD37F, 0xD37F, 0xD37F, 0xD39F,
  0xCB3F, 0xA1DB, 0xA1DB, 0xA1DB, 0xA1DB, 0xA1DB, 0xA1DB, 0xA1DB,
  0xA1DB, 0xA1DB, 0xB1FE, 0xF81F, 0xF81F, 0xF81F, 0xF81F, 0xF81F,
  0xF81F, 0xF81F, 0xF81F, 0xF81F, 0xF81F, 0x68D6, 0x60B4, 0x60B4,
  0x60B4, 0x60B4, 0x60B4, 0xDE5D, 0xFFFF, 0x9B78, 0x6935, 0xF79F,
  0xFFBF, 0x8236, 0x5013, 0xDE3D, 0xFFFF, 0xAC39, 0x5833, 0x68D4,
  0x60B4, 0x60B4, 0x60B4, 0x68D4, 0xD35F, 0xD37F, 0xD37F, 0xD37F,
  0xD37F, 0xD37F, 0xD37F, 0xD37F, 0xD37F, 0xD37F, 0xD37F, 0xD39F,
  0xCB3F, 0x99BB, 0xA1DB, 0xA1DB, 0xA1DB, 0xA1DB, 0xA1DB, 0xA1DB,
  0xA1DB, 0xA1DB, 0xA9FD, 0xF81F, 0xF81F, 0xF81F, 0xF81F, 0xF81F,
  0xF81F, 0xF81F, 0xF81F, 0xF81F, 0xF81F, 0x68D6, 0x60B4, 0x60B4,
  0x60B4, 0x60B4, 0x60B4, 0xDE5D, 0xFFFF, 0xA3D9, 0x5012, 0xAC19,
  0xFFFF, 0xDE5D, 0x5853, 0xD61C, 0xFFFF, 0xAC39, 0x5833, 0x68D4,
  0x60B4, 0x60B4, 0x60B4, 0x68D4, 0xD35F, 0xD37F, 0xD37F, 0xD37F,
  0xD37F, 0xD37F, 0xD37F, 0xD37F, 0xD37F, 0xD37F, 0xD37F, 0xDB9F,
  0xC31E, 0x7939, 0x815A, 0x813A, 0x813A, 0x813A, 0x813A, 0x813A,
  0x813A, 0x813A, 0x895C, 0xF81F, 0xF81F, 0xF81F, 0xF81F, 0xF81F,
  0xF81F, 0xF81F, 0xF81F, 0xF81F, 0xF81F, 0x68D6, 0x60B4, 0x60B4,
  0x60B4, 0x60B4, 0x60B4, 0xDE5D, 0xFFFF, 0xA3B9, 0x5833, 0x60D4,
  0xDE3D, 0xFFFF, 0x9B58, 0xCDBC, 0xFFFF, 0xAC39, 0x5833, 0x68D4,
  0x60B4, 0x60B4, 0x60B4, 0x68D4, 0xD35F, 0xD37F, 0xD37F, 0xD37F,
  0xD37F, 0xD37F, 0xD37F, 0xD37F, 0xD37F, 0xD37F, 0xD37F, 0xDB9F,
  0xC31E, 0x7919, 0x813A, 0x813A, 0x813A, 0x813A, 0x813A, 0x813A,
  0x813A, 0x813A, 0x895C, 0xF81F, 0xF81F, 0xF81F, 0xF81F, 0xF81F,
  0xF81F, 0xF81F, 0xF81F, 0xF81F, 0xF81F, 0x68D6, 0x60B4, 0x60B4,
  0x60B4, 0x60B4, 0x60B4, 0xDE5D, 0xFFFF, 0xA3B9, 0x5833, 0x6094,
  0x8236, 0xFFDF, 0xEF1E, 0xEF1E, 0xFFFF, 0xB43A, 0x5833, 0x68D4,
  0x60B4, 0x60B4, 0x60B4, 0x68D4, 0xD35F, 0xD37F, 0xD37F, 0xD37F,
  0xD37F, 0xD37F, 0xD37F, 0xD37F, 0xD37F, 0xD37F, 0xD37F, 0xDB9F,
  0xC31E, 0x7919, 0x813A, 0x813A, 0x813A, 0x813A, 0x813A, 0x813A,
  0x813A, 0x813A, 0x895C, 0xF81F, 0xF81F, 0xF81F, 0xF81F, 0xF81F,
  0xF81F, 0xF81F, 0xF81F, 0xF81F, 0xF81F, 0x68D6, 0x60B4, 0x60B4,
  0x60B4, 0x60B4, 0x60B4, 0xDE5D, 0xFFFF, 0xA399, 0x5833, 0x68F4,
  0x5853, 0xB49A, 0xFFFF, 0xFFDF, 0xFFFF, 0xAC5A, 0x5833, 0x68D4,
  0x60B4, 0x60B4, 0x60B4, 0x68D4, 0xD35F, 0xD37F, 0xD37F, 0xD37F,
  0xD37F, 0xD37F, 0xD37F, 0xD37F, 0xD37F, 0xD37F, 0xD37F, 0xDB9F,
  0xC31E, 0x7919, 0x813A, 0x813A, 0x813A, 0x813A, 0x813A, 0x813A,
  0x813A, 0x813A, 0x895C, 0xF81F, 0xF81F, 0xF81F, 0xF81F, 0xF81F,
  0xF81F, 0xF81F, 0xF81F, 0xF81F, 0xF81F, 0x68D6, 0x60B4, 0x60B4,
  0x60B4, 0x60B4, 0x60B4, 0xE69D, 0xFFFF, 0xA3D9, 0x5833, 0x68F4,
  0x60B4, 0x68F4, 0xE6BD, 0xFFFF, 0xFFFF, 0xB47A, 0x5833, 0x68D4,
  0x60B4, 0x60B4, 0x60B4, 0x68D4, 0xD35F, 0xD37F, 0xD37F, 0xD37F,
  0xD37F, 0xD37F, 0xD37F, 0xD37F, 0xD37F, 0xD37F, 0xD37F, 0xDB9F,
  0xC31E, 0x7919, 0x813A, 0x813A, 0x813A, 0x813A, 0x813A, 0x813A,
  0x813A, 0x813A, 0x895C, 0xF81F, 0xF81F, 0xF81F, 0xF81F, 0xF81F,
  0xF81F, 0xF81F, 0xF81F, 0xF81F, 0xF81F, 0x68D6, 0x60B4, 0x60B4,
  0x60B4, 0x60B4, 0x60B4, 0xCD5B, 0xE6BD, 0x9B38, 0x5853, 0x60D4,
  0x60D4, 0x5873, 0x8A97, 0xE6BD, 0xE6BD, 0xA3B9, 0x5853, 0x60D4,
  0x60B4, 0x60B4, 0x60B4, 0x68D4, 0xD35F, 0xD37F, 0xD37F, 0xD37F,
  0xD37F, 0xD37F, 0xD37F, 0xD37F, 0xD37F, 0xD37F, 0xD37F, 0xDB9F,
  0xC31E, 0x7919, 0x813A, 0x813A, 0x813A, 0x813A, 0x813A, 0x813A,
  0x813A, 0x813A, 0x895C, 0xF81F, 0xF81F, 0xF81F, 0xF81F, 0xF81F,
  0xF81F, 0xF81F, 0xF81F, 0xF81F, 0xF81F, 0x68D6, 0x60B4, 0x60B4,
  0x60B4, 0x60B4, 0x60B4, 0x6094, 0x6074, 0x60B4, 0x60D4, 0x60B4,
  0x60B4, 0x60D4, 0x6094, 0x6074, 0x6074, 0x6094, 0x60D4, 0x60B4,
  0x60B4, 0x60B4, 0x60B4, 0x68D4, 0xD35F, 0xD37F, 0xD37F, 0xD37F,
  0xD37F, 0xD37F, 0xD37F, 0xD37F, 0xD37F, 0xD37F, 0xD37F, 0xDB9F,
  0xC31E, 0x7919, 0x813A, 0x813A, 0x813A, 0x813A, 0x813A, 0x813A,
  0x813A, 0x813A, 0x895C, 0xF81F, 0xF81F, 0xF81F, 0xF81F, 0xF81F,
  0xF81F, 0xF81F, 0xF81F, 0xF81F, 0xF81F, 0x68D6, 0x60B4, 0x60B4,
  0x60B4, 0x60B4, 0x60B4, 0x60D4, 0x60D4, 0x60D4, 0x60B4, 0x60B4,
  0x60B4, 0x60B4, 0x60D4, 0x60D4, 0x60D4, 0x60D4, 0x60B4, 0x60B4,
  0x60B4, 0x60B4, 0x60B4, 0x68D4, 0xD35F, 0xD37F, 0xD37F, 0xD37F,
  0xD37F, 0xD37F, 0xD37F, 0xD37F, 0xD37F, 0xD37F, 0xD37F, 0xDB9F,
  0xC31E, 0x7919, 0x813A, 0x813A, 0x813A, 0x813A, 0x813A, 0x813A,
  0x813A, 0x813A, 0x895C, 0xF81F, 0xF81F, 0xF81F, 0xF81F, 0xF81F,
  0xF81F, 0xF81F, 0xF81F, 0xF81F, 0xF81F, 0x68D6, 0x60B4, 0x60B4,
  0x60B4, 0x60B4, 0x60B4, 0x60B4, 0x60B4, 0x60B4, 0x60B4, 0x60B4,
  0x60B4, 0x60B4, 0x60B4, 0x60B4, 0x60B4, 0x60B4, 0x60B4, 0x60B4,
  0x60B4, 0x60B4, 0x60B4, 0x68D4, 0xD35F, 0xD37F, 0xD37F, 0xD37F,
  0xD37F, 0xD37F, 0xD37F, 0xD37F, 0xD37F, 0xD37F, 0xD37F, 0xDB9F,
  0xC31E, 0x7919, 0x813A, 0x793A, 0x793A, 0x793A, 0x793A, 0x793A,
  0x793A, 0x813A, 0x895C, 0xF81F, 0xF81F, 0xF81F, 0xF81F, 0xF81F,
  0xF81F, 0xF81F, 0xF81F, 0xF81F, 0xF81F, 0x68D6, 0x60B4, 0x60B4,
  0x60B4, 0x60B4, 0x60B4, 0x60B4, 0x60B4, 0x60B4, 0x60B4, 0x60B4,
  0x60D4, 0x60D4, 0x60D4, 0x60D4, 0x60D4, 0x60D4, 0x60D4, 0x60D4,
  0x60D4, 0x60D4, 0x60B4, 0x68D4, 0xD35F, 0xD37F, 0xD37F, 0xD37F,
  0xD37F, 0xD37F, 0xD37F, 0xD37F, 0xD37F, 0xD37F, 0xD37F, 0xDB9F,
  0xC31F, 0x811A, 0x813A, 0x813A, 0x813A, 0x813A, 0x813A, 0x813A,
  0x813A, 0x813A, 0x895C, 0xF81F, 0xF81F, 0xF81F, 0xF81F, 0xF81F,
  0xF81F, 0xF81F, 0xF81F, 0xF81F, 0xF81F, 0x60B4, 0x68D6, 0x68D5,
  0x68D5, 0x68D5, 0x68D5, 0x68D5, 0x68D5, 0x68D5, 0x68D5, 0x68D5,
  0x6094, 0x5893, 0x5893, 0x5893, 0x5893, 0x5893, 0x5893, 0x5893,
  0x5893, 0x5893, 0x5873, 0x8177, 0xD37F, 0xD37F, 0xD37F, 0xD37F,
  0xD37F, 0xD37F, 0xD37F, 0xD37F, 0xD37F, 0xD37F, 0xD37F, 0xDB9F,
  0xC31E, 0x6917, 0x7137, 0x7137, 0x7137, 0x7137, 0x7137, 0x7137,
  0x7137, 0x7137, 0x7138, 0xF81F, 0xF81F, 0xF81F, 0xF81F, 0xF81F,
  0xF81F, 0xF81F, 0xF81F, 0xF81F, 0xF81F, 0xF81F, 0x60B4, 0x60B4,
  0x60B4, 0x60B4, 0x60B4, 0x60B4, 0x60B4, 0x60B4, 0x60B4, 0x60B4,
  0x8177, 0x89B8, 0x8998, 0x8998, 0x8998, 0x8998, 0x8998, 0x8998,
  0x89B8, 0x8998, 0x91F9, 0xCB3E, 0xDB9F, 0xD37F, 0xD37F, 0xD37F,
  0xD37F, 0xD37F, 0xD37F, 0xD37F, 0xD37F, 0xD37F, 0xD37F, 0xDB9F,
  0xC31D, 0x5913, 0x5933, 0x5933, 0x5933, 0x5933, 0x5933, 0x5933,
  0x5933, 0x5933, 0x6134, 0xF81F, 0xF81F, 0xF81F, 0xF81F, 0xF81F,
  0xF81F, 0xF81F, 0xF81F, 0xF81F, 0xF81F, 0xF81F, 0xF81F, 0xF81F,
  0xF81F, 0xF81F, 0xF81F, 0xF81F, 0xF81F, 0xF81F, 0xF81F, 0xF81F,
  0xE3BF, 0xEBFF, 0xDBBF, 0xDBBF, 0xDBBF, 0xDBBF, 0xDBBF, 0xDBBF,
  0xDBBF, 0xDBBF, 0xDBBF, 0xD39F, 0xD37F, 0xD37F, 0xD37F, 0xD37F,
  0xD37F, 0xD37F, 0xD37F, 0xD37F, 0xD37F, 0xD37F, 0xD37F, 0xDB9F,
  0xC31D, 0x5913, 0x6134, 0x5934, 0x5934, 0x5934, 0x5934, 0x5934,
  0x5934, 0x5934, 0x6155, 0xF81F, 0xF81F, 0xF81F, 0xF81F, 0xF81F,
  0xF81F, 0xF81F, 0xF81F, 0xF81F, 0xF81F, 0xF81F, 0xF81F, 0xF81F,
  0xF81F, 0xF81F, 0xF81F, 0xF81F, 0xF81F, 0xF81F, 0xF81F, 0xF81F,
  0xD35F, 0xE3BF, 0xD35F, 0xD37F, 0xD37F, 0xD37F, 0xD37F, 0xD37F,
  0xD37F, 0xD37F, 0xD37F, 0xD37F, 0xD37F, 0xD37F, 0xD37F, 0xD37F,
  0xD37F, 0xD37F, 0xD37F, 0xD37F, 0xD37F, 0xD37F, 0xD37F, 0xDB9F,
  0xC31D, 0x5913, 0x5934, 0x5934, 0x5934, 0x5934, 0x5934, 0x5934,
  0x5934, 0x5934, 0x6155, 0xF81F, 0xF81F, 0xF81F, 0xF81F, 0xF81F,
  0xF81F, 0xF81F, 0xF81F, 0xF81F, 0xF81F, 0xF81F, 0xF81F, 0xF81F,
  0xF81F, 0xF81F, 0xF81F, 0xF81F, 0xF81F, 0xF81F, 0xF81F, 0xF81F,
  0xD37F, 0xE3BF, 0xD37F, 0xD37F, 0xD37F, 0xD37F, 0xD37F, 0xD37F,
  0xD37F, 0xD37F, 0xD37F, 0xD37F, 0xD37F, 0xD37F, 0xD37F, 0xD37F,
  0xD37F, 0xD37F, 0xD37F, 0xD37F, 0xD37F, 0xD37F, 0xD37F, 0xDB9F,
  0xC31D, 0x5913, 0x5934, 0x5934, 0x5934, 0x5934, 0x5934, 0x5934,
  0x5934, 0x5934, 0x6155, 0xF81F, 0xF81F, 0xF81F, 0xF81F, 0xF81F,
  0xF81F, 0xF81F, 0xF81F, 0xF81F, 0xF81F, 0xF81F, 0xF81F, 0xF81F,
  0xF81F, 0xF81F, 0xF81F, 0xF81F, 0xF81F, 0xF81F, 0xF81F, 0xF81F,
  0xD37F, 0xE3BF, 0xD37F, 0xD37F, 0xD37F, 0xD37F, 0xD37F, 0xD37F,
  0xD37F, 0xD37F, 0xD37F, 0xD37F, 0xD37F, 0xD37F, 0xD37F, 0xD37F,
  0xD37F, 0xD37F, 0xD37F, 0xD37F, 0xD37F, 0xD37F, 0xD37F, 0xDB9F,
  0xC31D, 0x5913, 0x5934, 0x5934, 0x5934, 0x5934, 0x5934, 0x5934,
  0x5934, 0x5934, 0x6155, 0xF81F, 0xF81F, 0xF81F, 0xF81F, 0xF81F,
  0xF81F, 0xF81F, 0xF81F, 0xF81F, 0xF81F, 0xF81F, 0xF81F, 0xF81F,
  0xF81F, 0xF81F, 0xF81F, 0xF81F, 0xF81F, 0xF81F, 0xF81F, 0xF81F,
  0xD37F, 0xE3BF, 0xD37F, 0xD37F, 0xD37F, 0xD37F, 0xD37F, 0xD37F,
  0xD37F, 0xD37F, 0xD37F, 0xD37F, 0xD37F, 0xD37F, 0xD37F, 0xD37F,
  0xD37F, 0xD37F, 0xD37F, 0xD37F, 0xD37F, 0xD37F, 0xD37F, 0xDB9F,
  0xC31D, 0x5913, 0x5934, 0x5934, 0x5934, 0x5934, 0x5934, 0x5934,
  0x5934, 0x5934, 0x6155, 0xF81F, 0xF81F, 0xF81F, 0xF81F, 0xF81F,
  0xF81F, 0xF81F, 0xF81F, 0xF81F, 0xF81F, 0xF81F, 0xF81F, 0xF81F,
  0xF81F, 0xF81F, 0xF81F, 0xF81F, 0xF81F, 0xF81F, 0xF81F, 0xF81F,
  0xD37F, 0xE3BF, 0xD37F, 0xD37F, 0xD37F, 0xD37F, 0xD37F, 0xD37F,
  0xD37F, 0xD37F, 0xD37F, 0xD37F, 0xD37F, 0xD37F, 0xD37F, 0xD37F,
  0xD37F, 0xD37F, 0xD37F, 0xD37F, 0xD37F, 0xD37F, 0xD37F, 0xDB9F,
  0xC31D, 0x5913, 0x5934, 0x5934, 0x5934, 0x5934, 0x5934, 0x5934,
  0x5934, 0x5934, 0x6155, 0xF81F, 0xF81F, 0xF81F, 0xF81F, 0xF81F,
  0xF81F, 0xF81F, 0xF81F, 0xF81F, 0xF81F, 0xF81F, 0xF81F, 0xF81F,
  0xF81F, 0xF81F, 0xF81F, 0xF81F, 0xF81F, 0xF81F, 0xF81F, 0xF81F,
  0xD37F, 0xE3BF, 0xD37F, 0xD37F, 0xD37F, 0xD37F, 0xD37F, 0xD37F,
  0xD37F, 0xD37F, 0xD37F, 0xD37F, 0xD37F, 0xD37F, 0xD37F, 0xD37F,
  0xD37F, 0xD37F, 0xD37F, 0xD37F, 0xD37F, 0xD37F, 0xD37F, 0xDB9F,
  0xC31D, 0x5913, 0x5934, 0x5934, 0x5934, 0x5934, 0x5934, 0x5934,
  0x5934, 0x5933, 0x6155, 0xF81F, 0xF81F, 0xF81F, 0xF81F, 0xF81F,
  0xF81F, 0xF81F, 0xF81F, 0xF81F, 0xF81F, 0xF81F, 0xF81F, 0xF81F,
  0xF81F, 0xF81F, 0xF81F, 0xF81F, 0xF81F, 0xF81F, 0xF81F, 0xF81F,
  0xD37F, 0xEBDF, 0xD37F, 0xDB9F, 0xDB9F, 0xDB9F, 0xDB9F, 0xDB9F,
  0xDB9F, 0xDB9F, 0xDB9F, 0xDB9F, 0xDB9F, 0xDB9F, 0xDB9F, 0xDB9F,
  0xDB9F, 0xDB9F, 0xDB9F, 0xDB9F, 0xDB9F, 0xDB9F, 0xD37F, 0xDB9F,
  0xC31E, 0x5913, 0x6134, 0x5934, 0x5934, 0x5934, 0x5934, 0x5934,
  0x5934, 0x6134, 0x6135, 0xF81F, 0xF81F, 0xF81F, 0xF81F, 0xF81F,
  0xF81F, 0xF81F, 0xF81F, 0xF81F, 0xF81F, 0xF81F, 0xF81F, 0xF81F,
  0xF81F, 0xF81F, 0xF81F, 0xF81F, 0xF81F, 0xF81F, 0xF81F, 0xF81F,
  0xF81F, 0xD37F, 0xD37F, 0xD37F, 0xD37F, 0xD37F, 0xD37F, 0xD37F,
  0xD37F, 0xD37F, 0xD37F, 0xD37F, 0xD37F, 0xD37F, 0xD37F, 0xD37F,
  0xD37F, 0xD37F, 0xD37F, 0xD37F, 0xD37F, 0xD37F, 0xD37F, 0xDB9F,
  0xC31D, 0x5913, 0x5934, 0x5933, 0x5933, 0x5933, 0x5933, 0x5934,
  0x5934, 0x5934, 0x5933, 0xF81F, 0xF81F, 0xF81F, 0xF81F, 0xF81F,
  0xF81F, 0xF81F, 0xF81F, 0xF81F, 0xF81F, 0xF81F, 0xF81F, 0xF81F,
  0xF81F, 0xF81F, 0xF81F, 0xF81F, 0xF81F, 0xF81F, 0xF81F, 0xF81F,
  0xF81F, 0xF81F, 0xF81F, 0xF81F, 0xF81F, 0xF81F, 0xF81F, 0xF81F,
  0xF81F, 0xF81F, 0xF81F, 0xF81F, 0xF81F, 0xF81F, 0xF81F, 0xF81F,
  0xF81F, 0xF81F, 0xF81F, 0xF81F, 0xF81F, 0xF81F, 0xF81F, 0xF81F,
  0xF81F, 0xF81F, 0xF81F, 0xF81F, 0xF81F, 0xF81F, 0xF81F, 0xF81F,
  0xF81F, 0xF81F, 0xF81F, 0xF81F, 0xF81F, 0xF81F, 0xF81F, 0xF81F,
  0xF81F, 0xF81F, 0xF81F, 0xF81F, 0xF81F, 0xF81F, 0xF81F, 0xF81F,
  0xF81F, 0xF81F, 0xF81F, 0xF81F, 0xF81F, 0xF81F, 0xF81F, 0xF81F,
  0xF81F, 0xF81F, 0xF81F, 0xF81F, 0xF81F, 0xF81F, 0xF81F, 0xF81F,
  0xF81F, 0xF81F, 0xF81F, 0xF81F, 0xF81F, 0xF81F, 0xF81F, 0xF81F,
  0xF81F, 0xF81F, 0xF81F, 0xF81F, 0xF81F, 0xF81F, 0xF81F, 0xF81F,
  0xF81F, 0xF81F, 0xF81F, 0xF81F, 0xF81F, 0xF81F, 0xF81F, 0xF81F,
  0xF81F, 0xF81F, 0xF81F, 0xF81F, 0xF81F, 0xF81F, 0xF81F, 0xF81F,
  0xF81F, 0xF81F, 0xF81F, 0xF81F, 0xF81F, 0xF81F, 0xF81F, 0xF81F,
  0xF81F, 0xF81F, 0xF81F, 0xF81F, 0xF81F, 0xF81F, 0xF81F, 0xF81F,
  0xF81F, 0xF81F, 0xF81F, 0xF81F, 0xF81F, 0xF81F, 0xF81F, 0xF81F,
  0xF81F, 0xF81F, 0xF81F, 0xF81F, 0xF81F, 0xF81F, 0xF81F, 0xF81F,
  0xF81F, 0xF81F, 0xF81F, 0xF81F, 0xF81F, 0xF81F, 0xF81F, 0xF81F,
  0xF81F, 0xF81F, 0xF81F, 0xF81F, 0xF81F, 0xF81F, 0xF81F, 0xF81F,
  0xF81F, 0xF81F, 0xF81F, 0xF81F, 0xF81F, 0xF81F, 0xF81F, 0xF81F,
  0xF81F, 0xF81F, 0xF81F, 0xF81F, 0xF81F, 0xF81F, 0xF81F, 0xF81F,
  0xF81F, 0xF81F, 0xF81F, 0xF81F, 0xF81F, 0xF81F, 0xF81F, 0xF81F,
  0xF81F, 0xF81F, 0xF81F, 0xF81F, 0xF81F, 0xF81F, 0xF81F, 0xF81F,
  0xF81F, 0xF81F, 0xF81F, 0xF81F, 0xF81F, 0xF81F, 0xF81F, 0xF81F,
  0xF81F, 0xF81F, 0xF81F, 0xF81F, 0xF81F, 0xF81F, 0xF81F, 0xF81F,
  0xF81F, 0xF81F, 0xF81F, 0xF81F, 0xF81F, 0xF81F, 0xF81F, 0xF81F,
  0xF81F, 0xF81F, 0xF81F, 0xF81F, 0xF81F, 0xF81F, 0xF81F, 0xF81F,
  0xF81F, 0xF81F, 0xF81F, 0xF81F, 0xF81F, 0xF81F, 0xF81F, 0xF81F,
  0xF81F, 0xF81F, 0xF81F, 0xF81F, 0xF81F, 0xF81F, 0xF81F, 0xF81F,
  0xF81F, 0xF81F, 0xF81F, 0xF81F, 0xF81F, 0xF81F, 0xF81F, 0xF81F,
  0xF81F, 0xF81F, 0xF81F, 0xF81F, 0xF81F, 0xF81F, 0xF81F, 0xF81F,
  0xF81F, 0xF81F, 0xF81F, 0xF81F, 0xF81F, 0xF81F, 0xF81F, 0xF81F,
  0xF81F, 0xF81F, 0xF81F, 0xF81F, 0xF81F, 0xF81F, 0xF81F, 0xF81F,
  0xF81F, 0xF81F, 0xF81F, 0xF81F, 0xF81F, 0xF81F, 0xF81F, 0xF81F,
  0xF81F, 0xF81F, 0xF81F, 0xF81F, 0xF81F, 0xF81F, 0xF81F, 0xF81F,
  0xF81F, 0xF81F, 0xF81F, 0xF81F, 0xF81F, 0xF81F, 0xF81F, 0xF81F,
  0xF81F, 0xF81F, 0xF81F, 0xF81F, 0xF81F, 0xF81F, 0xF81F, 0xF81F,
  0xF81F, 0xF81F, 0xF81F, 0xF81F, 0xF81F, 0xF81F, 0xF81F, 0xF81F,
  0xF81F, 0xF81F, 0xF81F, 0xF81F, 0xF81F, 0xF81F, 0xF81F, 0xF81F,
  0xF81F, 0xF81F, 0xF81F, 0xF81F, 0xF81F, 0xF81F, 0xF81F, 0xF81F,
  0xF81F, 0xF81F, 0xF81F, 0xF81F, 0xF81F, 0xF81F, 0xF81F, 0xF81F,
  0xF81F, 0xF81F, 0xF81F, 0xF81F, 0xF81F, 0xF81F, 0xF81F, 0xF81F,
  0xF81F, 0xF81F, 0xF81F, 0xF81F, 0xF81F, 0xF81F, 0xF81F, 0xF81F,
  0xF81F, 0xF81F, 0xF81F, 0xF81F, 0xF81F, 0xF81F, 0xF81F, 0xF81F,
  0xF81F, 0xF81F, 0xF81F, 0xF81F, 0xF81F, 0xF81F, 0xF81F, 0xF81F,
  0xF81F, 0xF81F, 0xF81F, 0xF81F, 0xF81F, 0xF81F, 0xF81F, 0xF81F,
  0xF81F, 0xF81F, 0xF81F, 0xF81F, 0xF81F, 0xF81F, 0xF81F, 0xF81F,
  0xF81F, 0xF81F, 0xF81F, 0xF81F, 0xF81F, 0xF81F, 0xF81F, 0xF81F,
};

// 56x56 RGB565
const uint16_t icon_teams[3136] PROGMEM = {
  0xF81F, 0xF81F, 0xF81F, 0xF81F, 0xF81F, 0xF81F, 0xF81F, 0xF81F,
  0xF81F, 0xF81F, 0xF81F, 0xF81F, 0xF81F, 0xF81F, 0xF81F, 0xF81F,
  0xF81F, 0xF81F, 0xF81F, 0xF81F, 0xF81F, 0xF81F, 0xF81F, 0xF81F,
  0xF81F, 0xF81F, 0xF81F, 0xF81F, 0xF81F, 0xF81F, 0xF81F, 0xF81F,
  0xF81F, 0xF81F, 0xF81F, 0xF81F, 0xF81F, 0xF81F, 0xF81F, 0xF81F,
  0xF81F, 0xF81F, 0xF81F, 0xF81F, 0xF81F, 0xF81F, 0xF81F, 0xF81F,
  0xF81F, 0xF81F, 0xF81F, 0xF81F, 0xF81F, 0xF81F, 0xF81F, 0xF81F,
  0xF81F, 0xF81F, 0xF81F, 0xF81F, 0xF81F, 0xF81F, 0xF81F, 0xF81F,
  0xF81F, 0xF81F, 0xF81F, 0xF81F, 0xF81F, 0xF81F, 0xF81F, 0xF81F,
  0xF81F, 0xF81F, 0xF81F, 0xF81F, 0xF81F, 0xF81F, 0xF81F, 0xF81F,
  0xF81F, 0xF81F, 0xF81F, 0xF81F, 0xF81F, 0xF81F, 0xF81F, 0xF81F,
  0xF81F, 0xF81F, 0xF81F, 0xF81F, 0xF81F, 0xF81F, 0xF81F, 0xF81F,
  0xF81F, 0xF81F, 0xF81F, 0xF81F, 0xF81F, 0xF81F, 0xF81F, 0xF81F,
  0xF81F, 0xF81F, 0xF81F, 0xF81F, 0xF81F, 0xF81F, 0xF81F, 0xF81F,
  0xF81F, 0xF81F, 0xF81F, 0xF81F, 0xF81F, 0xF81F, 0xF81F, 0xF81F,
  0xF81F, 0xF81F, 0xF81F, 0xF81F, 0xF81F, 0xF81F, 0xF81F, 0xF81F,
  0xF81F, 0xF81F, 0xF81F, 0xF81F, 0xF81F, 0xF81F, 0xF81F, 0xF81F,
  0xF81F, 0xF81F, 0xF81F, 0xF81F, 0xF81F, 0xF81F, 0xF81F, 0xF81F,
  0xF81F, 0xF81F, 0xF81F, 0xF81F, 0xF81F, 0xF81F, 0xF81F, 0xF81F,
  0xF81F, 0xF81F, 0xF81F, 0xF81F, 0xF81F, 0xF81F, 0xF81F, 0xF81F,
  0xF81F, 0xF81F, 0xF81F, 0xF81F, 0xF81F, 0xF81F, 0xF81F, 0xF81F,
  0xF81F, 0xF81F, 0xF81F, 0xF81F, 0xF81F, 0xF81F, 0xF81F, 0xF81F,
  0xF81F, 0xF81F, 0xF81F, 0xF81F, 0xF81F, 0xF81F, 0xF81F, 0xF81F,
  0xF81F, 0xF81F, 0xF81F, 0xF81F, 0xF81F, 0xF81F, 0xF81F, 0xF81F,
  0xF81F, 0xF81F, 0xF81F, 0xF81F, 0xF81F, 0xF81F, 0xF81F, 0xF81F,
  0xF81F, 0xF81F, 0xF81F, 0xF81F, 0xF81F, 0xF81F, 0xF81F, 0xF81F,
  0xF81F, 0xF81F, 0xF81F, 0xF81F, 0xF81F, 0xF81F, 0xF81F, 0xF81F,
  0xF81F, 0xF81F, 0xF81F, 0xF81F, 0xF81F, 0xF81F, 0xF81F, 0xF81F,
  0xF81F, 0xF81F, 0xF81F, 0xF81F, 0xF81F, 0xF81F, 0xF81F, 0xF81F,
  0xF81F, 0xF81F, 0xF81F, 0xF81F, 0xF81F, 0xF81F, 0xF81F, 0xF81F,
  0xF81F, 0xF81F, 0xF81F, 0xF81F, 0xF81F, 0xF81F, 0xF81F, 0xF81F,
  0xF81F, 0xF81F, 0xF81F, 0xF81F, 0xF81F, 0xF81F, 0xF81F, 0xF81F,
  0xF81F, 0xF81F, 0xF81F, 0xF81F, 0xF81F, 0xF81F, 0xF81F, 0xF81F,
  0xF81F, 0xF81F, 0xF81F, 0xF81F, 0xF81F, 0xF81F, 0xF81F, 0xF81F,
  0xF81F, 0xF81F, 0xF81F, 0xF81F, 0xF81F, 0xF81F, 0xF81F, 0xF81F,
  0xF81F, 0xF81F, 0xF81F, 0xF81F, 0xF81F, 0xF81F, 0xF81F, 0xF81F,
  0xF81F, 0xF81F, 0xF81F, 0xF81F, 0xF81F, 0xF81F, 0xF81F, 0xF81F,
  0xF81F, 0xF81F, 0xF81F, 0xF81F, 0xF81F, 0xF81F, 0xF81F, 0xF81F,
  0xF81F, 0xF81F, 0xF81F, 0x5B58, 0x5B57, 0x5B57, 0x6399, 0x5B78,
  0xF81F, 0xF81F, 0xF81F, 0xF81F, 0xF81F, 0xF81F, 0xF81F, 0xF81F,
  0xF81F, 0xF81F, 0xF81F, 0xF81F, 0xF81F, 0xF81F, 0xF81F, 0xF81F,
  0xF81F, 0xF81F, 0xF81F, 0xF81F, 0xF81F, 0xF81F, 0xF81F, 0xF81F,
  0xF81F, 0xF81F, 0xF81F, 0xF81F, 0xF81F, 0xF81F, 0xF81F, 0xF81F,
  0xF81F, 0xF81F, 0xF81F, 0xF81F, 0xF81F, 0xF81F, 0xF81F, 0xF81F,
  0xF81F, 0xF81F, 0xF81F, 0xF81F, 0xF81F, 0x5B57, 0x5B58, 0x5B57,
  0x5B58, 0x6399, 0x6399, 0x6399, 0x6399, 0x5B78, 0x63BA, 0xF81F,
  0xF81F, 0xF81F, 0xF81F, 0xF81F, 0xF81F, 0xF81F, 0xF81F, 0xF81F,
  0xF81F, 0xF81F, 0xF81F, 0xF81F, 0xF81F, 0xF81F, 0xF81F, 0xF81F,
  0xF81F, 0xF81F, 0xF81F, 0xF81F, 0xF81F, 0xF81F, 0xF81F, 0xF81F,
  0xF81F, 0xF81F, 0xF81F, 0xF81F, 0xF81F, 0xF81F, 0xF81F, 0xF81F,
  0xF81F, 0xF81F, 0xF81F, 0xF81F, 0xF81F, 0xF81F, 0xF81F, 0x5B58,
  0x5B57, 0x5B58, 0x5B58, 0x5B58, 0x6379, 0x6399, 0x6399, 0x5B78,
  0x5B58, 0x5B57, 0x5B57, 0x5B58, 0x5B58, 0x5B57, 0x63B9, 0x5B57,
  0xF81F, 0xF81F, 0xF81F, 0xF81F, 0xF81F, 0xF81F, 0xF81F, 0xF81F,
  0xF81F, 0xF81F, 0xF81F, 0xF81F, 0xF81F, 0xF81F, 0xF81F, 0xF81F,
  0xF81F, 0xF81F, 0xF81F, 0xF81F, 0xF81F, 0xF81F, 0xF81F, 0xF81F,
  0xF81F, 0xF81F, 0xF81F, 0xF81F, 0xF81F, 0xF81F, 0xF81F, 0xF81F,
  0xF81F, 0xF81F, 0x5B57, 0x5B57, 0x5B58, 0x5B58, 0x6399, 0x6399,
  0x6399, 0x5B78, 0x5B78, 0x5B58, 0x5B57, 0x5B58, 0x5B57, 0x5B58,
  0x5B58, 0x5B58, 0x5B58, 0x5B58, 0x5B58, 0x5B57, 0x63BA, 0x5B57,
  0xF81F, 0xF81F, 0xF81F, 0xF81F, 0xF81F, 0xF81F, 0xF81F, 0xF81F,
  0xF81F, 0xF81F, 0xF81F, 0xF81F, 0xF81F, 0xF81F, 0xF81F, 0xF81F,
  0xF81F, 0xF81F, 0xF81F, 0xF81F, 0xF81F, 0xF81F, 0xF81F, 0xF81F,
  0xF81F, 0xF81F, 0xF81F, 0xF81F, 0xF81F, 0x6399, 0x5B58, 0x5B58,
  0x6399, 0x6399, 0x6399, 0x6379, 0x5B78, 0x5B78, 0x5B57, 0x5B58,
  0x5B58, 0x5B58, 0x5B57, 0x5B58, 0x5B58, 0x5B58, 0x5B58, 0x5B58,
  0x5B58, 0x5B58, 0x5B58, 0x5B58, 0x5B58, 0x5B57, 0x63BA, 0x5B57,
  0xF81F, 0xF81F, 0xF81F, 0xF81F, 0xF81F, 0xF81F, 0xF81F, 0xF81F,
  0xF81F, 0xF81F, 0xF81F, 0xF81F, 0xF81F, 0xF81F, 0xF81F, 0xF81F,
  0xF81F, 0xF81F, 0xF81F, 0xF81F, 0xF81F, 0xF81F, 0xF81F, 0xF81F,
  0xF81F, 0xF81F, 0xF81F, 0xF81F, 0xF81F, 0x6BDB, 0x5B78, 0x5B58,
  0x5B57, 0x5B58, 0x5B58, 0x5B57, 0x5B58, 0x5B57, 0x5B58, 0x5B58,
  0x5B58, 0x5B58, 0x5B58, 0x5B58, 0x5B58, 0x5B58, 0x5B58, 0x5B58,
  0x5B58, 0x5B58, 0x5B58, 0x5B58, 0x5B58, 0x5B57, 0x63BA, 0x5B57,
  0xF81F, 0xF81F, 0xF81F, 0xF81F, 0xF81F, 0xF81F, 0xF81F, 0xF81F,
  0xF81F, 0xF81F, 0xF81F, 0xF81F, 0xF81F, 0xF81F, 0xF81F, 0xF81F,
  0xF81F, 0xF81F, 0xF81F, 0xF81F, 0xF81F, 0xF81F, 0xF81F, 0xF81F,
  0xF81F, 0xF81F, 0xF81F, 0xF81F, 0xF81F, 0x6399, 0x5B58, 0x5B58,
  0x5B58, 0x5B58, 0x5B58, 0x5B58, 0x5B58, 0x5B58, 0x5B58, 0x5B58,
  0x5B58, 0x5B58, 0x5B58, 0x5B58, 0x5B58, 0x5B58, 0x5B58, 0x5B58,
  0x5B58, 0x5B58, 0x5B58, 0x5B58, 0x5B58, 0x5B57, 0x63BA, 0x5B57,
  0xF81F, 0xF81F, 0xF81F, 0xF81F, 0xF81F, 0xF81F, 0xF81F, 0xF81F,
  0xF81F, 0xF81F, 0xF81F, 0xF81F, 0xF81F, 0xF81F, 0xF81F, 0xF81F,
  0xF81F, 0xF81F, 0xF81F, 0xF81F, 0xF81F, 0xF81F, 0xF81F, 0xF81F,
  0xF81F, 0xF81F, 0xF81F, 0xF81F, 0xF81F, 0x6399, 0x5B58, 0x5B58,
  0x5B58, 0x5B58, 0x5B58, 0x5B58, 0x5B58, 0x5B58, 0x5B58, 0x5B58,
  0x5B58, 0x5B58, 0x5B58, 0x5B58, 0x5B58, 0x5B58, 0x5B58, 0x5B58,
  0x5B58, 0x5B58, 0x5B58, 0x5B58, 0x5B58, 0x5B57, 0x63BA, 0x5B57,
  0xF81F, 0xF81F, 0xF81F, 0x5B78, 0x5B78, 0x6399, 0x5B78, 0x5B78,
  0xF81F, 0xF81F, 0xF81F, 0xF81F, 0xF81F, 0xF81F, 0xF81F, 0xF81F,
  0xF81F, 0xF81F, 0xF81F, 0xF81F, 0xF81F, 0xF81F, 0xF81F, 0xF81F,
  0xF81F, 0xF81F, 0xF81F, 0xF81F, 0xF81F, 0x6399, 0x5B58, 0x5B58,
  0x5B58, 0x5B58, 0x5B58, 0x5B58, 0x5B58, 0x5B58, 0x5B58, 0x5B58,
  0x5B58, 0x5B58, 0x5B58, 0x5B58, 0x5B58, 0x5B58, 0x5B58, 0x5B58,
  0x5B58, 0x5B58, 0x5B58, 0x5B58, 0x5B58, 0x5B57, 0x63BA, 0x5B58,
  0xF81F, 0xF81F, 0x5B78, 0x5B78, 0x5B57, 0x5B58, 0x5B57, 0x6399,
  0x5B58, 0xF81F, 0xF81F, 0xF81F, 0xF81F, 0xF81F, 0xF81F, 0xF81F,
  0xF81F, 0xF81F, 0xF81F, 0xF81F, 0xF81F, 0xF81F, 0xF81F, 0xF81F,
  0xF81F, 0xF81F, 0xF81F, 0xF81F, 0xF81F, 0x6399, 0x5B58, 0x5B58,
  0x5B58, 0x5B58, 0x5B58, 0x5B58, 0x5B58, 0x5B58, 0x5B58, 0x5B58,
  0x5B58, 0x5B58, 0x5B58, 0x5B58, 0x5B58, 0x5B58, 0x5B58, 0x5B58,
  0x5B58, 0x5B58, 0x5B58, 0x5B58, 0x5B58, 0x5B57, 0x63BA, 0x5B58,
  0xF81F, 0xF81F, 0x5B78, 0x5B58, 0x5B58, 0x5B58, 0x5B57, 0x5B57,
  0x6399, 0x5B57, 0xF81F, 0xF81F, 0xF81F, 0xF81F, 0xF81F, 0xF81F,
  0xF81F, 0xF81F, 0xF81F, 0xF81F, 0xF81F, 0xF81F, 0xF81F, 0xF81F,
  0xF81F, 0xF81F, 0xF81F, 0xF81F, 0xF81F, 0x6399, 0x5B58, 0x5B58,
  0x5B58, 0x5B58, 0x5B58, 0x5B58, 0x5B58, 0x5B58, 0x5B58, 0x5B58,
  0x5B58, 0x5B58, 0x5B58, 0x5B58, 0x5B58, 0x5B58, 0x5B58, 0x5B58,
  0x5B58, 0x5B58, 0x5B58, 0x5B58, 0x5B58, 0x5B57, 0x63BA, 0x5B58,
  0xF81F, 0xF81F, 0x5B78, 0x5B58, 0x5B58, 0x5B58, 0x5B58, 0x5B57,
  0x5B78, 0x5B57, 0xF81F, 0xF81F, 0xF81F, 0xF81F, 0xF81F, 0x5B78,
  0x5B58, 0x5B78, 0xF81F, 0xF81F, 0xF81F, 0xF81F, 0xF81F, 0xF81F,
  0xF81F, 0xF81F, 0xF81F, 0xF81F, 0xF81F, 0x6399, 0x5B58, 0x5B58,
  0x5B58, 0x5B58, 0x5B58, 0x5B58, 0x5B58, 0x5B58, 0x5B58, 0x5B58,
  0x5B58, 0x5B58, 0x5B58, 0x5B58, 0x5B58, 0x5B58, 0x5B78, 0x5B78,
  0x5B78, 0x5B58, 0x5B58, 0x5B58, 0x5B58, 0x5B57, 0x63BA, 0x5B58,
  0xF81F, 0xF81F, 0x5B78, 0x5B58, 0x5B58, 0x5B58, 0x5B58, 0x5B57,
  0x5B78, 0x5B57, 0xF81F, 0xF81F, 0xF81F, 0x5B57, 0x6399, 0x6399,
  0x6378, 0x6399, 0x5B78, 0xF81F, 0xF81F, 0xF81F, 0xF81F, 0xF81F,
  0xF81F, 0xF81F, 0xF81F, 0xF81F, 0xF81F, 0x6399, 0x5B58, 0x5B58,
  0x5B58, 0x5B58, 0x5B58, 0x5B58, 0x5B78, 0x5B78, 0x5B78, 0x5B78,
  0x5B78, 0x5B78, 0x5B78, 0x5B78, 0x5B78, 0x5B58, 0x5B58, 0x5B57,
  0x5B57, 0x5B58, 0x5B58, 0x5B58, 0x5B58, 0x5B57, 0x63BA, 0x5B58,
  0xF81F, 0xF81F, 0x5B78, 0x5B58, 0x5B58, 0x5B58, 0x5B58, 0x5B58,
  0x5B79, 0x5B58, 0xF81F, 0xF81F, 0xF81F, 0x5B78, 0x5B58, 0x5B58,
  0x5B57, 0x5B57, 0x5B78, 0x5B57, 0xF81F, 0xF81F, 0xF81F, 0xF81F,
  0xF81F, 0xF81F, 0xF81F, 0xF81F, 0xF81F, 0x6399, 0x5B58, 0x5B58,
  0x5B58, 0x5B58, 0x5B58, 0x5B57, 0x5337, 0x5337, 0x5337, 0x5317,
  0x5317, 0x5317, 0x5317, 0x5317, 0x5337, 0x5B58, 0x6398, 0x6BD8,
  0x6398, 0x5B58, 0x5B58, 0x5B58, 0x5B58, 0x5B57, 0x63BA, 0x5B58,
  0xF81F, 0xF81F, 0x6399, 0x5B58, 0x5B57, 0x5B57, 0x5B57, 0x5B57,
  0x6399, 0xF81F, 0xF81F, 0xF81F, 0x5B58, 0x6399, 0x5B58, 0x5B58,
  0x5B58, 0x5B58, 0x5B58, 0x6399, 0xF81F, 0xF81F, 0xF81F, 0xF81F,
  0xF81F, 0xF81F, 0xF81F, 0xF81F, 0xF81F, 0x6399, 0x5B58, 0x5B58,
  0x5B58, 0x5B58, 0x5B57, 0x6BB8, 0x8CBA, 0x94FA, 0xA55B, 0xAD9B,
  0xB5DC, 0xBE1C, 0xC67D, 0xD6BD, 0xDEFE, 0xDF1E, 0xE73E, 0xEF7F,
  0xA57B, 0x4AF7, 0x5B78, 0x5B58, 0x5B58, 0x5B57, 0x63BA, 0x5B57,
  0xF81F, 0xF81F, 0x5B58, 0x6399, 0x5B78, 0x5B78, 0x5B78, 0x6399,
  0x5B57, 0xF81F, 0xF81F, 0xF81F, 0x5B58, 0x6399, 0x5B58, 0x5B58,
  0x5B58, 0x5B58, 0x5B58, 0x6399, 0xF81F, 0xF81F, 0xF81F, 0xF81F,
  0xF81F, 0xF81F, 0xF81F, 0xF81F, 0xF81F, 0x6399, 0x5B58, 0x5B58,
  0x5B58, 0x5B78, 0x5317, 0x94FA, 0xFFFF, 0xFFFF, 0xFFFF, 0xFFFF,
  0xFFFF, 0xFFFF, 0xFFFF, 0xFFFF, 0xFFFF, 0xFFFF, 0xFFFF, 0xFFFF,
  0xADBC, 0x4AF7, 0x5B78, 0x5B58, 0x5B58, 0x5B57, 0x63BA, 0x5B57,
  0xF81F, 0xF81F, 0xF81F, 0x5B58, 0x5B57, 0x5B58, 0x5B58, 0xF81F,
  0xF81F, 0xF81F, 0xF81F, 0xF81F, 0xF81F, 0x6399, 0x5B57, 0x5B58,
  0x5B58, 0x5B57, 0x5B58, 0x5B78, 0xF81F, 0xF81F, 0xF81F, 0xF81F,
  0xF81F, 0xF81F, 0xF81F, 0xF81F, 0xF81F, 0x6399, 0x5B58, 0x5B58,
  0x5B58, 0x5B78, 0x5317, 0x94FA, 0xFFFF, 0xFFFF, 0xFFFF, 0xFFFF,
  0xFFFF, 0xFFFF, 0xFFFF, 0xFFFF, 0xFFFF, 0xFFFF, 0xFFFF, 0xFFFF,
  0xB5BC, 0x4AF7, 0x5B78, 0x5B58, 0x5B58, 0x5B57, 0x63BA, 0x5B57,
  0xF81F, 0xF81F, 0xF81F, 0xF81F, 0xF81F, 0xF81F, 0xF81F, 0xF81F,
  0xF81F, 0xF81F, 0xF81F, 0xF81F, 0xF81F, 0x5B57, 0x6399, 0x5B58,
  0x5B58, 0x5B57, 0x63BA, 0x5B57, 0xF81F, 0xF81F, 0xF81F, 0xF81F,
  0xF81F, 0xF81F, 0xF81F, 0xF81F, 0xF81F, 0x6399, 0x5B58, 0x5B58,
  0x5B58, 0x5B78, 0x5337, 0x8479, 0xCE9D, 0xBE3C, 0xBE1C, 0xADBC,
  0xE73E, 0xFFFF, 0xFFFF, 0xEF9F, 0x94FA, 0x8CDA, 0x849A, 0x7C59,
  0x6BD8, 0x5B57, 0x5B78, 0x5B58, 0x5B58, 0x5B57, 0x63BA, 0x5B57,
  0xF81F, 0xF81F, 0xF81F, 0xF81F, 0xF81F, 0xF81F, 0xF81F, 0xF81F,
  0xF81F, 0xF81F, 0xF81F, 0xF81F, 0xF81F, 0xF81F, 0x5B78, 0x5B78,
  0x6399, 0x5B78, 0x5B78, 0xF81F, 0xF81F, 0xF81F, 0xF81F, 0xF81F,
  0xF81F, 0xF81F, 0xF81F, 0xF81F, 0xF81F, 0x6399, 0x5B58, 0x5B58,
  0x5B58, 0x5B58, 0x5B78, 0x5B57, 0x5317, 0x5317, 0x5337, 0x42B6,
  0xC65D, 0xFFFF, 0xFFFF, 0xE73E, 0x4B17, 0x5337, 0x5337, 0x5337,
  0x5B57, 0x5B78, 0x5B58, 0x5B58, 0x5B58, 0x5B57, 0x63BA, 0x5B57,
  0xF81F, 0xF81F, 0x5B78, 0x5B58, 0x5B58, 0x5B57, 0x5B58, 0x5B58,
  0x5B78, 0x5B57, 0xF81F, 0xF81F, 0xF81F, 0xF81F, 0xF81F, 0xF81F,
  0xF81F, 0xF81F, 0xF81F, 0xF81F, 0xF81F, 0xF81F, 0xF81F, 0xF81F,
  0xF81F, 0xF81F, 0xF81F, 0xF81F, 0xF81F, 0x6399, 0x5B58, 0x5B58,
  0x5B58, 0x5B58, 0x5B58, 0x5B78, 0x5B78, 0x5B78, 0x6398, 0x5317,
  0xCE7D, 0xFFFF, 0xFFFF, 0xE73E, 0x5B57, 0x5B78, 0x5B78, 0x5B78,
  0x5B78, 0x5B58, 0x5B58, 0x5B58, 0x5B58, 0x5B57, 0x63BA, 0x5B58,
  0xF81F, 0xF81F, 0x63BA, 0x6399, 0x6399, 0x6399, 0x6399, 0x6399,
  0x63BA, 0x5B78, 0xF81F, 0xF81F, 0xF81F, 0xF81F, 0xF81F, 0xF81F,
  0xF81F, 0xF81F, 0xF81F, 0xF81F, 0xF81F, 0xF81F, 0xF81F, 0xF81F,
  0xF81F, 0xF81F, 0xF81F, 0xF81F, 0xF81F, 0x6399, 0x5B58, 0x5B58,
  0x5B58, 0x5B58, 0x5B58, 0x5B58, 0x5B58, 0x5B58, 0x5B78, 0x4B17,
  0xCE7D, 0xFFFF, 0xFFFF, 0xE73E, 0x5337, 0x5B78, 0x5B58, 0x5B58,
  0x5B58, 0x5B58, 0x5B58, 0x5B58, 0x5B58, 0x5B57, 0x63BA, 0x5B58,
  0xF81F, 0xF81F, 0x5B78, 0x5B58, 0x5B58, 0x5B58, 0x5B58, 0x5B57,
  0x5B78, 0x5B58, 0xF81F, 0xF81F, 0xF81F, 0xF81F, 0xF81F, 0xF81F,
  0xF81F, 0xF81F, 0xF81F, 0xF81F, 0xF81F, 0xF81F, 0xF81F, 0xF81F,
  0xF81F, 0xF81F, 0xF81F, 0xF81F, 0xF81F, 0x6399, 0x5B58, 0x5B58,
  0x5B58, 0x5B58, 0x5B58, 0x5B58, 0x5B58, 0x5B58, 0x5B78, 0x4B17,
  0xCE7D, 0xFFFF, 0xFFFF, 0xE73E, 0x5337, 0x5B78, 0x5B58, 0x5B58,
  0x5B58, 0x5B58, 0x5B58, 0x5B58, 0x5B58, 0x5B57, 0x63BA, 0x5B58,
  0xF81F, 0xF81F, 0x5B78, 0x5B58, 0x5B58, 0x5B58, 0x5B58, 0x5B57,
  0x5B78, 0x5B58, 0xF81F, 0xF81F, 0xF81F, 0xF81F, 0xF81F, 0xF81F,
  0xF81F, 0xF81F, 0xF81F, 0xF81F, 0xF81F, 0xF81F, 0xF81F, 0xF81F,
  0xF81F, 0xF81F, 0xF81F, 0xF81F, 0xF81F, 0x6399, 0x5B58, 0x5B58,
  0x5B58, 0x5B58, 0x5B58, 0x5B58, 0x5B58, 0x5B58, 0x5B78, 0x4B17,
  0xCE7D, 0xFFFF, 0xFFFF, 0xE73E, 0x5337, 0x5B78, 0x5B58, 0x5B58,
  0x5B58, 0x5B58, 0x5B58, 0x5B58, 0x5B58, 0x5B57, 0x63BA, 0x5B58,
  0xF81F, 0xF81F, 0x5B78, 0x5B58, 0x5B58, 0x5B58, 0x5B58, 0x5B57,
  0x5B78, 0x5B58, 0xF81F, 0xF81F, 0x5B58, 0x63BA, 0x5B78, 0x5B78,
  0x5B78, 0x5B78, 0x5B78, 0x6BDA, 0x5B77, 0xF81F, 0xF81F, 0xF81F,
  0xF81F, 0xF81F, 0xF81F, 0xF81F, 0xF81F, 0x6399, 0x5B58, 0x5B58,
  0x5B58, 0x5B58, 0x5B58, 0x5B58, 0x5B58, 0x5B58, 0x5B78, 0x4B17,
  0xCE7D, 0xFFFF, 0xFFFF, 0xE73E, 0x5337, 0x5B78, 0x5B58, 0x5B58,
  0x5B58, 0x5B58, 0x5B58, 0x5B58, 0x5B58, 0x5B57, 0x63BA, 0x5B58,
  0xF81F, 0xF81F, 0x5B78, 0x5B58, 0x5B58, 0x5B58, 0x5B58, 0x5B57,
  0x5B78, 0x5B58, 0xF81F, 0xF81F, 0x5B57, 0x6399, 0x5B58, 0x5B58,
  0x5B58, 0x5B58, 0x5B58, 0x6399, 0xF81F, 0xF81F, 0xF81F, 0xF81F,
  0xF81F, 0xF81F, 0xF81F, 0xF81F, 0xF81F, 0x6399, 0x5B58, 0x5B58,
  0x5B58, 0x5B58, 0x5B58, 0x5B58, 0x5B58, 0x5B58, 0x5B78, 0x4B17,
  0xCE7D, 0xFFFF, 0xFFFF, 0xE73E, 0x5337, 0x5B78, 0x5B58, 0x5B58,
  0x5B58, 0x5B58, 0x5B58, 0x5B58, 0x5B58, 0x5B57, 0x63BA, 0x5B58,
  0xF81F, 0xF81F, 0x5B78, 0x5B58, 0x5B58, 0x5B58, 0x5B58, 0x5B57,
  0x5B78, 0x5B58, 0xF81F, 0xF81F, 0x5B57, 0x6399, 0x5B58, 0x5B58,
  0x5B58, 0x5B58, 0x5B57, 0x63BA, 0x5B57, 0xF81F, 0xF81F, 0xF81F,
  0xF81F, 0xF81F, 0xF81F, 0xF81F, 0xF81F, 0x6399, 0x5B58, 0x5B58,
  0x5B58, 0x5B58, 0x5B58, 0x5B58, 0x5B58, 0x5B58, 0x5B78, 0x4B17,
  0xCE7D, 0xFFFF, 0xFFFF, 0xE73E, 0x5337, 0x5B78, 0x5B58, 0x5B58,
  0x5B58, 0x5B58, 0x5B58, 0x5B58, 0x5B58, 0x5B57, 0x63BA, 0x5B58,
  0xF81F, 0xF81F, 0x5B78, 0x5B58, 0x5B58, 0x5B58, 0x5B58, 0x5B57,
  0x5B78, 0x5B58, 0xF81F, 0xF81F, 0x5B57, 0x6399, 0x5B58, 0x5B58,
  0x5B58, 0x5B58, 0x5B57, 0x63BA, 0x5B57, 0xF81F, 0xF81F, 0xF81F,
  0xF81F, 0xF81F, 0xF81F, 0xF81F, 0xF81F, 0x6399, 0x5B58, 0x5B58,
  0x5B58, 0x5B58, 0x5B58, 0x5B58, 0x5B58, 0x5B58, 0x5B78, 0x4B17,
  0xCE7D, 0xFFFF, 0xFFFF, 0xE73E, 0x5337, 0x5B78, 0x5B58, 0x5B58,
  0x5B58, 0x5B58, 0x5B58, 0x5B58, 0x5B58, 0x5B57, 0x63BA, 0x5B58,
  0xF81F, 0xF81F, 0x5B78, 0x5B58, 0x5B58, 0x5B58, 0x5B58, 0x5B57,
  0x5B78, 0x5B58, 0xF81F, 0xF81F, 0x5B57, 0x6399, 0x5B58, 0x5B58,
  0x5B58, 0x5B58, 0x5B57, 0x63BA, 0x5B57, 0xF81F, 0xF81F, 0xF81F,
  0xF81F, 0xF81F, 0xF81F, 0xF81F, 0xF81F, 0x6399, 0x5B58, 0x5B58,
  0x5B58, 0x5B58, 0x5B58, 0x5B58, 0x5B58, 0x5B58, 0x5B78, 0x4B17,
  0xCE7D, 0xFFFF, 0xFFFF, 0xE73E, 0x5337, 0x5B78, 0x5B58, 0x5B58,
  0x5B58, 0x5B58, 0x5B58, 0x5B58, 0x5B58, 0x5B57, 0x63BA, 0x5B58,
  0xF81F, 0xF81F, 0x5B78, 0x5B58, 0x5B58, 0x5B58, 0x5B58, 0x5B57,
  0x5B78, 0x5B58, 0xF81F, 0xF81F, 0x5B57, 0x6399, 0x5B58, 0x5B58,
  0x5B58, 0x5B58, 0x5B57, 0x63BA, 0x5B57, 0xF81F, 0xF81F, 0xF81F,
  0xF81F, 0xF81F, 0xF81F, 0xF81F, 0xF81F, 0x6399, 0x5B58, 0x5B58,
  0x5B58, 0x5B58, 0x5B58, 0x5B58, 0x5B58, 0x5B58, 0x5B78, 0x4B17,
  0xCE7D, 0xFFFF, 0xFFFF, 0xE73E, 0x5337, 0x5B78, 0x5B58, 0x5B58,
  0x5B58, 0x5B58, 0x5B58, 0x5B58, 0x5B58, 0x5B57, 0x63BA, 0x5B58,
  0xF81F, 0xF81F, 0x5B78, 0x5B58, 0x5B58, 0x5B58, 0x5B58, 0x5B57,
  0x5B78, 0x5B58, 0xF81F, 0xF81F, 0x5B57, 0x6399, 0x5B58, 0x5B58,
  0x5B58, 0x5B58, 0x5B57, 0x63BA, 0x5B57, 0xF81F, 0xF81F, 0xF81F,
  0xF81F, 0xF81F, 0xF81F, 0xF81F, 0xF81F, 0x6399, 0x5B58, 0x5B58,
  0x5B58, 0x5B58, 0x5B58, 0x5B58, 0x5B58, 0x5B58, 0x5B78, 0x4B17,
  0xCE7D, 0xFFFF, 0xFFFF, 0xE73E, 0x5337, 0x5B78, 0x5B58, 0x5B58,
  0x5B58, 0x5B58, 0x5B58, 0x5B58, 0x5B58, 0x5B57, 0x63BA, 0x5B58,
  0xF81F, 0xF81F, 0x5B78, 0x5B58, 0x5B58, 0x5B58, 0x5B58, 0x5B57,
  0x5B78, 0x5B58, 0xF81F, 0xF81F, 0x5B57, 0x6399, 0x5B58, 0x5B58,
  0x5B58, 0x5B58, 0x5B57, 0x63BA, 0xF81F, 0xF81F, 0xF81F, 0xF81F,
  0xF81F, 0xF81F, 0xF81F, 0xF81F, 0xF81F, 0x6399, 0x5B58, 0x5B58,
  0x5B58, 0x5B58, 0x5B58, 0x5B58, 0x5B58, 0x5B58, 0x5B78, 0x4B17,
  0xCE7D, 0xFFFF, 0xFFFF, 0xE75E, 0x5337, 0x5B78, 0x5B58, 0x5B58,
  0x5B58, 0x5B58, 0x5B58, 0x5B58, 0x5B58, 0x5B57, 0x63BA, 0x5B58,
  0xF81F, 0xF81F, 0x5B78, 0x5B58, 0x5B58, 0x5B58, 0x5B58, 0x5B57,
  0x5B78, 0x5B58, 0xF81F, 0xF81F, 0x5B57, 0x6399, 0x5B58, 0x5B58,
  0x5B58, 0x5B58, 0x5B57, 0x63BA, 0x5B58, 0xF81F, 0xF81F, 0xF81F,
  0xF81F, 0xF81F, 0xF81F, 0xF81F, 0xF81F, 0x6399, 0x5B58, 0x5B58,
  0x5B58, 0x5B58, 0x5B58, 0x5B58, 0x5B58, 0x5B58, 0x5B58, 0x5B57,
  0x6BD8, 0x7C39, 0x7C39, 0x7439, 0x5B58, 0x5B58, 0x5B58, 0x5B58,
  0x5B58, 0x5B58, 0x5B58, 0x5B58, 0x5B58, 0x5B57, 0x63BA, 0x5B58,
  0xF81F, 0xF81F, 0x5B78, 0x5B58, 0x5B58, 0x5B58, 0x5B58, 0x5B57,
  0x5B78, 0x5B58, 0xF81F, 0xF81F, 0x5B57, 0x6399, 0x5B58, 0x5B58,
  0x5B58, 0x5B58, 0x5B57, 0x6399, 0xF81F, 0xF81F, 0xF81F, 0xF81F,
  0xF81F, 0xF81F, 0xF81F, 0xF81F, 0xF81F, 0x6399, 0x5B58, 0x5B58,
  0x5B58, 0x5B58, 0x5B58, 0x5B58, 0x5B58, 0x5B58, 0x5B58, 0x5B58,
  0x5B37, 0x5337, 0x5337, 0x5337, 0x5B58, 0x5B58, 0x5B58, 0x5B58,
  0x5B58, 0x5B58, 0x5B58, 0x5B58, 0x5B58, 0x5B57, 0x63BA, 0x5B58,
  0xF81F, 0xF81F, 0x5B78, 0x5B58, 0x5B58, 0x5B58, 0x5B58, 0x5B57,
  0x5B78, 0x5B58, 0xF81F, 0xF81F, 0x5B58, 0x6399, 0x5B58, 0x5B58,
  0x5B58, 0x5B57, 0x6399, 0x5B57, 0xF81F, 0xF81F, 0xF81F, 0xF81F,
  0xF81F, 0xF81F, 0xF81F, 0xF81F, 0xF81F, 0x6399, 0x5B58, 0x5B58,
  0x5B58, 0x5B58, 0x5B58, 0x5B58, 0x5B58, 0x5B58, 0x5B58, 0x5B58,
  0x5B78, 0x5B78, 0x5B78, 0x5B78, 0x5B58, 0x5B58, 0x5B58, 0x5B58,
  0x5B58, 0x5B58, 0x5B58, 0x5B58, 0x5B58, 0x5B57, 0x63BA, 0x5B58,
  0xF81F, 0xF81F, 0x5B78, 0x5B58, 0x5B58, 0x5B58, 0x5B58, 0x5B57,
  0x5B78, 0x5B58, 0xF81F, 0xF81F, 0x5B57, 0x6BDB, 0x6399, 0x6399,
  0x6399, 0x6399, 0x5B78, 0xF81F, 0xF81F, 0xF81F, 0xF81F, 0xF81F,
  0xF81F, 0xF81F, 0xF81F, 0xF81F, 0xF81F, 0x6399, 0x5B58, 0x5B58,
  0x5B58, 0x5B58, 0x5B58, 0x5B58, 0x5B58, 0x5B58, 0x5B58, 0x5B58,
  0x5B58, 0x5B58, 0x5B58, 0x5B58, 0x5B58, 0x5B58, 0x5B58, 0x5B58,
  0x5B58, 0x5B58, 0x5B58, 0x5B58, 0x5B58, 0x5B57, 0x63BA, 0x5B58,
  0xF81F, 0xF81F, 0x5B78, 0x5B58, 0x5B58, 0x5B58, 0x5B58, 0x5B57,
  0x5B78, 0x5B57, 0xF81F, 0xF81F, 0xF81F, 0x6399, 0x5B57, 0x5B57,
  0x5B58, 0x5B78, 0xF81F, 0xF81F, 0xF81F, 0xF81F, 0xF81F, 0xF81F,
  0xF81F, 0xF81F, 0xF81F, 0xF81F, 0xF81F, 0x6399, 0x5B58, 0x5B58,
  0x5B58, 0x5B58, 0x5B58, 0x5B58, 0x5B58, 0x5B58, 0x5B58, 0x5B58,
  0x5B58, 0x5B58, 0x5B58, 0x5B58, 0x5B58, 0x5B58, 0x5B58, 0x5B58,
  0x5B58, 0x5B58, 0x5B58, 0x5B58, 0x5B58, 0x5B57, 0x63BA, 0x5B58,
  0xF81F, 0xF81F, 0x5B78, 0x5B58, 0x5B58, 0x5B58, 0x5B58, 0x5B57,
  0x6399, 0x5B58, 0xF81F, 0xF81F, 0xF81F, 0xF81F, 0xF81F, 0xF81F,
  0xF81F, 0xF81F, 0xF81F, 0xF81F, 0xF81F, 0xF81F, 0xF81F, 0xF81F,
  0xF81F, 0xF81F, 0xF81F, 0xF81F, 0xF81F, 0x6399, 0x5B58, 0x5B58,
  0x5B58, 0x5B58, 0x5B58, 0x5B58, 0x5B58, 0x5B58, 0x5B58, 0x5B58,
  0x5B58, 0x5B58, 0x5B58, 0x5B58, 0x5B58, 0x5B58, 0x5B58, 0x5B58,
  0x5B58, 0x5B58, 0x5B58, 0x5B58, 0x5B58, 0x5B57, 0x63BA, 0x5B58,
  0xF81F, 0xF81F, 0x5B78, 0x5B58, 0x5B58, 0x5B58, 0x5B57, 0x6399,
  0x5B78, 0xF81F, 0xF81F, 0xF81F, 0xF81F, 0xF81F, 0xF81F, 0xF81F,
  0xF81F, 0xF81F, 0xF81F, 0xF81F, 0xF81F, 0xF81F, 0xF81F, 0xF81F,
  0xF81F, 0xF81F, 0xF81F, 0xF81F, 0xF81F, 0x6399, 0x5B58, 0x5B58,
  0x5B58, 0x5B58, 0x5B58, 0x5B58, 0x5B58, 0x5B58, 0x5B58, 0x5B58,
  0x5B58, 0x5B58, 0x5B58, 0x5B58, 0x5B58, 0x5B58, 0x5B58, 0x5B58,
  0x5B58, 0x5B58, 0x5B58, 0x5B58, 0x5B58, 0x5B57, 0x63BA, 0x5B58,
  0xF81F, 0xF81F, 0x6399, 0x5B78, 0x5B78, 0x5B78, 0x5B58, 0x5B78,
  0xF81F, 0xF81F, 0xF81F, 0xF81F, 0xF81F, 0xF81F, 0xF81F, 0xF81F,
  0xF81F, 0xF81F, 0xF81F, 0xF81F, 0xF81F, 0xF81F, 0xF81F, 0xF81F,
  0xF81F, 0xF81F, 0xF81F, 0xF81F, 0xF81F, 0x6399, 0x5B58, 0x5B58,
  0x5B58, 0x5B58, 0x5B58, 0x5B58, 0x5B58, 0x5B58, 0x5B58, 0x5B58,
  0x5B58, 0x5B58, 0x5B58, 0x5B58, 0x5B58, 0x5B58, 0x5B58, 0x5B58,
  0x5B58, 0x5B58, 0x5B58, 0x5B58, 0x5B58, 0x5B57, 0x63BA, 0x5B57,
  0xF81F, 0xF81F, 0xF81F, 0xF81F, 0xF81F, 0xF81F, 0xF81F, 0xF81F,
  0xF81F, 0xF81F, 0xF81F, 0xF81F, 0xF81F, 0xF81F, 0xF81F, 0xF81F,
  0xF81F, 0xF81F, 0xF81F, 0xF81F, 0xF81F, 0xF81F, 0xF81F, 0xF81F,
  0xF81F, 0xF81F, 0xF81F, 0xF81F, 0xF81F, 0x6399, 0x5B58, 0x5B58,
  0x5B58, 0x5B58, 0x5B58, 0x5B58, 0x5B58, 0x5B58, 0x5B58, 0x5B58,
  0x5B58, 0x5B58, 0x5B58, 0x5B58, 0x5B58, 0x5B58, 0x5B58, 0x5B58,
  0x5B58, 0x5B58, 0x5B58, 0x5B58, 0x5B58, 0x5B57, 0x63BA, 0x5B57,
  0xF81F, 0xF81F, 0xF81F, 0xF81F, 0xF81F, 0xF81F, 0xF81F, 0xF81F,
  0xF81F, 0xF81F, 0xF81F, 0xF81F, 0xF81F, 0xF81F, 0xF81F, 0xF81F,
  0xF81F, 0xF81F, 0xF81F, 0xF81F, 0xF81F, 0xF81F, 0xF81F, 0xF81F,
  0xF81F, 0xF81F, 0xF81F, 0xF81F, 0xF81F, 0x6BDB, 0x5B78, 0x5B58,
  0x5B57, 0x5B58, 0x5B58, 0x5B57, 0x5B58, 0x5B57, 0x5B58, 0x5B58,
  0x5B58, 0x5B58, 0x5B58, 0x5B58, 0x5B58, 0x5B58, 0x5B58, 0x5B58,
  0x5B58, 0x5B58, 0x5B58, 0x5B58, 0x5B58, 0x5B57, 0x63BA, 0x5B57,
  0xF81F, 0xF81F, 0xF81F, 0xF81F, 0xF81F, 0xF81F, 0xF81F, 0xF81F,
  0xF81F, 0xF81F, 0xF81F, 0xF81F, 0xF81F, 0xF81F, 0xF81F, 0xF81F,
  0xF81F, 0xF81F, 0xF81F, 0xF81F, 0xF81F, 0xF81F, 0xF81F, 0xF81F,
  0xF81F, 0xF81F, 0xF81F, 0xF81F, 0xF81F, 0x6399, 0x5B58, 0x5B58,
  0x6399, 0x6399, 0x6399, 0x6379, 0x5B78, 0x5B78, 0x5B57, 0x5B58,
  0x5B58, 0x5B58, 0x5B57, 0x5B58, 0x5B58, 0x5B58, 0x5B58, 0x5B58,
  0x5B58, 0x5B58, 0x5B58, 0x5B58, 0x5B58, 0x5B57, 0x63BA, 0x5B57,
  0xF81F, 0xF81F, 0xF81F, 0xF81F, 0xF81F, 0xF81F, 0xF81F, 0xF81F,
  0xF81F, 0xF81F, 0xF81F, 0xF81F, 0xF81F, 0xF81F, 0xF81F, 0xF81F,
  0xF81F, 0xF81F, 0xF81F, 0xF81F, 0xF81F, 0xF81F, 0xF81F, 0xF81F,
  0xF81F, 0xF81F, 0xF81F, 0xF81F, 0xF81F, 0xF81F, 0xF81F, 0xF81F,
  0xF81F, 0xF81F, 0x5B57, 0x5B57, 0x5B58, 0x5B58, 0x6399, 0x6399,
  0x6399, 0x5B78, 0x5B78, 0x5B58, 0x5B57, 0x5B58, 0x5B57, 0x5B58,
  0x5B58, 0x5B58, 0x5B58, 0x5B58, 0x5B58, 0x5B57, 0x63BA, 0x5B57,
  0xF81F, 0xF81F, 0xF81F, 0xF81F, 0xF81F, 0xF81F, 0xF81F, 0xF81F,
  0xF81F, 0xF81F, 0xF81F, 0xF81F, 0xF81F, 0xF81F, 0xF81F, 0xF81F,
  0xF81F, 0xF81F, 0xF81F, 0xF81F, 0xF81F, 0xF81F, 0xF81F, 0xF81F,
  0xF81F, 0xF81F, 0xF81F, 0xF81F, 0xF81F, 0xF81F, 0xF81F, 0xF81F,
  0xF81F, 0xF81F, 0xF81F, 0xF81F, 0xF81F, 0xF81F, 0xF81F, 0x5B58,
  0x5B57, 0x5B58, 0x5B58, 0x5B58, 0x6379, 0x6399, 0x6399, 0x5B78,
  0x5B58, 0x5B57, 0x5B57, 0x5B58, 0x5B58, 0x5B58, 0x63B9, 0x5B57,
  0xF81F, 0xF81F, 0xF81F, 0xF81F, 0xF81F, 0xF81F, 0xF81F, 0xF81F,
  0xF81F, 0xF81F, 0xF81F, 0xF81F, 0xF81F, 0xF81F, 0xF81F, 0xF81F,
  0xF81F, 0xF81F, 0xF81F, 0xF81F, 0xF81F, 0xF81F, 0xF81F, 0xF81F,
  0xF81F, 0xF81F, 0xF81F, 0xF81F, 0xF81F, 0xF81F, 0xF81F, 0xF81F,
  0xF81F, 0xF81F, 0xF81F, 0xF81F, 0xF81F, 0xF81F, 0xF81F, 0xF81F,
  0xF81F, 0xF81F, 0xF81F, 0xF81F, 0xF81F, 0x5B57, 0x5B58, 0x5B57,
  0x5B58, 0x6399, 0x6399, 0x6399, 0x6399, 0x5B78, 0x63BA, 0xF81F,
  0xF81F, 0xF81F, 0xF81F, 0xF81F, 0xF81F, 0xF81F, 0xF81F, 0xF81F,
  0xF81F, 0xF81F, 0xF81F, 0xF81F, 0xF81F, 0xF81F, 0xF81F, 0xF81F,
  0xF81F, 0xF81F, 0xF81F, 0xF81F, 0xF81F, 0xF81F, 0xF81F, 0xF81F,
  0xF81F, 0xF81F, 0xF81F, 0xF81F, 0xF81F, 0xF81F, 0xF81F, 0xF81F,
  0xF81F, 0xF81F, 0xF81F, 0xF81F, 0xF81F, 0xF81F, 0xF81F, 0xF81F,
  0xF81F, 0xF81F, 0xF81F, 0xF81F, 0xF81F, 0xF81F, 0xF81F, 0xF81F,
  0xF81F, 0xF81F, 0xF81F, 0x5B58, 0x5B57, 0x5B57, 0x6399, 0x5B57,
  0xF81F, 0xF81F, 0xF81F, 0xF81F, 0xF81F, 0xF81F, 0xF81F, 0xF81F,
  0xF81F, 0xF81F, 0xF81F, 0xF81F, 0xF81F, 0xF81F, 0xF81F, 0xF81F,
  0xF81F, 0xF81F, 0xF81F, 0xF81F, 0xF81F, 0xF81F, 0xF81F, 0xF81F,
  0xF81F, 0xF81F, 0xF81F, 0xF81F, 0xF81F, 0xF81F, 0xF81F, 0xF81F,
  0xF81F, 0xF81F, 0xF81F, 0xF81F, 0xF81F, 0xF81F, 0xF81F, 0xF81F,
  0xF81F, 0xF81F, 0xF81F, 0xF81F, 0xF81F, 0xF81F, 0xF81F, 0xF81F,
  0xF81F, 0xF81F, 0xF81F, 0xF81F, 0xF81F, 0xF81F, 0xF81F, 0xF81F,
  0xF81F, 0xF81F, 0xF81F, 0xF81F, 0xF81F, 0xF81F, 0xF81F, 0xF81F,
  0xF81F, 0xF81F, 0xF81F, 0xF81F, 0xF81F, 0xF81F, 0xF81F, 0xF81F,
  0xF81F, 0xF81F, 0xF81F, 0xF81F, 0xF81F, 0xF81F, 0xF81F, 0xF81F,
  0xF81F, 0xF81F, 0xF81F, 0xF81F, 0xF81F, 0xF81F, 0xF81F, 0xF81F,
  0xF81F, 0xF81F, 0xF81F, 0xF81F, 0xF81F, 0xF81F, 0xF81F, 0xF81F,
  0xF81F, 0xF81F, 0xF81F, 0xF81F, 0xF81F, 0xF81F, 0xF81F, 0xF81F,
  0xF81F, 0xF81F, 0xF81F, 0xF81F, 0xF81F, 0xF81F, 0xF81F, 0xF81F,
  0xF81F, 0xF81F, 0xF81F, 0xF81F, 0xF81F, 0xF81F, 0xF81F, 0xF81F,
  0xF81F, 0xF81F, 0xF81F, 0xF81F, 0xF81F, 0xF81F, 0xF81F, 0xF81F,
  0xF81F, 0xF81F, 0xF81F, 0xF81F, 0xF81F, 0xF81F, 0xF81F, 0xF81F,
  0xF81F, 0xF81F, 0xF81F, 0xF81F, 0xF81F, 0xF81F, 0xF81F, 0xF81F,
  0xF81F, 0xF81F, 0xF81F, 0xF81F, 0xF81F, 0xF81F, 0xF81F, 0xF81F,
  0xF81F, 0xF81F, 0xF81F, 0xF81F, 0xF81F, 0xF81F, 0xF81F, 0xF81F,
  0xF81F, 0xF81F, 0xF81F, 0xF81F, 0xF81F, 0xF81F, 0xF81F, 0xF81F,
  0xF81F, 0xF81F, 0xF81F, 0xF81F, 0xF81F, 0xF81F, 0xF81F, 0xF81F,
  0xF81F, 0xF81F, 0xF81F, 0xF81F, 0xF81F, 0xF81F, 0xF81F, 0xF81F,
  0xF81F, 0xF81F, 0xF81F, 0xF81F, 0xF81F, 0xF81F, 0xF81F, 0xF81F,
  0xF81F, 0xF81F, 0xF81F, 0xF81F, 0xF81F, 0xF81F, 0xF81F, 0xF81F,
  0xF81F, 0xF81F, 0xF81F, 0xF81F, 0xF81F, 0xF81F, 0xF81F, 0xF81F,
  0xF81F, 0xF81F, 0xF81F, 0xF81F, 0xF81F, 0xF81F, 0xF81F, 0xF81F,
  0xF81F, 0xF81F, 0xF81F, 0xF81F, 0xF81F, 0xF81F, 0xF81F, 0xF81F,
  0xF81F, 0xF81F, 0xF81F, 0xF81F, 0xF81F, 0xF81F, 0xF81F, 0xF81F,
  0xF81F, 0xF81F, 0xF81F, 0xF81F, 0xF81F, 0xF81F, 0xF81F, 0xF81F,
  0xF81F, 0xF81F, 0xF81F, 0xF81F, 0xF81F, 0xF81F, 0xF81F, 0xF81F,
  0xF81F, 0xF81F, 0xF81F, 0xF81F, 0xF81F, 0xF81F, 0xF81F, 0xF81F,
  0xF81F, 0xF81F, 0xF81F, 0xF81F, 0xF81F, 0xF81F, 0xF81F, 0xF81F,
  0xF81F, 0xF81F, 0xF81F, 0xF81F, 0xF81F, 0xF81F, 0xF81F, 0xF81F,
  0xF81F, 0xF81F, 0xF81F, 0xF81F, 0xF81F, 0xF81F, 0xF81F, 0xF81F,
  0xF81F, 0xF81F, 0xF81F, 0xF81F, 0xF81F, 0xF81F, 0xF81F, 0xF81F,
  0xF81F, 0xF81F, 0xF81F, 0xF81F, 0xF81F, 0xF81F, 0xF81F, 0xF81F,
  0xF81F, 0xF81F, 0xF81F, 0xF81F, 0xF81F, 0xF81F, 0xF81F, 0xF81F,
};
